{"type":"Topology","transform":{"scale":[1.0E-6,1.0E-6],"translate":[-73.24970316181995,42.61522719740184]},"objects":{"MA":{"geometries":[{"arcs":[[8,9,10,11,12,13,14]],"id":68,"type":"Polygon","properties":{"bound":{"minx":-73.31113603976527,"miny":42.48346044492782,"maxx":-73.16789060895663,"maxy":42.58990759009255},"Geoid10":"25003911100"}},{"arcs":[[15,16,17,18,19,20,21]],"id":71,"type":"Polygon","properties":{"bound":{"minx":-73.30681255053669,"miny":42.626670482251676,"maxx":-73.16880463670557,"maxy":42.72562500781242},"Geoid10":"25003920102"}},{"arcs":[[22,23,-8,-3,-4,-5,-1,-2,-7,24,-6,25]],"id":177,"type":"Polygon","properties":{"bound":{"minx":-73.4108102277542,"miny":42.35065308204505,"maxx":-73.17173762379588,"maxy":42.63468270640448},"Geoid10":"25003935100"}}],"type":"GeometryCollection"}},"arcs":[[[-81112,-263268],[-2846,16939],[4356,226],[-167,9037],[8585,-16],[-1815,10867],[-400,2881],[11997,130],[2713,14643],[11878,-2012],[1183,7211]],[[-91285,-263351],[3420,35],[1754,-36],[4999,84]],[[-81556,-197838],[-7650,1176],[19366,74871],[4430,-490],[785,2551],[20,247],[1868,6313],[698,2551]],[[-62887,-200699],[-18669,2861]],[[-45628,-203362],[-17259,2663]],[[78124,13479],[-69806,2030],[-8166,160],[-15933,561],[42,-29],[-41541,1217]],[[-161139,-263489],[69854,138]],[[-62039,-110619],[5985,9422],[12325,19242],[20358,31902],[331,438],[282,534],[2118,3433],[12064,18987],[8154,-1332],[160,-48],[39075,-6496],[8080,-1399],[1006,-73]],[[47899,-36009],[-863,-1425],[-1623,-2368],[-6310,-9730],[4945,-820],[1115,-137],[-4897,-7647],[5904,-1072],[-3701,-5839],[-4835,-7784],[24600,-3782],[-454,-747],[-1584,-2370],[-7611,-11333],[-168,-194],[-1483,-2400],[-1322,-1839],[-720,-1152],[1336,-242],[6317,-941],[4724,-780],[-1132,-1827],[23763,-3857]],[[83900,-104295],[-4055,-6378],[-997,-1480],[-11344,-17659]],[[67504,-129812],[-22512,3343],[-2952,465],[-2775,378],[-3688,554]],[[35577,-125072],[-67624,10017]],[[-32047,-115055],[-29992,4436]],[[-62039,-110619],[5985,9422],[12325,19242],[20358,31902],[331,438],[282,534],[2118,3433],[12064,18987],[8154,-1332],[160,-48],[39075,-6496],[8080,-1399],[1006,-73]],[[47899,-36009],[0,0]],[[73509,86019],[-1066,-14209],[2246,-102],[478,-60],[1258,-64],[1557,-16],[915,-59],[2002,-31],[1033,-52],[-1986,-26481]],[[79946,44945],[-1144,-19629],[-307,-6085]],[[78495,19231],[-371,-5752]],[[78124,13479],[-69806,2030],[-8166,160],[-15933,561],[42,-29],[-41541,1217]],[[-57280,17418],[13097,34806],[20726,56403]],[[-23457,108627],[2390,254],[543,5],[549,-68],[551,-209],[972,-854],[736,-493],[776,-592],[1053,-1061],[493,-723],[423,-459],[483,-316],[304,-111],[1027,-244],[413,-186],[244,-167],[335,-368],[1015,-1357],[185,-475],[149,-702],[-5,-206],[-154,-751],[27,-296],[144,-310],[212,-268],[1231,-1115],[1622,-1102],[1086,-843],[452,-276],[657,-325],[1327,-514],[239,-152],[911,-759],[352,-236],[194,-80],[410,-109],[355,-39],[386,11],[733,95],[568,11],[455,-77],[285,-98],[384,-226],[655,-683],[474,-351],[542,-195],[1047,-175],[304,-92],[426,-218],[873,-701],[312,-194],[315,-128],[1390,-337],[1262,-543],[431,-291],[507,-557],[742,-905],[432,-453],[1224,-960],[222,-297],[122,-399],[24,-2176],[-642,62],[-308,-9],[118,-242],[77,-72],[742,-32],[-30,-330],[-95,-273],[-1132,-2371],[-285,-783],[-308,-1455],[25,-572],[305,-1157],[145,-394],[272,-501],[406,-621],[283,-366],[476,-422],[528,-313],[230,-96],[613,-152],[1147,-138],[698,-153],[929,-352],[747,-449],[253,145],[217,59],[449,47],[216,78],[402,188],[477,307],[186,74],[263,36],[936,1796],[660,1557],[1160,2206],[1430,2529],[722,2506],[164,460],[232,469],[279,362],[1187,1281],[247,385],[152,491],[180,898],[656,4696],[266,708],[341,570],[458,639],[316,291],[202,130],[1603,839],[603,213],[1242,260],[657,200],[699,408],[1179,891],[163,80],[497,161],[2014,450],[262,128],[232,158],[230,88],[232,1],[1494,-307],[-18,-149],[2541,-545],[1866,-363],[4113,-1135],[4226,-833],[470,-157],[454,-265],[1464,-1112],[1909,-1328],[899,-665],[316,-299],[1768,-1910],[498,-481],[577,-442],[2481,-1503],[723,-390],[390,-159],[661,-188],[742,-98],[6971,-427]],[[73509,86019],[0,0]],[[78124,13479],[-2703,-30199]],[[75421,-16720],[-30104,7569],[4678,-16104],[-2096,-10754]],[[-161139,-263489],[5217,14195],[3405,9152],[1786,4634],[2886,7900],[9084,24366],[5504,15005],[7765,20931],[645,2117],[4727,12669],[63,256],[4897,12768],[320,1136],[1232,3056],[544,2032],[704,1280],[5170,15125],[863,1658],[3504,9984],[635,1592],[4589,12560],[2439,6488],[1072,2656],[838,2460],[13882,37427],[6368,17024],[1456,4208],[5072,13328],[6348,17335],[2844,7565]],[[78124,13479],[0,0]]]}