{"type":"Topology","transform":{"scale":[1.0E-6,1.0E-6],"translate":[-73.23036765760645,42.703161587859434]},"objects":{"MA":{"geometries":[{"arcs":[[1,2,3,4,5,6,7]],"id":71,"type":"Polygon","properties":{"bound":{"minx":-73.30681255053669,"miny":42.626670482251676,"maxx":-73.16880463670557,"maxy":42.72562500781242},"Geoid10":"25003920102"}},{"arcs":[[8,9,-1,10,11]],"id":72,"type":"Polygon","properties":{"bound":{"minx":-73.27211152509706,"miny":42.6866161044582,"maxx":-73.16365751282387,"maxy":42.74744076026252},"Geoid10":"25003920101"}}],"type":"GeometryCollection"}},"arcs":[[[-42793,20693],[2390,254],[543,5],[549,-68],[551,-209],[972,-854],[736,-493],[776,-592],[1053,-1061],[493,-723],[423,-459],[483,-316],[304,-111],[1027,-244],[413,-186],[244,-167],[335,-368],[1015,-1357],[185,-475],[149,-702],[-5,-206],[-154,-751],[27,-296],[144,-310],[212,-268],[1231,-1115],[1622,-1102],[1086,-843],[452,-276],[657,-325],[1327,-514],[239,-152],[911,-759],[352,-236],[194,-80],[410,-109],[355,-39],[386,11],[733,95],[568,11],[456,-77],[285,-98],[384,-226],[655,-683],[474,-351],[542,-195],[1047,-175],[304,-92],[426,-218],[873,-701],[312,-194],[315,-128],[1390,-337],[1262,-543],[431,-291],[507,-557],[742,-904],[432,-453],[1224,-960],[222,-297],[122,-399],[24,-2176],[-642,62],[-308,-9],[118,-242],[77,-72],[742,-32],[-30,-330],[-95,-273],[-1132,-2371],[-285,-783],[-308,-1455],[25,-572],[305,-1157],[145,-394],[272,-501],[406,-621],[283,-366],[476,-422],[528,-313],[230,-96],[613,-152],[1147,-138],[698,-153],[929,-352],[747,-449],[253,145],[217,59],[449,47],[216,78],[402,188],[477,307],[185,74],[263,36],[936,1796],[660,1557],[1160,2206],[1430,2529],[722,2506],[164,460],[232,469],[279,362],[1187,1281],[247,385],[152,491],[180,898],[656,4695],[266,708],[341,570],[458,639],[316,291],[202,130],[1603,839],[603,213],[1242,260],[657,200],[699,408],[1179,891],[163,80],[497,161],[2014,450],[262,128],[232,158],[230,88],[232,1],[1494,-307],[-18,-149],[2541,-545],[1866,-363],[4113,-1135],[4226,-833],[470,-157],[454,-265],[1464,-1112],[1909,-1328],[899,-665],[316,-299],[1768,-1910],[498,-481],[577,-442],[2481,-1502],[723,-390],[390,-159],[661,-188],[742,-98],[6971,-427]],[[54173,-1914],[-1066,-14209],[2246,-102],[478,-60],[1258,-64],[1557,-16],[915,-59],[2002,-31],[1033,-52],[-1986,-26481]],[[60610,-42988],[-1144,-19629],[-307,-6085]],[[59159,-68702],[-371,-5752]],[[58788,-74454],[-69805,2030],[-8166,160],[-15934,561],[42,-29],[-41541,1217]],[[-76616,-70515],[13097,34806],[20726,56402]],[[-42793,20693],[2390,254],[543,5],[549,-68],[551,-209],[972,-854],[736,-493],[776,-592],[1053,-1061],[493,-723],[423,-459],[483,-316],[304,-111],[1027,-244],[413,-186],[244,-167],[335,-368],[1015,-1357],[185,-475],[149,-702],[-5,-206],[-154,-751],[27,-296],[144,-310],[212,-268],[1231,-1115],[1622,-1102],[1086,-843],[452,-276],[657,-325],[1327,-514],[239,-152],[911,-759],[352,-236],[194,-80],[410,-109],[355,-39],[386,11],[733,95],[568,11],[456,-77],[285,-98],[384,-226],[655,-683],[474,-351],[542,-195],[1047,-175],[304,-92],[426,-218],[873,-701],[312,-194],[315,-128],[1390,-337],[1262,-543],[431,-291],[507,-557],[742,-904],[432,-453],[1224,-960],[222,-297],[122,-399],[24,-2176],[-642,62],[-308,-9],[118,-242],[77,-72],[742,-32],[-30,-330],[-95,-273],[-1132,-2371],[-285,-783],[-308,-1455],[25,-572],[305,-1157],[145,-394],[272,-501],[406,-621],[283,-366],[476,-422],[528,-313],[230,-96],[613,-152],[1147,-138],[698,-153],[929,-352],[747,-449],[253,145],[217,59],[449,47],[216,78],[402,188],[477,307],[185,74],[263,36],[936,1796],[660,1557],[1160,2206],[1430,2529],[722,2506],[164,460],[232,469],[279,362],[1187,1281],[247,385],[152,491],[180,898],[656,4695],[266,708],[341,570],[458,639],[316,291],[202,130],[1603,839],[603,213],[1242,260],[657,200],[699,408],[1179,891],[163,80],[497,161],[2014,450],[262,128],[232,158],[230,88],[232,1],[1494,-307],[-18,-149],[2541,-545],[1866,-363],[4113,-1135],[4226,-833],[470,-157],[454,-265],[1464,-1112],[1909,-1328],[899,-665],[316,-299],[1768,-1910],[498,-481],[577,-442],[2481,-1502],[723,-390],[390,-159],[661,-188],[742,-98],[6971,-427]],[[54173,-1914],[0,0]],[[66801,40821],[-2338,-32151]],[[64463,8670],[-9469,452],[-821,-11036]],[[-42793,20693],[8204,22085],[15403,-110],[4329,-320],[81658,-1527]],[[66801,40821],[0,0]]]}