{"type":"Topology","transform":{"scale":[1.0E-6,1.0E-6],"translate":[-72.73210887391392,42.66099370811876]},"objects":{"MA":{"geometries":[{"arcs":[[13,14,-12,15,16,17,-13,18,19,20,21]],"id":73,"type":"Polygon","properties":{"bound":{"minx":-73.09501754860416,"miny":42.540074697564506,"maxx":-72.94964855701139,"maxy":42.7427729188945}}},{"arcs":[[22,-5,-10,-9,23,-11,24,25]],"id":554,"type":"Polygon","properties":{"bound":{"minx":-73.01976300705115,"miny":42.5393584971572,"maxx":-72.62137317679863,"maxy":42.745720859571705}}},{"arcs":[[-3,-2,-8,-7,-6,-4,-1,26,27]],"id":555,"type":"Polygon","properties":{"bound":{"minx":-72.67238252921608,"miny":42.595130000964815,"maxx":-72.46631264978795,"maxy":42.734815857642594}}}],"type":"GeometryCollection"}},"arcs":[[[57531,71895],[1846,-9843],[347,-636],[-27,-834],[458,-2067],[360,-741],[1712,-1686],[267,-582],[-11,-1040],[-549,-2148],[-479,-310],[-1440,-380],[-473,-1737],[-898,-186],[-1028,-2389],[528,-158],[2573,-6],[822,-238],[127,-663],[-364,-1748],[118,-2056],[995,-889],[1553,-819],[1043,-923],[838,-306],[638,-605],[440,-1392],[1539,-1242],[83,-1210],[342,-262],[998,-1494],[-447,-584],[268,-959],[699,-444],[1505,-557],[3133,-713],[1942,-1298],[204,-651],[-1200,-2081],[-29,-571],[839,-433],[2961,-416],[435,-365],[25,-240],[-592,-1178],[-1688,-208],[-865,-608],[-275,-880],[-28,-925],[1979,-989],[506,-411],[391,-913],[302,-1827],[451,-559],[2003,-1150],[3210,-690],[869,-558],[2700,-1183],[638,-627],[966,-1551],[404,-285],[589,-170],[3580,-359],[637,-547],[1000,-1574],[1720,-1457],[-32,-920],[424,-172],[1225,-107],[683,-364],[126,-571],[-382,-1291],[-370,-447],[-1206,-744],[-59,-583],[466,-375],[1829,-557],[3404,-626],[1046,-771],[762,-843],[857,-1392],[157,-686],[-339,-331],[-835,-390],[-400,-903],[1339,-1963],[174,-902],[1209,-432],[1129,482],[590,-307],[208,-739],[509,-665],[977,-524],[235,-651],[-1019,-938],[-106,-583],[158,-155]],[[235037,-63424],[641,447],[5430,5992]],[[241108,-56985],[960,1187],[1463,2573],[1162,744],[3592,1308],[1854,1596],[419,595],[1622,3999],[31,1190],[-519,2107],[-7439,12185],[-1239,1645],[-454,1045],[311,1282],[516,906],[1526,1755],[4332,3493],[1938,1341],[8115,4399],[2430,1836],[3832,3303],[1164,1186],[232,625],[-75,1900],[-129,577],[-718,1291],[-4271,4511],[-1137,1782],[-567,4564],[238,1169],[-3276,733],[-703,-156],[-986,1700],[-1942,2503],[-1952,2170],[-1834,1043],[-2550,-632],[-307,-1722],[-1184,-2469],[-2832,758],[-737,5965],[-6120,-1455],[-20540,49990]],[[111480,-14106],[24612,2773],[42698,5109]],[[99166,-15630],[12314,1524]],[[178790,-6224],[9669,1091],[-421,-595],[3494,422],[-442,-1842],[-68,-1890],[260,-501],[930,-691],[-966,-1131],[-425,-1034],[297,-676],[11,-718],[657,-1254],[-102,-977],[-287,-156],[-306,129],[-611,-37],[-360,347],[-238,24],[-1062,-734],[-752,-296],[-599,-93],[-563,150],[-858,-33],[-934,-1039],[-761,-1276],[-1294,-746],[-75,-1537],[297,-965],[-184,-701],[211,-702],[605,-980],[637,-545],[657,-232],[196,-394],[-426,-926],[-1139,-1589],[-507,-388],[-934,-205],[-408,-837],[-845,-509],[-216,-419],[-22,-361],[527,-709],[71,-447],[-1056,-1802],[773,-552],[1547,44],[580,-681],[-275,-394],[-948,-698],[-173,-433],[491,-1759],[-188,-1782],[619,-838],[-481,-1758],[386,-623],[-781,-901],[-2089,-1513],[-576,-1801],[89,-1081]],[[179422,-48798],[4,-1337],[754,-1056],[2507,-2330],[2381,-1328],[901,-778],[358,-603],[414,-1961],[-89,-2870],[177,-1384],[640,-1058],[1167,-707],[1678,-379],[696,-5],[1926,352]],[[192936,-64242],[7263,2595],[3022,1488],[5121,3081],[1695,480],[1479,107],[7210,-195],[106,141],[6972,-792],[676,-629],[122,-1074],[1050,-2063],[1460,-1400],[2690,-1719],[1685,86],[1550,712]],[[-144839,-119780],[-29,14243],[28477,3606]],[[-116391,-101931],[16752,57565],[8087,1998],[1181,173],[1816,-209],[3706,-1448],[1910,-391],[2539,32],[1556,220],[2420,-3],[5423,-374],[5208,983],[8957,2552],[5404,1136],[5187,-239],[5512,-922],[8560,-707],[2302,339],[2751,107],[3879,953],[1251,152],[1042,-355],[877,-565],[2038,-1827],[547,-182],[1211,-12],[2031,858],[1073,775],[-251,1673],[-1361,1377],[-104,856],[275,594],[809,611],[1003,1332],[1548,998],[2072,369],[1486,-227],[1456,52],[177,-181],[1281,-104],[-145,1899],[689,1778],[-3,627],[263,780],[709,557],[366,526],[102067,12175]],[[-290794,80139],[-806,-38443],[25831,-1426],[48136,3839],[973,-966],[-138,-888],[-901,-1574],[-796,-680],[-929,-414],[-2244,-1995],[-43,-429],[2192,-2650],[124,-1413],[-451,-1421],[-1704,-1932],[-949,-635],[-2796,41],[-982,-144],[-2469,-1539],[-1219,-577],[-1082,-232],[-2090,-5],[-6057,1358],[-1938,-55],[-1464,-293],[-1318,-2298],[-1541,-701],[528,-2608],[1562,-2535],[-82,-797],[-619,-608],[-4649,-67],[-1783,183],[-2270,-44],[-2070,-218],[-2452,-459],[-373,-289],[1212,-2402],[135,-984],[-223,-401],[-1442,-312],[-4836,254],[-794,-580],[85,-452],[1207,-1238],[5837,-4787],[3671,-1488],[2446,-550],[1400,-546],[2116,-1428],[2086,-1822],[1186,-564],[552,-8],[535,213],[837,591],[1350,1325],[2174,896],[1912,288],[2097,-241],[2211,267],[767,565],[913,2009],[1452,504],[3838,-529],[1937,-930],[471,-825],[111,-2712],[-1213,-3927],[153,-3805],[1444,-3186],[501,-380],[818,-167],[1787,-9860],[-11350,-39027],[-12990,-46046]],[[-353315,-101492],[106443,-17870]],[[-329717,14270],[-1455,-20560]],[[-290794,80139],[-806,-38443],[25831,-1426],[48136,3839],[973,-966],[-138,-888],[-901,-1574],[-796,-680],[-929,-414],[-2244,-1995],[-43,-429],[2192,-2650],[124,-1413],[-451,-1421],[-1704,-1932],[-949,-635],[-2796,41],[-982,-144],[-2469,-1539],[-1219,-577],[-1082,-232],[-2090,-5],[-6057,1358],[-1938,-55],[-1464,-293],[-1318,-2298],[-1541,-701],[528,-2608],[1562,-2535],[-82,-797],[-619,-608],[-4649,-67],[-1783,183],[-2270,-44],[-2070,-218],[-2452,-459],[-373,-289],[1212,-2402],[135,-984],[-223,-401],[-1442,-312],[-4836,254],[-794,-580],[85,-452],[1207,-1238],[5837,-4787],[3671,-1488],[2446,-550],[1400,-546],[2116,-1428],[2086,-1822],[1186,-564],[552,-8],[535,213],[837,591],[1350,1325],[2174,896],[1912,288],[2097,-241],[2211,267],[767,565],[913,2009],[1452,504],[3838,-529],[1937,-930],[471,-825],[111,-2712],[-1213,-3927],[153,-3805],[1444,-3186],[501,-380],[818,-167],[1787,-9860],[-11350,-39027],[-12990,-46046]],[[-243270,-105060],[-3752,-14240],[150,-62]],[[-353315,-101492],[-10129,1739],[15067,12383],[-3826,21103]],[[-352203,-66267],[16764,-706],[1290,18341]],[[-334149,-48632],[2977,42342]],[[-329717,14270],[1396,20265],[193,200],[764,12666]],[[-327364,47401],[10955,33097]],[[-316409,80498],[25615,-359]],[[-290794,80139],[0,0]],[[57531,71895],[1846,-9843],[347,-636],[-27,-834],[458,-2067],[360,-741],[1712,-1686],[267,-582],[-11,-1040],[-549,-2148],[-479,-310],[-1440,-380],[-473,-1737],[-898,-186],[-1028,-2389],[528,-158],[2573,-6],[822,-238],[127,-663],[-364,-1748],[118,-2056],[995,-889],[1553,-819],[1043,-923],[838,-306],[638,-605],[440,-1392],[1539,-1242],[83,-1210],[342,-262],[998,-1494],[-447,-584],[268,-959],[699,-444],[1505,-557],[3133,-713],[1942,-1298],[204,-651],[-1200,-2081],[-29,-571],[839,-433],[2961,-416],[435,-365],[25,-240],[-592,-1178],[-1688,-208],[-865,-608],[-275,-880],[-28,-925],[1979,-989],[506,-411],[391,-913],[302,-1827],[451,-559],[2003,-1150],[3210,-690],[869,-558],[2700,-1183],[638,-627],[966,-1551],[404,-285],[589,-170],[3580,-359],[637,-547],[1000,-1574],[1720,-1457],[-32,-920],[424,-172],[1225,-107],[683,-364],[126,-571],[-382,-1291],[-370,-447],[-1206,-744],[-59,-583],[466,-375],[1829,-557],[3404,-626],[1046,-771],[762,-843],[857,-1392],[157,-686],[-339,-331],[-835,-390],[-400,-903],[1339,-1963],[174,-902],[1209,-432],[1129,482],[590,-307],[208,-739],[509,-665],[977,-524],[235,-651],[-1019,-938],[-106,-583],[158,-155]],[[-144839,-119780],[-37599,5492],[-60832,9228]],[[-290794,80139],[99340,-1969],[114450,-2583],[134535,-3692]],[[57531,71895],[0,0]],[[57531,71895],[50042,-1255],[8042,-345],[17855,-365],[81864,-2393]],[[215334,67537],[0,0]]]}