{"type":"Topology","transform":{"scale":[1.0E-6,1.0E-6],"translate":[-72.52356041098793,42.63859740000857]},"objects":{"MA":{"geometries":[{"arcs":[[13,14,15,16]],"id":551,"type":"Polygon","properties":{"bound":{"minx":-72.51476119312332,"miny":42.60380160460563,"maxx":-72.37839136932594,"maxy":42.72966443774247},"Geoid10":"25011040300"}},{"arcs":[[17,-11,-13,-12,-7,-10,18,-4,19,20]],"id":552,"type":"Polygon","properties":{"bound":{"minx":-72.50244931838456,"miny":42.50018160405796,"maxx":-72.27263079748721,"maxy":42.72644986845685},"Geoid10":"25011040400"}},{"arcs":[[-3,-2,-9,-8,-6,-5,-1,21,22]],"id":555,"type":"Polygon","properties":{"bound":{"minx":-72.67238252921608,"miny":42.595130000964815,"maxx":-72.46631264978795,"maxy":42.734815857642594},"Geoid10":"25011040200"}}],"type":"GeometryCollection"}},"arcs":[[[-151016,94291],[1753,-9151],[93,-692],[41,-179],[118,-91],[188,-366],[-27,-834],[158,-799],[251,-753],[49,-515],[157,-433],[203,-308],[887,-797],[825,-889],[157,-263],[110,-319],[-11,-1040],[-170,-286],[-76,-240],[-213,-983],[-13,-491],[-77,-148],[-170,-161],[-309,-149],[-1084,-197],[-155,-46],[-201,-137],[-169,-275],[-19,-294],[59,-144],[-7,-121],[-92,-149],[-106,-503],[-139,-251],[-139,-81],[-650,-35],[-109,-70],[-368,-731],[-184,-560],[-184,-366],[-61,-240],[-139,-183],[-62,-35],[-30,-274],[218,-102],[310,-56],[2092,15],[481,-21],[387,-57],[296,-91],[139,-90],[94,-206],[33,-457],[-274,-1006],[-90,-742],[-9,-1474],[48,-342],[79,-240],[482,-524],[513,-365],[419,-261],[1134,-558],[576,-432],[171,-251],[296,-240],[310,-136],[528,-170],[280,-205],[358,-400],[180,-247],[103,-757],[157,-388],[638,-581],[528,-342],[373,-319],[78,-205],[5,-1005],[93,-103],[78,-23],[171,-136],[749,-1209],[249,-285],[-61,-138],[-309,-275],[-77,-171],[1,-377],[110,-354],[157,-228],[279,-240],[420,-204],[1505,-557],[496,-102],[419,-159],[435,-100],[371,-35],[1024,-192],[388,-125],[310,-136],[653,-467],[124,-57],[855,-638],[203,-479],[1,-172],[-399,-869],[-570,-755],[-231,-457],[-60,-309],[31,-262],[63,-92],[455,-259],[321,-82],[233,-10],[883,-182],[729,-89],[480,-91],[636,-44],[248,-125],[187,-240],[25,-240],[-23,-102],[-216,-321],[-184,-514],[-169,-241],[-232,-91],[-248,-47],[-1208,-70],[-278,-218],[-448,-241],[-139,-149],[-214,-594],[-61,-286],[-43,-360],[15,-565],[47,-69],[140,-91],[372,-113],[513,-364],[357,-171],[550,-181],[506,-411],[171,-297],[220,-616],[33,-366],[188,-616],[81,-845],[78,-148],[155,-137],[218,-274],[730,-501],[870,-478],[403,-171],[962,-261],[976,-157],[202,-46],[31,-34],[713,-90],[326,-102],[465,-330],[404,-228],[1164,-546],[1241,-477],[295,-160],[451,-376],[187,-251],[405,-719],[561,-832],[202,-183],[202,-102],[589,-170],[372,-45],[1301,-55],[1520,-185],[387,-74],[333,-321],[304,-226],[171,-251],[125,-308],[704,-1015],[525,-445],[559,-364],[636,-648],[64,-151],[1,-103],[-95,-215],[-40,-386],[38,-65],[196,-106],[228,-66],[183,-14],[103,29],[939,-122],[403,-136],[280,-228],[109,-262],[17,-309],[-183,-834],[-199,-457],[-370,-447],[-1206,-744],[-60,-206],[1,-377],[466,-376],[341,-137],[434,-102],[1054,-318],[1255,-248],[481,-68],[573,-171],[155,-22],[500,17],[440,-134],[580,-360],[466,-411],[762,-843],[435,-652],[422,-740],[125,-331],[32,-355],[-123,-182],[-216,-149],[-557,-219],[-278,-171],[-201,-241],[-123,-239],[-76,-196],[0,-227],[100,-205],[663,-822],[576,-936],[79,-228],[1,-537],[94,-137],[403,-239],[156,-57],[650,-136],[495,138],[201,104],[201,45],[0,80],[155,115],[77,0],[93,-57],[32,-114],[325,-56],[140,-80],[208,-739],[307,-448],[202,-217],[264,-182],[434,-114],[279,-228],[125,-182],[125,-286],[-15,-183],[-293,-411],[-726,-527],[-107,-228],[1,-355],[158,-155]],[[26489,-41028],[641,447],[682,780],[505,681],[847,810],[922,1076],[1905,1938],[569,707]],[[32560,-34589],[284,337],[318,303],[358,547],[597,1187],[324,458],[542,928],[580,438],[582,306],[912,352],[1858,593],[822,363],[965,754],[889,842],[278,450],[141,145],[1622,3999],[-27,196],[58,994],[-270,1341],[-155,563],[-94,203],[-1405,2424],[-611,962],[-761,1073],[-933,1485],[-1081,1786],[-1253,2181],[-1395,2274],[-788,974],[-451,671],[-265,490],[-189,555],[-6,386],[317,896],[415,677],[101,229],[384,427],[395,520],[747,808],[1141,1004],[1425,1030],[1766,1458],[296,182],[919,710],[723,449],[7506,4109],[609,290],[629,435],[1801,1401],[3832,3303],[703,668],[461,518],[232,625],[65,656],[-140,1244],[-129,577],[-358,760],[-360,531],[-337,406],[-1065,1042],[-2869,3064],[-379,477],[-293,453],[-465,852],[-159,554],[-89,634],[-68,1155],[-150,1545],[-101,676],[67,534],[171,635],[-2584,558],[-692,175],[-703,-156],[-986,1700],[-1942,2503],[-1952,2170],[-1834,1043],[-2550,-632],[-197,-1284],[-110,-438],[-1184,-2469],[-2832,758],[-737,5965],[-2703,-665],[-3417,-790],[-403,819],[-387,1168],[-2508,6159],[-17242,41844]],[[111545,86837],[643,-1718],[3092,-7616],[995,-2315],[2616,-6684],[226,-446],[9077,-22367],[10,-23],[47,8],[-23,-61],[10515,-25942],[1615,-4169],[195,-312],[1940,-4884],[227,-317],[384,-784],[164,-442],[203,-844],[264,-415],[127,-515],[2567,-6281],[-17837,-3958],[-775,-213],[-10462,-2389],[-33648,-7568],[-12924,-2766],[-701,-216],[-9940,-2214],[398,-2664],[1369,-10839],[-5380,-408],[-237,-73],[-23732,-1991]],[[-97067,8289],[21377,2469],[3235,304],[10221,1248],[195,1],[18492,2233],[2296,251],[11494,1376]],[[-29757,16171],[9669,1091],[-421,-595],[3494,422],[-281,-1043],[-161,-799],[-69,-990],[1,-900],[135,-348],[125,-153],[339,-260],[492,-265],[99,-166],[-13,-89],[-234,-316],[-719,-726],[-254,-507],[-171,-527],[8,-180],[289,-496],[-17,-544],[28,-174],[479,-729],[178,-525],[13,-630],[-26,-178],[-89,-169],[-166,-132],[-121,-24],[-306,129],[-611,-37],[-197,104],[-163,243],[-112,32],[-126,-8],[-214,-89],[-848,-645],[-418,-188],[-334,-108],[-599,-93],[-120,11],[-324,127],[-119,12],[-858,-33],[-85,-60],[-187,-332],[-662,-647],[-494,-920],[-267,-356],[-230,-208],[-363,-246],[-210,-93],[-388,-73],[-73,-51],[-30,-75],[-23,-166],[64,-747],[-92,-354],[-24,-270],[26,-179],[271,-786],[-19,-177],[-130,-254],[-35,-269],[28,-180],[183,-522],[246,-510],[359,-470],[637,-545],[315,-141],[342,-91],[133,-126],[63,-268],[-236,-313],[-108,-445],[-82,-168],[-567,-695],[-572,-894],[-230,-213],[-277,-175],[-232,-62],[-484,-37],[-218,-106],[-181,-235],[-76,-356],[-151,-246],[-248,-198],[-597,-311],[-119,-157],[-97,-262],[-22,-361],[527,-709],[64,-174],[7,-273],[-47,-175],[-218,-424],[-493,-723],[-270,-301],[-28,-179],[119,-156],[164,-134],[274,-179],[216,-83],[364,-6],[471,100],[241,22],[249,-13],[222,-59],[318,-278],[241,-313],[21,-90],[-64,-173],[-211,-221],[-629,-432],[-319,-266],[-100,-165],[-73,-268],[-2,-181],[64,-267],[271,-692],[158,-619],[13,-720],[-91,-445],[-111,-258],[1,-359],[160,-342],[132,-149],[251,-198],[76,-149],[-29,-269],[-117,-441],[-335,-1048],[47,-173],[262,-190],[59,-81],[18,-179],[-101,-160],[-261,-194],[-213,-323],[-206,-224],[-1711,-1172],[-251,-193],[-127,-148],[-195,-526],[-82,-451],[-234,-468],[-65,-356],[89,-1081]],[[63919,-122170],[20034,2159],[-1322,-8175],[314,-61],[6863,-745],[1566,-134],[1582,-235],[18728,-2004],[41306,-4512],[1917,-181],[8564,-1049],[252,41],[1655,-185],[877,30461],[38,372],[231,8165],[116,2234],[-42,295],[172,5829]],[[-29125,-26402],[-91,-683],[95,-654],[335,-529],[419,-527],[590,-538],[1010,-1064],[907,-728],[1330,-664],[1051,-664],[901,-778],[358,-603],[221,-611],[130,-617],[63,-733],[24,-365],[-127,-1669],[14,-836],[177,-1384],[214,-516],[426,-542],[97,-110],[312,-225],[758,-372],[413,-147],[1265,-232],[696,-5],[1926,352]],[[-15611,-41846],[1028,296],[3156,1135],[3079,1164],[3022,1488],[2134,1319],[2987,1762],[309,126],[441,125],[944,229],[1479,107],[438,4],[787,-53],[2004,-65],[2997,27],[984,-108],[106,141],[3575,-318],[638,-148],[1431,-87],[887,-126],[441,-113],[265,-127],[249,-218],[162,-284],[94,-400],[-30,-337],[58,-337],[293,-736],[757,-1327],[500,-553],[960,-847],[1541,-984],[798,-468],[351,-267],[772,-15],[913,101],[663,239],[887,473]],[[26489,-41028],[693,-673],[222,-598],[4,-1156],[-297,-1067],[26,-200],[307,-401],[387,-286],[356,-164],[296,-295],