{"type":"Topology","transform":{"scale":[1.0E-6,1.0E-6],"translate":[-70.78142458120246,41.428962508315905]},"objects":{"MA":{"geometries":[{"arcs":[[-2,-1,2,3],[4],[5],[6],[7],[8],[9],[10],[11],[12],[13],[14],[15],[16],[17],[18],[19],[20],[21]],"id":1130,"type":"Polygon","properties":{"bound":{"minx":-70.95242842500787,"miny":41.24991440051559,"maxx":-70.60438246215172,"maxy":41.520801208963746}}}],"type":"GeometryCollection"}},"arcs":[[[174650,-79786],[-10,121],[-277,3],[-2415,35539],[-5642,28831]],[[166306,-15292],[-4613,5196],[-4143,5075],[-1434,1385],[-30920,35636]],[[174650,-79786],[-1656,16],[-1836,-187],[-539,93],[-15251,-993],[-1442,-208],[-540,-219],[-582,220],[-1115,11],[-3453,-328],[-5755,-277],[-1006,-198],[-4677,-328],[-2841,-37],[-3184,-383],[-3183,39],[-1924,-340],[-3751,-186],[-1538,-258],[-2207,-5],[-772,-170],[-1705,-104],[-510,93],[-1041,-164],[-1377,55],[-3468,-406],[-429,-159],[-459,121],[-1494,-236],[-1493,142],[-3132,-301],[-3395,44],[-3198,-352],[-2025,-16],[-889,-187],[-1326,115],[-823,-198],[-4924,-264],[-1799,-291],[-2295,-22],[-3277,-511],[-4342,-336],[-2054,-368],[-6839,-1605],[-1311,-143],[-604,-374],[-4800,-819],[-6008,-1507],[-4333,-1264],[-4194,-1512],[-6545,-2792],[-3450,-2039],[-779,-703],[-240,-412],[-296,-1680],[-953,-914],[-466,-302],[-2426,-570],[-5842,-2484],[-5603,-4065],[-962,-1219],[-693,-1811],[-190,-1263],[-1063,-735],[-999,-1959],[-81,-456],[233,-631],[1572,-1560],[116,-291],[-736,-1355],[-241,-1148],[-933,-955],[-619,-1465],[-1151,-949],[-2316,-1081],[-2592,-801],[-975,-115],[-1922,275],[-1485,983],[-1397,621],[-721,609],[-2000,1033],[-2438,1697],[-1347,730],[-5503,1873],[-2861,1169],[-4004,2548],[-1573,790],[-3400,2987],[-2905,2113],[-3867,2498],[-4078,3508],[-3918,2629],[-2149,2371],[-1246,905],[-823,1192],[-1435,1136],[-1239,1718],[-2688,2173],[-4518,4868],[-2062,1894],[-2878,2167],[-481,571],[-182,455],[130,989],[1741,955],[954,950],[385,2185],[823,1087],[845,643],[706,38],[977,-230],[2499,-247],[4057,418],[2492,-131],[2827,204],[1420,302],[3788,1471],[2988,670],[3708,-88],[1464,-373],[1968,-774],[1806,-121],[2426,-472],[2805,-994],[5755,-2602],[4706,-1735],[1850,-473],[2841,-363],[3212,126],[2178,411],[2040,653],[1479,620],[1334,806],[2383,1646],[1713,1564],[685,-543],[1106,-1483],[-102,-280],[-204,-33],[-2244,193],[-44,-181],[343,-247],[72,-505],[474,-192],[1574,521],[174,-55],[66,-302],[-1598,-3261],[-453,-1976],[-692,-724],[-393,-170],[7,-401],[459,-11],[-23,-220],[255,-131],[-43,400],[204,61],[145,-791],[-153,-280],[-1333,-131],[-2651,325],[-2266,-77],[-7166,661],[-1261,-307],[-619,-544],[-423,-988],[-329,-3288],[-561,-1257],[65,-1855],[247,-857],[-379,-2064],[233,-351],[-598,-1081],[553,-429],[1253,203],[361,-122],[-286,-620],[-1337,-158],[-256,-183],[1506,48],[597,808],[2465,-454],[1020,115],[1595,-577],[473,-379],[386,-33],[-561,577],[474,922],[743,-83],[1508,154],[1296,-182],[2069,1053],[575,-192],[765,82],[685,-126],[822,-851],[-22,-330],[-2491,-339],[-1143,401],[-292,-697],[204,-368],[852,-44],[1624,-775],[50,-307],[-473,-840],[57,-576],[561,-511],[138,-533],[589,-878],[-65,-275],[-160,313],[-219,66],[-386,-477],[327,-500],[554,-209],[692,82],[794,670],[291,681],[1421,746],[626,21],[36,-565],[394,153],[1230,-274],[524,-599],[2266,598],[138,263],[-830,99],[-371,352],[612,471],[458,-99],[-43,500],[401,368],[-58,521],[860,379],[626,-45],[539,-477],[-9,-1301],[494,-1549],[350,-384],[451,0],[2485,1338],[291,401],[-633,181],[-553,1076],[-1901,298],[-1295,747],[-1027,137],[-772,615],[1,659],[-540,-1048],[-765,-346],[-349,-98],[-699,467],[-1173,198],[-167,-66],[-81,-417],[-335,-39],[-807,972],[1122,862],[-7,285],[-502,522],[87,291],[-254,477],[-372,-466],[6,-1048],[-495,-796],[-15,-269],[386,-560],[-190,-341],[80,-395],[-1631,160],[14,252],[394,192],[-29,363],[-299,263],[-837,88],[-320,539],[-36,450],[575,532],[394,697],[285,1070],[1019,252],[627,522],[467,680],[947,615],[1225,2525],[-49,1668],[-720,1971],[751,1114],[132,1192],[-604,1718],[-582,610],[-51,543],[736,423],[1450,285],[175,279],[328,-126],[626,-686],[321,181],[-102,357],[-212,5],[-604,500],[-109,747],[-807,1048],[-874,319],[-1086,-22],[-495,594],[-1208,1949],[262,126],[306,-176],[459,-758],[-240,1301],[307,665],[-255,55],[-765,840],[-699,104],[-707,-384],[-386,22],[-204,203],[371,-76],[379,175],[1589,1213],[1685,2420],[970,2108],[1976,1684],[110,533],[1911,3348],[336,1086],[1838,1383],[693,834],[408,192],[890,922],[1648,2294],[4438,2926],[2172,545],[823,429],[924,966],[1594,2735],[867,445],[313,643],[889,93],[488,302],[459,764],[246,1219],[764,1971],[581,2608],[233,587],[910,1247],[327,1251],[991,802],[844,1400],[1072,281],[189,198],[1216,1993],[560,1279],[940,1033],[394,181],[1093,94],[1065,-324],[933,33],[1392,517],[678,-22],[1393,352],[1763,1593],[539,851],[1042,719],[445,505],[1522,2515],[525,99],[926,-225],[685,451],[802,44],[1122,1554],[1145,439],[619,807],[941,714],[532,752],[393,1411],[211,1949],[-257,1828],[1181,1867],[452,1125],[430,275],[364,538],[1102,319],[867,647],[1064,2021],[160,1219],[510,1454],[1130,917],[358,1131],[2027,2037],[787,2733],[-358,1680],[547,1114],[2056,632],[1306,1126],[438,-50],[642,-659],[809,-93],[1933,835],[810,604],[1772,373],[1197,478],[846,631],[635,752],[1261,2487],[635,571],[868,368],[584,99],[1204,-110],[671,-533],[1160,-406],[1342,-131],[1080,-396],[2874,928],[1509,247],[147,-121],[-430,-499],[365,-451],[802,116],[380,455],[408,-351],[489,164],[19,246],[-442,-256],[-358,367],[-795,-516],[-401,-49],[-139,148],[336,714],[1897,730],[1101,680],[1759,2026],[701,1921],[766,834],[1219,2421],[1044,999],[737,1664],[344,1816],[912,2399],[1577,851],[1117,1032],[2430,1745],[876,241],[1649,-302],[790,292]],[[125196,32000],[0,0]],[[68114,86075],[307,-109],[1358,55],[380,-340],[-241,-193],[-1307,-77],[37,-971],[-1125,-363],[219,-258],[950,280],[380,-104],[-343,-659],[474,-307],[519,187],[219,247],[694,-209],[277,237],[716,175],[869,-208],[723,675],[336,66],[234,-192],[-198,-241],[329,-390],[417,-176],[233,88],[548,-126],[-277,-516],[131,-181],[-197,71],[-321,-258],[-628,247],[-241,-214],[-131,-972],[555,-752],[-285,-549],[-591,-209],[-146,-724],[964,-71],[504,252],[774,121],[606,582],[-453,203],[102,231],[854,329],[409,450],[373,-38],[-402,296],[146,714],[818,-637],[-168,-494],[161,-65],[1037,99],[460,433],[-190,165],[263,110],[270,-198],[-95,-708],[519,-154],[321,-483],[-73,-472],[-971,-373],[-58,-593],[-511,-494],[-343,-55],[-680,450],[-36,313],[-1081,411],[-1555,-686],[-227,-428],[-657,186],[-88,-417],[344,-335],[526,-126],[292,-296],[905,-94],[278,-285],[409,176],[270,-275],[146,-1010],[-656,-1872],[-599,-159],[58,790],[-241,-16],[-898,-406],[-321,-374],[-1000,110],[-1293,-495],[-810,308],[-387,-176],[-44,-357],[343,-187],[-190,-98],[-313,87],[-168,-208],[160,-258],[855,-285],[730,-500],[296,-1636],[314,-461],[636,6],[226,-138],[300,-1251],[1971,-192],[256,-434],[-329,-241],[-978,-77],[-489,-341],[-613,-620],[-109,-566],[-803,-236],[-394,-384],[-154,-692],[-1218,-725],[-445,-746],[-1220,-325],[-883,-779],[-941,87],[-803,-351],[-1022,-143],[-592,-577],[-481,-845],[-890,-100],[-1249,-521],[-774,32],[-1971,-297],[-3051,510],[-2862,-435],[-3175,-1149],[-3292,-397],[-1109,-620],[-700,-819],[-2401,-1412],[-2371,-2043],[-2830,-1725],[-1277,-1148],[-1867,-874],[-1387,-308],[-343,159],[-541,658],[-1225,228],[-1591,44],[-1373,-317],[-1022,-494],[-1029,209],[-533,522],[-29,532],[-255,176],[-518,-77],[-504,-471],[-1322,-461],[-1047,-683],[-1385,-1429],[-431,-818],[-148,-2492],[627,-923],[219,-104],[445,65],[481,-1065],[357,-318],[1321,-160],[328,-198],[299,-560],[131,-812],[627,-703],[79,-1570],[-321,-220],[-1805,-2897],[-810,-648],[-965,-1306],[-730,-362],[-1752,-493],[-3043,-10],[-1554,-428],[-752,-433],[-358,-494],[-198,-933],[-321,-170],[-2481,-131],[-1430,-329],[-2029,127],[-1985,-428],[-650,-488],[-445,-813],[-693,-373],[-1190,-1245],[-2321,-1707],[-2036,-2432],[-1708,-565],[-1423,-1344],[-1328,-703],[-1431,-1185],[-1393,-269],[-3808,434],[-3860,-399],[-1021,185],[-1014,352],[-648,622],[-476,234],[-1262,