{"type":"Topology","transform":{"scale":[1.0E-6,1.0E-6],"translate":[-72.04854749708107,42.667911833341655]},"objects":{"MA":{"geometries":[{"arcs":[[9,10,11,-5,12,13,14]],"id":707,"type":"Polygon","properties":{"bound":{"minx":-72.08079009092766,"miny":42.601665578537734,"maxx":-71.98160076727292,"maxy":42.716665281288904},"Geoid10":"25027701100"}},{"arcs":[[-1,-4,15,-3,-9,-8,16,17]],"id":721,"type":"Polygon","properties":{"bound":{"minx":-72.28175334595507,"miny":42.622786381112626,"maxx":-72.05700433529452,"maxy":42.72285779710447},"Geoid10":"25027702200"}},{"arcs":[[-7,18,-6,19,-2,20,21]],"id":811,"type":"Polygon","properties":{"bound":{"minx":-71.98584206697318,"miny":42.594716397223785,"maxx":-71.85678010150946,"maxy":42.71375226090246},"Geoid10":"25027700100"}}],"type":"GeometryCollection"}},"arcs":[[[-25950,-43663],[-284,718],[-5302,11080],[-464,1250],[-279,1163],[-86,624],[-69,974],[-212,5721],[-3,625],[119,956],[278,1022],[2691,8455],[147,998],[14,592],[-71,825],[-1053,5319],[-286,1630],[19,682],[98,447],[231,559],[458,690],[671,682],[824,662],[751,446],[2131,926],[840,437],[3968,2638],[1325,996],[236,130],[217,-84],[218,-25],[21,318],[-317,490],[-59,37],[71,197],[141,219],[592,473],[287,1165],[177,369],[159,202],[441,373],[332,374],[630,979],[145,140],[442,163],[398,50],[267,-45],[371,-173],[542,-114],[560,-37],[437,34],[1386,280],[815,364],[642,182],[627,79],[1582,109],[21,2454],[-2511,-77],[120,1440],[87,143],[538,369],[-2834,2337],[2023,849],[286,39],[1082,-24],[-2101,3573],[-304,671],[-391,1431],[-557,1673],[-96,522],[-176,1770],[-86,426],[-541,1978],[-202,548],[-755,1579],[-233,689],[-139,679],[-4,345],[-82,437],[352,389],[-555,666],[-3828,4233],[-546,555],[-952,780],[-1300,856],[-1476,741],[-6108,2538]],[[66972,45388],[-1059,-21431],[-349,-6310],[40,-550],[-240,-3160],[-231,-4043],[-104,-3422],[-669,-12155],[-76,-1948],[-795,-13737],[-347,-7163],[-433,-6332],[-134,-3063]],[[-176291,-28930],[717,62],[5014,662],[6759,949],[11592,1468],[10956,1449],[5209,738],[2267,245],[14911,1969],[2142,-10101],[993,-3854],[5851,670],[6,-35],[76,8],[1697,-9611],[2076,214]],[[-90572,-43988],[22489,2684],[261,-28],[14848,-470],[25773,-874],[1251,-987]],[[-25950,-43663],[20127,-15865],[18,-93],[393,-235],[7886,-6220]],[[120525,-65902],[13881,5301],[1208,489],[-11,-231],[-86,-186],[1003,300],[635,126],[731,-1108],[14523,4634],[737,251],[-622,1159],[3128,1034],[756,-1312],[9088,2876],[-578,1008],[3028,989],[-1433,2572],[23422,9134]],[[190137,-34071],[696,12419],[395,6029],[413,8634],[387,6765],[-1301,7299],[-1800,1300],[-4200,3200],[-1400,3200],[-600,1500],[-4000,-500],[-4700,3305],[-842,730],[-21727,16104],[-1376,6265],[-251,1327]],[[-234433,53637],[10986,-46890]],[[-223447,6747],[83,-355],[13529,1105],[996,-7454],[186,-4],[13706,1297],[1386,-7605],[12629,1024],[4641,-23685]],[[66972,45388],[-1059,-21431],[-349,-6310],[40,-550],[-240,-3160],[-231,-4043],[-104,-3422],[-669,-12155],[-76,-1948],[-795,-13737],[-347,-7163],[-433,-6332],[-134,-3063]],[[62575,-37926],[-2012,-776],[-20397,-8830]],[[40166,-47532],[-11365,-4803],[-13291,-5836],[-2913,-1443],[-9316,-5921],[-155,-129],[-652,-412]],[[-25950,-43663],[-284,718],[-5302,11080],[-464,1250],[-279,1163],[-86,624],[-69,974],[-212,5721],[-3,625],[119,956],[278,1022],[2691,8455],[147,998],[14,592],[-71,825],[-1053,5319],[-286,1630],[19,682],[98,447],[231,559],[458,690],[671,682],[824,662],[751,446],[2131,926],[840,437],[3968,2638],[1325,996],[236,130],[217,-84],[218,-25],[21,318],[-317,490],[-59,37],[71,197],[141,219],[592,473],[287,1165],[177,369],[159,202],[441,373],[332,374],[630,979],[145,140],[442,163],[398,50],[267,-45],[371,-173],[542,-114],[560,-37],[437,34],[1386,280],[815,364],[642,182],[627,79],[1582,109],[21,2454],[-2511,-77],[120,1440],[87,143],[538,369],[-2834,2337],[2023,849],[286,39],[1082,-24],[-2101,3573],[-304,671],[-391,1431],[-557,1673],[-96,522],[-176,1770],[-86,426],[-541,1978],[-202,548],[-755,1579],[-233,689],[-139,679],[-4,345],[-82,437],[352,389],[-555,666],[-3828,4233],[-546,555],[-952,780],[-1300,856],[-1476,741],[-6108,2538]],[[-29402,48312],[25441,-765],[2514,-40],[5844,-214],[28407,-851],[825,-64],[4715,-154],[3109,-84],[4558,-39],[1692,67],[1779,-142],[7060,-298],[10430,-340]],[[66972,45388],[0,0]],[[-90572,-43988],[-1031,-137],[-1989,-139],[-12045,205],[-388,-38]],[[-234433,53637],[12908,-356],[7575,-162],[12970,-404],[1552,84],[18062,-452],[7051,-224],[1302,-68],[97035,-2330],[13455,-465],[25186,-753],[1419,6],[6516,-201]],[[-29402,48312],[0,0]],[[190137,-34071],[-202,-4795]],[[120525,-65902],[-17770,-7131],[-4777,6830],[1762,814],[-2919,5036],[1406,542],[-1798,2597],[-4328,-425],[-4575,4015],[-983,910],[-4237,3751],[-89,40],[-1194,1097],[-8311,7367],[-5850,209],[-4412,106],[125,2218]],[[66972,45388],[6785,-154],[38714,-710],[37360,-1018]],[[149831,43506],[0,0]]]}