{"type":"Topology","transform":{"scale":[1.0E-6,1.0E-6],"translate":[-70.15877906861348,42.035408406855154]},"objects":{"MA":{"geometries":[{"arcs":[[1,2,3,4,5]],"id":215,"type":"Polygon","properties":{"bound":{"minx":-70.1565148769187,"miny":41.95877772429707,"maxx":-69.99417194102621,"maxy":42.074878010679605}}},{"arcs":[[-1,6],[7],[8],[9]],"id":242,"type":"Polygon","properties":{"bound":{"minx":-70.24657764827333,"miny":42.02041261556068,"maxx":-70.14619200315543,"maxy":42.081808801007114}}}],"type":"GeometryCollection"}},"arcs":[[[11369,26243],[51,2219],[814,1367],[-4835,7384],[-2638,4247]],[[162050,-68614],[-31341,-2797],[-10730,-1129],[-38669,-5047]],[[81310,-77587],[-113,678],[-1,1203],[419,1526],[301,3212],[-45,1438],[103,543],[-268,11491],[-435,3480],[72,3750],[-229,1603],[-920,2355],[-950,1460],[-59,752],[1155,132],[310,-461],[316,-181],[692,-154],[611,154],[596,533],[2318,-324],[213,-121],[88,-131],[-147,-110],[-331,159],[-331,-66],[-338,-362],[-140,-368],[257,-28],[464,275],[280,55],[198,-132],[74,-549],[552,-131],[390,5],[206,-176],[-154,-477],[-236,-253],[-684,-269],[-103,-126],[7,-456],[-375,-450],[148,-225],[412,-115],[-302,-412],[405,60],[73,247],[258,209],[-788,247],[427,307],[110,500],[707,412],[125,148],[279,802],[110,27],[471,-159],[221,-154],[250,-477],[126,461],[22,648],[-67,77],[-809,137],[-361,153],[-316,264],[14,785],[-316,681],[95,88],[913,203],[522,-105],[486,330],[832,60],[257,165],[508,126],[1906,1252],[493,176],[-67,77],[-427,-6],[288,242],[331,708],[272,368],[1354,198],[861,307],[411,39],[-192,166],[153,113],[-1204,-87],[-1152,-403],[-732,-372],[-382,-708],[-346,-340],[-574,-330],[-3885,-1427],[-523,-105],[-942,868],[-501,312],[-419,379],[-560,741],[-625,522],[-1362,1432],[66,-346],[-66,-197],[155,-170],[721,-357],[-243,-176],[125,-433],[-139,-187],[-310,71],[-338,857],[-494,620],[-633,1564],[-162,275],[-184,60],[-257,-1306],[236,-1109],[125,-2026],[206,-308],[427,-296],[589,-93],[795,22],[22,-82],[-383,-248],[-890,6],[-603,-105],[-214,-87],[-353,-341],[-279,-104],[-74,-291],[-758,-88],[537,324],[22,1230],[-848,4578],[-580,2589],[-1591,4738],[-671,2657],[-656,1635],[-73,571],[-325,698],[-177,900],[-243,368],[-508,1828],[-722,1866],[-413,631],[-147,533],[-251,373],[-729,1718],[-266,390],[-390,1010],[-1046,1965],[-280,736],[-959,1647],[-449,598],[-251,554],[-3146,4441],[-3242,3595],[-1179,1086],[-663,499],[-228,291],[-3132,2804],[-4369,3528],[-2498,1833],[-2410,1465],[-2314,1311],[-1466,735],[-634,416],[-4252,2068],[-2159,938],[-2129,1086],[-5850,2227],[-2547,896],[-1098,473],[-4117,1297],[-390,429],[-1001,478],[-655,714],[-383,247],[-1672,665],[-1451,335],[-1244,830],[-1407,489],[-1127,301]],[[11369,26243],[51,2219],[814,1367],[-4835,7384],[-2638,4247]],[[4761,41460],[523,-161],[1046,-165],[1960,-220],[3654,-913],[2026,-127],[2910,-939],[3382,-918],[1297,-265],[2902,-1049],[2504,-660],[2439,-496],[3197,-792],[3762,-632],[524,-335],[339,-115],[3773,-1003],[1651,-361],[1886,-746],[1651,-466],[2049,-982],[2241,-899],[6219,-1809],[1209,-669],[1657,-620],[1194,-148],[472,-505],[1525,-724],[2049,-642],[1996,-872],[708,-406],[3352,-1295],[803,-472],[2314,-894],[619,-417],[1186,-313],[1878,-1015],[1481,-599],[1820,-1064],[3057,-1965],[1606,-917],[619,-258],[1400,-818],[942,-400],[1370,-730],[1820,-1280],[2151,-1224],[2062,-1372],[744,-362],[449,-396],[656,-346],[2651,-1965],[2231,-2097],[714,-461],[3064,-2349],[699,-440],[3210,-3074],[950,-802],[751,-401],[707,-571],[964,-1087],[714,-626],[140,-247],[2525,-2136],[1244,-1252],[522,-642],[3467,-3542],[2230,-2125],[1575,-1812],[2251,-2724],[714,-1115],[1317,-1191],[949,-1142],[470,-703],[971,-994],[1545,-2120],[559,-1098],[471,-687],[3346,-4025],[431,-738],[979,-939],[845,-972],[846,-1559],[603,-824],[14,-368],[177,-280],[617,-675],[1052,-1456],[544,-532],[132,-527],[515,-522],[242,-483],[1633,-1643],[1962,-3772],[2469,-3701],[1852,-2472],[706,-1213],[2182,-2856],[133,77],[0,313],[140,-55],[330,-956],[1249,-2208],[551,-708],[3060,-4801]],[[162050,-68614],[0,0]],[[11369,26243],[-1819,485],[-1835,247],[-957,72],[-4531,7],[-1267,-241],[-1230,-379],[-1945,-417],[-3153,-499],[-1518,-345],[-2048,-351],[-862,-236],[-921,-154],[-6763,-2365],[-2637,-1307],[-2291,-1339],[-1296,-933],[-847,-840],[-1105,-846],[397,-417],[74,33],[250,-280],[-66,-33],[52,-71],[-155,-55],[-685,752],[-633,-582],[2887,-1724],[140,94],[700,-461],[272,214],[140,-110],[-52,-72],[-545,-433],[-132,110],[110,82],[-567,362],[-294,-203],[-126,66],[243,236],[-1899,1263],[-870,-714],[1981,-1257],[-66,-71],[-1989,1235],[-81,-44],[-132,66],[-1076,658],[-434,-274],[-700,-834],[1363,-791],[-81,-104],[-486,269],[-59,-66],[-899,516],[-2784,-3464],[-353,-670],[206,-77],[-88,-176],[-207,94],[-228,-313],[2386,-884],[-66,-93],[-2401,856],[-184,-269],[162,-55],[-81,-159],[-192,60],[-279,-505],[184,-77],[-59,-137],[-214,71],[-243,-466],[96,-44],[-88,-170],[-170,38],[-103,-269],[914,-373],[-111,-88],[-876,324],[-96,-181],[199,-44],[-59,-137],[-155,32],[-324,-927],[-1045,-1027],[-766,-1197],[-191,-1306],[95,-143],[707,-346],[52,-170],[-287,-917],[-177,-285],[-147,-6],[-412,170],[-877,604],[-316,-71],[-295,27],[-376,203],[-294,-60],[-273,208],[-648,-49],[-368,-104],[30,-176],[154,-11],[383,176],[1142,-461],[375,-670],[81,-663],[288,-560],[-346,-994],[-221,-258],[-435,-121],[-117,-110],[-111,-367],[-316,-396],[258,-121],[0,-98],[-317,-385],[133,-384],[-280,-456],[-582,-203],[-869,-71],[-59,71],[214,489],[-251,269],[-368,142],[-383,-22],[-294,-510],[-273,-17],[-213,330],[-170,735],[-928,478],[-471,27],[-96,428],[-390,522],[-103,44],[-44,-50],[110,-466],[214,-242],[59,-450],[1038,-241],[309,-149],[133,-208],[0,-610],[111,-219],[390,-181],[184,-11],[243,104],[405,363],[258,16],[-538,-972],[398,-153],[515,-6],[104,-49],[-37,-225],[-898,-1016],[-847,219],[-950,50],[-751,290],[-1775,1203],[-810,697],[-663,312],[-1141,396],[-759,510],[-891,236],[-170,164],[-206,544],[-405,280],[-375,98],[-524,599],[-265,5],[413,-807],[442,-455],[140,-280],[280,-220],[692,-208],[744,-456],[1134,-312],[1171,-632],[177,-208],[-37,-527],[133,-198],[1333,-746],[353,-357],[45,-252],[839,-1153],[567,-395],[972,-895],[1017,-615],[169,77],[228,445],[346,44],[744,-170],[103,-83],[-29,-120],[-405,-236],[795,-204],[66,-719],[928,-225],[589,-241],[1568,66],[295,247],[294,88],[96,88],[7,192],[-257,258],[-656,-149],[-699,39],[154,554],[148,94],[265,-33],[530,-214],[427,71],[397,472],[560,176],[-295,549],[37,110],[655,-6],[-243,264],[8,159],[257,214],[1635,-1938],[3976,-2552],[2467,900],[522,390],[133,208],[-52,154],[-213,-6],[-678,-164],[-964,-390],[-545,44],[-118,55],[81,379],[442,230],[699,-11],[2430,313],[1178,505],[184,198],[692,115],[369,165],[2326,422],[1539,357],[1370,439],[1119,560],[965,642],[1657,1383],[1141,1329],[803,1235],[611,499],[258,445],[508,242],[457,625],[177,61],[523,-209],[-1466,-2174],[-177,-724],[162,-28],[353,302],[162,-33],[-118,-554],[-1333,-1845],[-508,-384],[-309,-406],[-648,-566],[-2003,-1630],[-332,-554],[-935,-862],[-2239,-1532],[332,33],[-8,-71],[-957,-576],[-1443,-665],[-1767,-636],[-3291,-774],[-2164,-379],[294,-214],[-81,-71],[-2900,-99],[-1812,120],[-1678,401],[-1392,395],[-832,341],[-1089,603],[-1966,1246],[-5023,3640],[-309,417],[-854,735],[-2585,1883],[-2320,1965],[-1510,1130],[-1024,1049],[-965,1284],[-907,1519],[-803,2174],[-480,988],[-1179,1943],[-707,725],[-2285,3485],[-1356,1087],[-1687,1701],[-1054,774],[-1879,1888],[-995,823],[-1415,1009],[-1629,960],[-869,653],[-1268,692],[-825,642],[-745,861],[-1003,747],[119,196],[412,-196],[302,-253],[295,-126],[155,22],[-376,362],[-575,302],[-745,669],[-213,341],[110,197],[191,50],[789,-159],[81,-121],[626,-296],[501,-368],[340,-559],[412,-149],[332,44],[1892,902],[324,252],[766,901],[51,252],[-250,-99],[-368,-367],[-295,-127],[-140,-296],[-309,-176],[-449,-22],[-376,181],[-391,856],[29,176],[471,439],[693,363],[471,664],[169,39],[192,-94],[66,-395],[331,308],[229,55],[147,-44],[354,-395],[206,170],[707,-33],[221,83],[-29,197],[-553,60],[-413,247],[-692,115],[-89,236],[-707,340],[-258,105],