{"type":"Topology","transform":{"scale":[1.0E-6,1.0E-6],"translate":[-71.2327588981056,41.7396607159576]},"objects":{"MA":{"geometries":[{"arcs":[[1,2,3,4,5,6],[7,8,9,10],[11],[12]],"id":191,"type":"Polygon","properties":{"bound":{"minx":-71.31656546729619,"miny":41.733281204494546,"maxx":-71.20139124868815,"maxy":41.780058245021436},"Geoid10":"25005645103"}},{"arcs":[[-1,13],[14,15],[16]],"id":325,"type":"Polygon","properties":{"bound":{"minx":-71.2454988719436,"miny":41.708414944399294,"maxx":-71.19204074547962,"maxy":41.73607908828085},"Geoid10":"25005645101"}}],"type":"GeometryCollection"}},"arcs":[[[40679,-11518],[-7490,2600],[-1030,196],[-3972,597],[606,2264],[3824,-584],[244,901],[-1695,918],[-1444,914]],[[12848,35479],[-558,-3057],[-414,-1804],[-152,-889],[19,-679],[178,-1474],[48,-798],[-214,-3596],[8,-650],[7398,1114],[1657,286],[126,-97],[714,-277],[210,-880],[-67,-609],[1263,-1888],[312,-1462],[97,-1552],[485,-1422],[367,-1810],[204,-598],[270,-1018],[-32,-172],[-170,-353],[-191,-610],[-118,-153],[-63,-16],[-31,-217],[-244,0],[-99,34],[-77,79],[119,-305],[1187,-145],[865,-175],[497,-63],[836,7],[618,54],[554,155],[397,206],[187,-15],[323,-289],[50,-237],[520,-89],[-60,-1416],[26,-830],[237,-153],[114,-120],[359,-164],[130,-97],[-130,-583],[237,-126]],[[30840,6526],[38,-103],[-46,-258],[46,-152],[-30,-108],[-176,-148],[-229,-117],[-91,-141],[267,-108],[214,-189],[214,-469],[38,-8],[7,-99],[107,-115],[-76,-294],[8,-189],[-221,-54],[-145,-79],[-634,50],[-153,-70],[-305,-330],[-183,-292],[-8,-126],[31,-89],[69,-62],[427,-33],[61,-48],[-7,-95],[91,-210],[38,-300],[54,-58],[328,-34],[283,-139],[30,-58],[-61,-64],[15,-148],[138,-394],[99,-165],[39,-188],[22,-315],[-122,-259],[-160,-165],[0,-153],[84,-187],[38,-206],[-198,-22],[-176,-116],[-252,-72],[-76,-164],[31,-107],[137,-205],[-15,-212],[-183,-179],[-290,-114],[-160,-97],[-31,-235],[-236,-423],[61,-211],[221,-392],[245,-337],[7,-95],[-671,-405],[-397,51],[-130,56],[-893,641],[-595,137],[-352,128],[-191,-8],[-183,-62],[-412,-12],[-321,-83],[-289,-1],[-222,50],[-183,122],[-38,76],[15,203],[275,212],[30,118],[-504,360],[-91,-11],[-199,-229],[-145,-39],[-313,120],[-488,40],[-397,119],[-512,-42],[-351,30],[-84,48],[-31,62],[176,562],[-8,85],[-160,159],[-222,370],[-30,13],[-38,-33],[-61,-172],[-130,-156],[-748,238],[-222,203],[-190,69],[-8,-59],[237,-342],[298,-242],[297,-85],[54,-44],[-23,-459],[-229,-243],[-122,-327],[-183,-242],[92,-525],[-145,-228],[-31,-172],[-366,-435],[-656,-359],[-206,-193],[-435,-49],[-343,-147],[-245,-40],[-709,-676],[-229,-54],[-1099,-512],[46,-94],[489,-139],[-49,-126]],[[17194,-5997],[-624,150],[-866,134],[-1097,53],[-5753,-239],[-10505,-527],[-2921,-108],[-962,46],[-7104,817]],[[-12638,-5671],[-4095,4584],[-9709,11525],[-1781,2019],[-9853,4120],[-9324,3956],[232,58],[68,90],[210,107],[8,67],[-103,56],[9,63],[223,106],[-5,143],[98,118],[119,29],[101,-142],[224,106],[24,77],[-48,223],[59,46],[9,54],[-44,48],[-220,77],[-30,49],[17,126],[207,-2],[225,133],[192,-20],[-31,-121],[-188,-118],[-15,-59],[94,-119],[95,-61],[156,65],[120,105],[9,80],[-94,138],[126,10],[146,-28],[120,24],[82,60],[46,72],[-21,102],[-203,238],[-6,63],[127,37],[145,-114],[59,-12],[38,68],[-223,277],[-348,44],[-35,94],[90,50],[221,12],[61,91],[-28,49],[89,6],[74,50],[17,86],[-59,65],[-73,4],[-73,44],[-8,44],[45,23],[377,-3],[105,46],[144,222],[96,2],[71,-128],[36,-9],[18,135],[-197,112],[16,68],[185,43],[132,364],[-73,26],[-167,-245],[-82,-81],[-75,-24],[-66,57],[10,76],[98,136],[16,81],[-37,40],[-67,-6],[-194,-106],[-149,-29],[-88,57],[-7,62],[69,145],[90,64],[319,-9],[112,28],[203,164],[118,6],[73,-29],[-24,475],[-286,-78],[-155,105],[-117,-7],[-102,-65],[-88,-118],[-96,-7],[-322,142],[-396,74],[-140,-120],[-146,-26],[-403,118],[-66,121],[-95,11],[-88,-105],[-88,-42],[-726,-46],[-132,-111],[-191,-463],[-95,-79],[-169,-39],[-557,-412],[-205,-252],[-367,-259],[-235,-252],[-22,-348],[-88,-249],[-213,-184],[-168,-80],[-360,-79],[96,-224],[-15,-288],[-205,-65],[-214,91],[155,230],[-7,220],[-73,192],[43,55],[206,72],[264,10],[154,79],[308,250],[0,76],[-169,123],[-212,50],[0,76],[242,154],[403,179],[59,73],[0,180],[-81,161],[-381,226],[125,295],[117,133],[257,163],[147,201],[58,127],[8,145],[-477,-32],[-88,-110],[14,-76],[88,-75],[-14,-55],[-103,-33],[-95,30],[-117,132],[-8,104],[66,109],[338,187],[227,329],[448,274],[0,135],[-30,67],[-110,57],[-234,49],[-235,112],[-124,219],[-74,394],[118,219],[213,171],[271,136],[198,139],[242,320],[176,436],[-15,243],[-183,140],[-95,120],[0,292],[-58,80],[0,68],[88,74],[154,57],[103,434],[-147,439],[125,200],[234,167],[-7,45],[-213,167],[-424,419],[-396,645],[-117,92],[-125,47],[-315,57],[-139,65],[-52,94],[15,112],[213,185],[168,62],[323,83],[1093,165],[410,139],[345,291],[95,150],[8,253],[-213,216],[-330,210],[-88,29],[-293,-78],[-682,72],[-220,55],[-102,56],[-7,108],[175,202],[162,97],[403,67],[337,11],[264,59],[96,56],[44,55],[-8,104],[-216,59]],[[-47939,35389],[58034,5062]],[[10095,40451],[-45,-519],[-549,-2846],[651,-170],[2793,-960],[-97,-477]],[[-52264,35148],[1435,-7],[1323,118]],[[-49506,35259],[-240,-564],[-8,-248],[88,-201],[95,-74],[279,-98],[637,-96],[499,-111],[264,-103],[81,-57],[-8,-68],[-59,-42],[-102,-6],[-1210,57],[-293,-51],[-521,-177],[-278,-235],[-132,-219],[-23,-189],[74,-215],[14,-252],[198,-550],[652,-1081],[66,-274],[-15,-549],[-66,-209],[-176,-292],[-66,-55],[-139,-12],[-103,57],[-95,124],[-301,201],[-286,49],[-168,-31],[-147,101],[-264,67],[-234,-14],[-125,-57],[-294,-276],[-14,-211],[66,-116],[549,-624],[81,-156],[0,-162],[-183,-531],[-184,-328],[-56,-314],[-308,-372],[-71,-342],[-92,-190],[-262,-249],[-221,-429],[-464,-528],[-133,-480],[-325,-454],[6,-179],[264,-599],[5,-94],[-118,-74],[-20148,8528],[-2038,664],[-562,150],[-421,181],[-1066,733],[-6078,2567]],[[-83685,35900],[23988,-681]],[[-59697,35219],[7433,-71]],[[-47846,22863],[-161,-220],[-147,-79],[22,-274],[-191,-49],[-124,78],[-73,116],[-315,-11],[-59,49],[29,104],[183,134],[176,8],[169,-69],[125,142],[110,34],[234,189],[191,22],[37,-22],[0,-81],[-206,-71]],[[-48965,21244],[-24,-36],[-270,114],[54,127],[76,14],[151,-154],[13,-65]],[[40679,-11518],[-80,-101],[-76,-6],[-2282,794],[-62,-1],[-30,-140],[23,-27],[145,-42],[252,27],[137,-114],[69,-256],[122,-177],[374,-403],[8,-81],[-168,-480],[-221,-131],[-161,-503],[-114,-164],[-23,-230],[-145,-458],[61,-201],[107,-151],[-801,-425],[-122,-93],[-717,-774],[-344,-480],[0,-180],[46,-134],[321,-458],[7,-211],[-91,-178],[-152,-160],[-298,-218],[-69,-172],[54,-161],[-16,-293],[38,-202],[-38,-86],[-221,-167],[-137,-727],[-137,-246],[-92,-272],[-30,-406],[305,-111],[-53,-195],[-46,-28],[-104,3],[-339,56],[-404,-201],[-23,-275],[-145,-102],[-76,-236],[-138,-146],[-76,-200],[-297,-46],[-191,-522],[-137,-124],[-8,-149],[-107,-277],[-106,-69],[-99,-178],[-199,-93],[-168,-143],[-259,-149],[-267,-253],[-168,-98],[-99,-132],[53,-157],[-267,-95],[-236,-284],[-31,-100],[-122,-20],[-53,-285],[-221,-261],[-115,-321],[-30,-289],[46,-225],[-267,-122],[-115,-88],[-137,-124],[-153,-237],[-106,-317],[-23,-311],[153,-195],[7,-54],[-320,-187],[-130,-119],[16,-464],[-77,-159],[-114,-124],[-862,-228],[-221,-189],[-222,-288],[-61,-325],[-144,-97],[-466,-104],[-374,-183],[-877,-161],[-69,-136],[-397,1],[-129,-83],[-45,-177],[-39,-27],[-1785,-467],[-427,-157],[-382,-93],[-313,-6],[-313,75],[-389,200],[-496,463],[-267,148],[38,122],[214,5],[252,-81],[69,87],[-16,76],[-313,449],[-290,237],[-221,86],[-1450,342],[-809,101],[-603,141],[-351,106],[-1282,543],[-885,636],[-382,393],[-137,245],[0,284],[121,236],[351,516],[130,106],[641,-95],[213,-176],[382,-200],[-7,-86],[-298,-217],[0,-45],[-122,-102],[-53,-19],[-336,12],[-191,-220],[1,-104],[45,-26],[336,-2],[374,-160],[99,-11],[328,65],[176,106],[182,225],[260,86],[183,192],[290,528],[153,44],[-115,146],[145,215],[-1,211],[-91,152],[-320,47],[-199,150],[-611,231],[-91,-6],[-61,-24],[0,-171],[61,-93],[-15,-55],[-115,-29],[-45,-41],[-420,-522],[-175,28],[-138,151],[-305,-51],[0,81],[602,1106],[130,83],[313,106],[137,-2],