{"type":"Topology","transform":{"scale":[1.0E-6,1.0E-6],"translate":[-73.24995381499602,42.61750534191275]},"objects":{"MA":{"geometries":[{"arcs":[[8,9,10,11,12,13,14]],"id":68,"type":"Polygon","properties":{"bound":{"minx":-73.31113603976527,"miny":42.48346044492782,"maxx":-73.16789060895663,"maxy":42.58990759009255},"Geoid10":"25003911100"}},{"arcs":[[15,16,17,18,19,20,21]],"id":71,"type":"Polygon","properties":{"bound":{"minx":-73.30681255053669,"miny":42.626670482251676,"maxx":-73.16880463670557,"maxy":42.72562500781242},"Geoid10":"25003920102"}},{"arcs":[[22,23,-8,-3,-4,-5,-1,-2,-7,24,-6,25]],"id":177,"type":"Polygon","properties":{"bound":{"minx":-73.4108102277542,"miny":42.35065308204505,"maxx":-73.17173762379588,"maxy":42.63468270640448},"Geoid10":"25003935100"}}],"type":"GeometryCollection"}},"arcs":[[[-80862,-265546],[-2846,16939],[4356,226],[-167,9037],[8585,-16],[-235,1297],[-1580,9570],[-400,2881],[1737,29],[10260,101],[2713,14643],[11878,-2012],[1183,7211]],[[-91035,-265629],[3420,35],[1754,-36],[4999,84]],[[-81306,-200116],[-7650,1176],[14244,55028],[1725,6683],[254,1059],[3143,12101],[4430,-490],[785,2551],[20,247],[1868,6313],[219,878],[479,1673]],[[-62637,-202977],[-18669,2861]],[[-45378,-205640],[-17259,2663]],[[78374,11201],[-69806,2030],[-8166,160],[-15933,561],[42,-29],[-41541,1217]],[[-160889,-265767],[10719,18],[3348,27],[7892,-4],[18395,45],[8778,2],[19332,44],[1154,21],[236,-15]],[[-61789,-112897],[5985,9422],[3386,5255],[8939,13987],[1020,1627],[6185,9699],[13153,20576],[331,438],[282,534],[2118,3433],[11978,18887],[86,100],[5850,-971],[899,-131],[1405,-230],[160,-48],[39075,-6496],[3245,-544],[4835,-855],[1006,-73]],[[48149,-38287],[-863,-1425],[-1623,-2368],[-6310,-9730],[4945,-820],[1115,-137],[-4897,-7647],[5904,-1072],[-3701,-5839],[-4835,-7784],[24600,-3782],[-454,-747],[-1584,-2370],[-7611,-11333],[-168,-194],[-1483,-2400],[-1322,-1839],[-720,-1152],[1336,-242],[4147,-604],[2170,-337],[4724,-780],[-1132,-1827],[23763,-3857]],[[84150,-106573],[-4055,-6378],[-997,-1480],[-11344,-17659]],[[67754,-132090],[-22512,3343],[-2952,465],[-2775,378],[-350,65],[-3338,489]],[[35827,-127350],[-58829,8714],[-240,21],[-263,40],[-63,25],[-8229,1217]],[[-31797,-117333],[-29992,4436]],[[-61789,-112897],[5985,9422],[3386,5255],[8939,13987],[1020,1627],[6185,9699],[13153,20576],[331,438],[282,534],[2118,3433],[11978,18887],[86,100],[5850,-971],[899,-131],[1405,-230],[160,-48],[39075,-6496],[3245,-544],[4835,-855],[1006,-73]],[[48149,-38287],[0,0]],[[73759,83741],[-627,-8537],[-439,-5672],[424,-31],[1822,-71],[478,-60],[1258,-64],[1557,-16],[915,-59],[2002,-31],[1033,-52],[2,-167],[-1183,-15392],[-805,-10922]],[[80196,42667],[-813,-14312],[-331,-5317],[-307,-6085]],[[78745,16953],[-67,-1313],[-304,-4439]],[[78374,11201],[-69806,2030],[-8166,160],[-15933,561],[42,-29],[-41541,1217]],[[-57030,15140],[13097,34806],[20726,56403]],[[-23207,106349],[940,88],[738,96],[712,70],[543,5],[549,-68],[551,-209],[504,-420],[468,-434],[736,-493],[776,-592],[615,-598],[438,-463],[493,-723],[226,-265],[197,-194],[226,-169],[257,-147],[304,-111],[1027,-244],[413,-186],[244,-167],[335,-368],[1015,-1357],[185,-475],[149,-702],[-5,-206],[-154,-751],[27,-296],[144,-310],[212,-268],[952,-886],[279,-229],[291,-220],[1331,-882],[698,-528],[388,-315],[452,-276],[657,-325],[403,-162],[748,-268],[176,-84],[239,-152],[911,-759],[352,-236],[194,-80],[410,-109],[355,-39],[386,11],[733,95],[218,15],[349,-4],[456,-77],[285,-98],[301,-161],[83,-65],[338,-324],[317,-359],[328,-267],[146,-84],[129,-61],[413,-134],[1047,-175],[304,-92],[281,-131],[145,-87],[873,-701],[312,-194],[315,-128],[1055,-239],[335,-98],[374,-144],[888,-399],[308,-184],[123,-107],[191,-192],[316,-365],[742,-905],[432,-453],[457,-368],[363,-257],[404,-335],[222,-297],[56,-123],[66,-276],[29,-807],[-5,-1369],[-642,62],[-308,-9],[118,-242],[77,-72],[742,-32],[-30,-330],[-95,-273],[-1132,-2371],[-285,-783],[-142,-570],[-166,-885],[-12,-244],[37,-328],[99,-426],[206,-731],[145,-394],[272,-501],[406,-621],[283,-366],[301,-288],[175,-134],[528,-313],[230,-96],[259,-76],[354,-76],[413,-59],[734,-79],[698,-153],[732,-261],[197,-91],[335,-185],[412,-264],[253,145],[217,59],[449,47],[216,78],[402,188],[477,307],[186,74],[263,36],[936,1796],[206,471],[178,484],[276,602],[1160,2206],[973,1723],[360,603],[97,203],[151,450],[571,2056],[164,460],[232,469],[279,362],[992,1051],[195,230],[87,112],[160,273],[152,491],[180,898],[565,4195],[91,501],[143,443],[123,265],[341,570],[458,639],[60,72],[256,219],[202,130],[1121,602],[482,237],[603,213],[434,106],[808,154],[311,77],[346,123],[428,237],[271,171],[1179,891],[163,80],[497,161],[1456,307],[558,143],[262,128],[232,158],[230,88],[124,12],[108,-11],[1398,-302],[96,-5],[-21,-51],[19,-52],[-16,-46],[2541,-545],[1362,-255],[504,-108],[781,-203],[327,-105],[764,-200],[1412,-410],[829,-217],[1872,-382],[889,-158],[1465,-293],[159,-41],[311,-116],[454,-265],[1464,-1112],[702,-501],[1207,-827],[899,-665],[316,-299],[1768,-1910],[498,-481],[577,-442],[207,-142],[766,-467],[531,-301],[977,-593],[723,-390],[390,-159],[374,-118],[287,-70],[432,-68],[310,-30],[6971,-427]],[[73759,83741],[0,0]],[[78374,11201],[-1232,-13977],[-1471,-16222]],[[75671,-18998],[-16183,4076],[-2487,622],[-1506,361],[-2237,582],[-7691,1928],[4678,-16104],[-642,-3187],[-1454,-7567]],[[-160889,-265767],[5217,14195],[3405,9152],[1786,4634],[1323,3570],[1563,4330],[2944,7857],[2003,5425],[4137,11084],[5504,15005],[945,2498],[5671,15389],[1149,3044],[645,2117],[4727,12669],[63,256],[4897,12768],[320,1136],[1232,3056],[544,2032],[704,1280],[5170,15125],[863,1658],[3504,9984],[635,1592],[4589,12560],[2439,6488],[1072,2656],[838,2460],[13882,37427],[6368,17024],[1456,4208],[3445,9108],[1627,4220],[3665,9969],[2683,7366],[2844,7565]],[[78374,11201],[0,0]]]}