{"type":"Topology","transform":{"scale":[1.0E-6,1.0E-6],"translate":[-73.31460598366493,42.15074859111824]},"objects":{"MA":{"geometries":[{"arcs":[[9,10,11,-9,12]],"id":110,"type":"Polygon","properties":{"bound":{"minx":-73.50697391557162,"miny":42.0492848069616,"maxx":-73.39253282368033,"maxy":42.296788348393235},"Geoid10":"25003934300"}},{"arcs":[[13,14,-8,15,16]],"id":111,"type":"Polygon","properties":{"bound":{"minx":-73.43656760127324,"miny":42.04474931514297,"maxx":-73.29237427905288,"maxy":42.16164332013809},"Geoid10":"25003926100"}},{"arcs":[[-5,17,-7,18,19,20]],"id":173,"type":"Polygon","properties":{"bound":{"minx":-73.30250765963474,"miny":42.04136253967796,"maxx":-73.17566316701479,"maxy":42.174042696861946},"Geoid10":"25003933300"}},{"arcs":[[-4,-3,-1,-2,-6,21]],"id":194,"type":"Polygon","properties":{"bound":{"minx":-73.2895280931508,"miny":42.147189528568155,"maxx":-73.16087800036011,"maxy":42.286598000098095},"Geoid10":"25003933200"}}],"type":"GeometryCollection"}},"arcs":[[[70669,106376],[-13278,-15954],[-1588,-2059],[-456,-505],[-11917,-14680],[-4359,-5226],[-4357,-5419],[-5491,-6712],[-4688,-5689],[-275,-8557],[-201,-4020],[28,-2350],[-59,-1587],[97,-1594],[191,-1648],[357,-2626],[790,-6171]],[[153727,135849],[-14105,-1727],[-176,-54],[-8170,-927],[-8326,-1060],[-9583,-1188],[-1285,-146],[-2108,-278],[-5609,-701],[-404,-77],[-15504,-1862],[-17788,-21453]],[[25463,21579],[786,-461],[1640,-750],[1786,-739],[217,-177],[413,-225],[89,-22],[125,-71],[384,-115],[155,-29],[375,-125],[401,-77],[422,-6],[226,-55],[664,-66],[243,-60],[251,-22],[53,-28],[-31,-102],[137,-57],[353,-43],[268,45],[102,-100],[179,-26],[128,23],[205,-69],[428,-303],[185,-93],[236,6],[583,153],[258,33],[229,-170],[324,11],[325,-61],[161,-4],[205,-82],[113,-67],[129,-18],[-32,-114],[166,-9],[203,17],[207,-100],[276,53],[232,10],[231,-125],[-3,-215],[155,-137],[900,-686],[265,-313],[642,-423],[302,-138],[310,-55],[450,-143],[273,-137],[199,-22],[140,-49],[115,-98],[4195,508],[7884,919],[2264,282],[9944,1175],[22611,-20388],[38165,5377]],[[128304,2816],[-412,2200],[20496,1540],[-620,5536],[13,73],[504,1320],[4256,14130],[44,196],[-17,9934],[-46,4490],[-14,4044],[51,6523],[193,2171],[391,40983],[-112,840]],[[142387,-107407],[-778,6208],[-1049,9209],[-825,6007],[-943,7410],[-178,1557],[-942,7349],[-593,4988],[-220,1613],[-434,3518],[-800,5619],[-1202,9596],[-1496,11184],[-921,7721],[-1169,8550],[-924,7305],[-250,1797],[-1359,10592]],[[153031,96796],[27,932],[-106,1652],[321,10062],[454,26407]],[[17516,8461],[203,-789],[952,-6810],[665,-3997],[1136,-7563],[711,-4498],[608,-4402],[599,-3817],[324,-2245],[673,-4404],[-12921,-13768],[-222,-256],[47,-168],[864,-6425],[537,-4149],[185,-901],[829,-6699],[1202,-8877],[616,-4293],[676,-4899],[341,-2768],[446,-3328],[411,-3372],[824,-5726],[1065,-7816],[53,-201]],[[-74375,9343],[672,-4926],[-5128,-50],[374,-2486],[-3674,-1119],[-10001,-3115],[2421,-16395],[-12629,150],[-647,26],[-2511,12],[-14747,174],[3954,-7272],[407,-670],[1722,-3118],[4924,-9717],[3833,-7834],[-2643,-7047],[-2783,-7333],[-2775,-7564],[-5329,-22576],[-1037,-4478],[-2166,-4214]],[[-87881,107735],[2390,13981],[-15362,7327],[-29,4045],[68,8182],[-3046,804],[-4878,1222],[-7963,2098]],[[-87881,107735],[643,-3172],[5606,-30274],[-3973,68],[-997,-19],[-1283,33],[-3949,9],[-698,36],[-4891,58],[-2332,86],[94,-4477],[25,-2136],[22,-111],[136,-5814],[200,-9835],[180,-1658],[366,-2537],[-19,-134],[154,-1273],[685,-5219],[-515,-203],[-762,-268],[-150,-5283],[1219,125],[175,46],[790,56],[132,-1050],[148,-330],[1441,-11704],[1151,-8970],[511,-4247],[5427,-62],[2258,-39],[11710,-36],[2,-58]],[[-74375,9343],[672,-4926],[-5128,-50],[374,-2486],[-3674,-1119],[-10001,-3115],[2421,-16395],[-12629,150],[-647,26],[-2511,12],[-14747,174],[3954,-7272],[407,-670],[1722,-3118],[4924,-9717],[3833,-7834],[-2643,-7047],[-2783,-7333],[-2775,-7564],[-5329,-22576],[-1037,-4478],[-2166,-4214]],[[-122138,-100209],[-30195,-518],[-10387,-220],[-5398,-41],[-4590,-122],[-2210,-32],[-7355,69],[-2187,7075],[-499,1187],[-3600,11796],[-306,940],[-17,363],[-4477,13971],[-177,1250],[8579,23733],[1224,3056],[1251,3237],[2421,6804],[1548,4579],[4297,11768],[2642,7395],[2764,7618],[1082,2866],[3350,9194],[4003,10783],[4303,11778],[7204,19507],[3302,9074],[9198,25129],[7858,21239],[5731,15631],[6078,16494]],[[-87881,107735],[0,0]],[[17516,8461],[203,-789],[952,-6810],[665,-3997],[1136,-7563],[711,-4498],[608,-4402],[599,-3817],[324,-2245],[673,-4404],[-12921,-13768],[-222,-256],[47,-168],[864,-6425],[537,-4149],[185,-901],[829,-6699],[1202,-8877],[616,-4293],[676,-4899],[341,-2768],[446,-3328],[411,-3372],[824,-5726],[1065,-7816],[53,-201]],[[18340,-103710],[-31462,922],[-8235,177],[-4119,148],[-5562,89],[-10727,340],[-18190,390],[-461,-18],[-16644,453],[-13440,413],[-21062,532],[-6644,103],[-3932,-48]],[[-74375,9343],[4447,-33],[9976,-25],[7919,-121],[2069,-18],[3689,-21],[369,2],[570,27],[1075,-46],[7012,-91],[23174,-226],[4136,-58],[5185,-36],[19531,-217],[2739,-19]],[[17516,8461],[0,0]],[[142387,-107407],[-20857,613],[-12417,317],[-5489,159],[-15843,398],[-2974,49],[-1255,64],[-1891,134],[-4509,69],[-4754,199],[-7325,207],[-5928,245],[-1198,-10],[-15560,466],[-15324,438],[-958,43],[-4886,58],[-444,30],[-915,107],[-1148,99],[-372,12]],[[17516,8461],[2541,-35],[7281,-47],[-621,4615],[-359,2272],[-813,5627],[-82,686]],[[25463,21579],[786,-461],[1640,-750],[1786,-739],[217,-177],[413,-225],[89,-22],[125,-71],[384,-115],[155,-29],[375,-125],[401,-77],[422,-6],[226,-55],[664,-66],[243,-60],[251,-22],[53,-28],[-31,-102],[137,-57],[353,-43],[268,45],[102,-100],[179,-26],[128,23],[205,-69],[428,-303],[185,-93],[236,6],[583,153],[258,33],[229,-170],[324,11],[325,-61],[161,-4],[205,-82],[113,-67],[129,-18],[-32,-114],[166,-9],[203,17],[207,-100],[276,53],[232,10],[231,-125],[-3,-215],[155,-137],[900,-686],[265,-313],[642,-423],[302,-138],[310,-55],[450,-143],[273,-137],[199,-22],[140,-49],[115,-98],[4195,508],[7884,919],[2264,282],[9944,1175],[22611,-20388],[38165,5377]],[[128304,2816],[0,0]],[[153031,96796],[0,0]]]}