{"type":"Topology","transform":{"scale":[1.0E-6,1.0E-6],"translate":[-73.31183397145,42.154543266700045]},"objects":{"MA":{"geometries":[{"arcs":[[9,10,11,-9,12]],"id":110,"type":"Polygon","properties":{"bound":{"minx":-73.50697391557162,"miny":42.049284806961616,"maxx":-73.39253282368033,"maxy":42.29678834839324}}},{"arcs":[[13,14,-8,15,16]],"id":111,"type":"Polygon","properties":{"bound":{"minx":-73.43656760127324,"miny":42.04474931514297,"maxx":-73.29237427905288,"maxy":42.1616433201381}}},{"arcs":[[-5,17,-7,18,19,20]],"id":173,"type":"Polygon","properties":{"bound":{"minx":-73.30250765963474,"miny":42.041362539677976,"maxx":-73.17566316701479,"maxy":42.17404269686196}}},{"arcs":[[-4,-3,-1,-2,-6,21]],"id":194,"type":"Polygon","properties":{"bound":{"minx":-73.2895280931508,"miny":42.14718952856818,"maxx":-73.16087800036011,"maxy":42.28659800009812}}}],"type":"GeometryCollection"}},"arcs":[[[67897,102581],[-13278,-15954],[-1588,-2059],[-12373,-15185],[-4359,-5226],[-14536,-17820],[-476,-12577],[-31,-3937],[288,-3242],[1147,-8797]],[[150955,132054],[-14281,-1781],[-8170,-927],[-27315,-3450],[-15504,-1862],[-17788,-21453]],[[22691,17784],[786,-461],[3426,-1489],[630,-402],[598,-208],[931,-231],[1806,-209],[22,-130],[137,-57],[621,2],[102,-100],[512,-72],[613,-396],[1077,192],[229,-170],[810,-54],[447,-167],[-32,-114],[369,8],[207,-100],[508,63],[231,-125],[-3,-215],[155,-137],[900,-686],[265,-313],[642,-423],[1674,-544],[115,-98],[24287,2884],[22611,-20388],[38165,5378]],[[125532,-978],[-412,2199],[20496,1540],[-607,5609],[504,1320],[4300,14326],[-77,18468],[51,6523],[193,2171],[391,40983],[-112,840]],[[139615,-111202],[-1827,15417],[-4135,32442],[-800,5619],[-7321,56746]],[[150259,93001],[-79,2584],[321,10062],[454,26407]],[[14744,4666],[203,-789],[952,-6809],[2512,-16059],[2204,-14868],[-13143,-14024],[4956,-36411],[1198,-9468],[1942,-13743]],[[-77147,5548],[672,-4926],[-5128,-50],[374,-2485],[-13675,-4235],[2421,-16395],[-30534,362],[6083,-11060],[4924,-9717],[3833,-7834],[-8201,-21944],[-6366,-27054],[-2166,-4214]],[[-90653,103940],[2390,13981],[-15362,7327],[39,12227],[-15887,4124]],[[-90653,103940],[6249,-33446],[-10202,91],[-7921,180],[477,-22373],[1366,-10821],[-1277,-471],[-150,-5283],[2184,227],[132,-1050],[148,-330],[3103,-24921],[7685,-101],[11710,-36],[2,-58]],[[-77147,5548],[672,-4926],[-5128,-50],[374,-2485],[-13675,-4235],[2421,-16395],[-30534,362],[6083,-11060],[4924,-9717],[3833,-7834],[-8201,-21944],[-6366,-27054],[-2166,-4214]],[[-124910,-104004],[-52780,-933],[-7355,69],[-2187,7075],[-499,1187],[-3906,12736],[-17,363],[-4477,13971],[-177,1250],[8579,23733],[2475,6293],[3969,11383],[9703,26782],[52109,141694]],[[-90653,103940],[0,0]],[[14744,4666],[203,-789],[952,-6809],[2512,-16059],[2204,-14868],[-13143,-14024],[4956,-36411],[1198,-9468],[1942,-13743]],[[15568,-107505],[-31462,922],[-17916,414],[-10727,340],[-18651,372],[-51146,1398],[-6644,103],[-3932,-48]],[[-77147,5548],[29039,-189],[8087,-137],[54765,-556]],[[14744,4666],[0,0]],[[139615,-111202],[-20857,613],[-36723,923],[-3146,198],[-4509,69],[-18007,651],[-33040,937],[-4886,58],[-2879,248]],[[14744,4666],[9822,-82],[-1875,13200]],[[22691,17784],[786,-461],[3426,-1489],[630,-402],[598,-208],[931,-231],[1806,-209],[22,-130],[137,-57],[621,2],[102,-100],[512,-72],[613,-396],[1077,192],[229,-170],[810,-54],[447,-167],[-32,-114],[369,8],[207,-100],[508,63],[231,-125],[-3,-215],[155,-137],[900,-686],[265,-313],[642,-423],[1674,-544],[115,-98],[24287,2884],[22611,-20388],[38165,5378]],[[125532,-978],[0,0]],[[150259,93001],[0,0]]]}