{"type":"Topology","transform":{"scale":[1.0E-6,1.0E-6],"translate":[-73.2297705582123,42.70282405580096]},"objects":{"MA":{"geometries":[{"arcs":[[1,2,3,4,5,6,7]],"id":71,"type":"Polygon","properties":{"bound":{"minx":-73.30681255053669,"miny":42.62667048225169,"maxx":-73.16880463670557,"maxy":42.72562500781244}}},{"arcs":[[8,9,-1,10,11]],"id":72,"type":"Polygon","properties":{"bound":{"minx":-73.27211152509706,"miny":42.68661610445822,"maxx":-73.16365751282387,"maxy":42.747440760262535}}}],"type":"GeometryCollection"}},"arcs":[[[-43390,21030],[2933,259],[549,-68],[551,-209],[972,-854],[1512,-1085],[1053,-1061],[916,-1182],[483,-316],[1331,-355],[657,-353],[1350,-1725],[185,-475],[149,-702],[-159,-957],[171,-606],[1443,-1383],[3160,-2221],[1984,-839],[1150,-911],[546,-316],[765,-148],[1687,117],[741,-175],[384,-226],[655,-683],[474,-351],[542,-195],[1351,-267],[426,-218],[1185,-895],[1705,-465],[1262,-543],[431,-291],[1681,-1914],[1224,-960],[222,-297],[122,-399],[24,-2176],[-950,53],[195,-314],[742,-32],[-30,-330],[-1227,-2644],[-285,-783],[-308,-1455],[25,-572],[450,-1551],[961,-1488],[476,-422],[528,-313],[843,-248],[1845,-291],[929,-352],[747,-449],[253,145],[882,184],[879,495],[449,110],[935,1796],[660,1557],[2590,4735],[722,2506],[396,929],[1466,1643],[247,385],[332,1388],[656,4696],[266,708],[799,1209],[518,421],[1603,839],[603,213],[1899,460],[699,408],[1342,971],[2511,611],[724,374],[1726,-306],[-18,-149],[4407,-908],[4113,-1135],[4226,-833],[470,-157],[4726,-3370],[2084,-2209],[1075,-923],[2481,-1502],[1113,-549],[661,-188],[742,-98],[6971,-427]],[[53576,-1577],[-1066,-14209],[3982,-226],[5507,-158],[-1986,-26481]],[[60013,-42651],[-1451,-25714]],[[58562,-68365],[-371,-5752]],[[58191,-74117],[-69805,2030],[-8166,160],[-15934,561],[-41499,1188]],[[-77213,-70178],[13097,34806],[20726,56402]],[[-43390,21030],[2933,259],[549,-68],[551,-209],[972,-854],[1512,-1085],[1053,-1061],[916,-1182],[483,-316],[1331,-355],[657,-353],[1350,-1725],[185,-475],[149,-702],[-159,-957],[171,-606],[1443,-1383],[3160,-2221],[1984,-839],[1150,-911],[546,-316],[765,-148],[1687,117],[741,-175],[384,-226],[655,-683],[474,-351],[542,-195],[1351,-267],[426,-218],[1185,-895],[1705,-465],[1262,-543],[431,-291],[1681,-1914],[1224,-960],[222,-297],[122,-399],[24,-2176],[-950,53],[195,-314],[742,-32],[-30,-330],[-1227,-2644],[-285,-783],[-308,-1455],[25,-572],[450,-1551],[961,-1488],[476,-422],[528,-313],[843,-248],[1845,-291],[929,-352],[747,-449],[253,145],[882,184],[879,495],[449,110],[935,1796],[660,1557],[2590,4735],[722,2506],[396,929],[1466,1643],[247,385],[332,1388],[656,4696],[266,708],[799,1209],[518,421],[1603,839],[603,213],[1899,460],[699,408],[1342,971],[2511,611],[724,374],[1726,-306],[-18,-149],[4407,-908],[4113,-1135],[4226,-833],[470,-157],[4726,-3370],[2084,-2209],[1075,-923],[2481,-1502],[1113,-549],[661,-188],[742,-98],[6971,-427]],[[53576,-1577],[0,0]],[[66204,41158],[-2338,-32151]],[[63866,9007],[-9469,452],[-821,-11036]],[[-43390,21030],[8204,22085],[15403,-110],[4329,-320],[81658,-1527]],[[66204,41158],[0,0]]]}