{"type":"Topology","transform":{"scale":[1.0E-6,1.0E-6],"translate":[-73.3393882770941,42.13530434712463]},"objects":{"MA":{"geometries":[{"arcs":[[4,5,6,-4,7]],"id":110,"type":"Polygon","properties":{"bound":{"minx":-73.50697391557162,"miny":42.0492848069616,"maxx":-73.39253282368033,"maxy":42.296788348393235},"Geoid10":"25003934300"}},{"arcs":[[8,9,-3,10,11]],"id":111,"type":"Polygon","properties":{"bound":{"minx":-73.43656760127324,"miny":42.04474931514297,"maxx":-73.29237427905288,"maxy":42.16164332013809},"Geoid10":"25003926100"}},{"arcs":[[-1,12,-2,13,14,15]],"id":173,"type":"Polygon","properties":{"bound":{"minx":-73.30250765963474,"miny":42.04136253967796,"maxx":-73.17566316701479,"maxy":42.174042696861946},"Geoid10":"25003933300"}}],"type":"GeometryCollection"}},"arcs":[[[167170,-91963],[-778,6208],[-1049,9209],[-825,6007],[-943,7410],[-178,1557],[-942,7349],[-593,4988],[-220,1613],[-434,3518],[-800,5619],[-1202,9596],[-1496,11184],[-921,7721],[-1169,8550],[-924,7304],[-250,1797],[-1359,10593]],[[42299,23905],[203,-789],[952,-6810],[665,-3998],[1136,-7563],[711,-4498],[608,-4401],[599,-3817],[324,-2245],[673,-4404],[-12921,-13768],[-222,-256],[47,-168],[864,-6425],[537,-4149],[185,-901],[829,-6699],[1202,-8877],[616,-4293],[676,-4899],[341,-2768],[446,-3328],[411,-3372],[824,-5726],[1065,-7816],[53,-201]],[[-49592,24787],[672,-4926],[-5128,-50],[374,-2486],[-3674,-1119],[-10001,-3116],[2421,-16394],[-12629,150],[-647,26],[-2511,12],[-14747,174],[3954,-7272],[407,-670],[1722,-3118],[4924,-9717],[3833,-7834],[-2643,-7047],[-2783,-7333],[-2775,-7564],[-5329,-22576],[-1037,-4478],[-2166,-4214]],[[-63098,123179],[2390,13981],[-15362,7327],[-29,4045],[68,8182],[-3046,804],[-4878,1222],[-7963,2098]],[[-63098,123179],[643,-3172],[5606,-30274],[-3973,68],[-997,-19],[-1283,33],[-3949,9],[-698,36],[-4891,58],[-2332,86],[94,-4477],[25,-2136],[22,-111],[136,-5814],[200,-9835],[180,-1658],[366,-2537],[-19,-134],[154,-1273],[685,-5219],[-515,-203],[-762,-268],[-150,-5283],[1219,125],[175,46],[790,56],[132,-1050],[148,-330],[1441,-11704],[1151,-8970],[511,-4247],[5427,-62],[2258,-39],[11710,-36],[2,-58]],[[-49592,24787],[672,-4926],[-5128,-50],[374,-2486],[-3674,-1119],[-10001,-3116],[2421,-16394],[-12629,150],[-647,26],[-2511,12],[-14747,174],[3954,-7272],[407,-670],[1722,-3118],[4924,-9717],[3833,-7834],[-2643,-7047],[-2783,-7333],[-2775,-7564],[-5329,-22576],[-1037,-4478],[-2166,-4214]],[[-97355,-84765],[-30195,-518],[-10387,-220],[-5398,-41],[-4590,-122],[-2210,-32],[-7355,69],[-2187,7075],[-499,1187],[-3600,11796],[-306,940],[-17,363],[-4477,13971],[-177,1250],[8579,23733],[1224,3056],[1251,3237],[2421,6804],[1548,4579],[4297,11767],[2642,7395],[2764,7619],[1082,2866],[3350,9194],[4003,10783],[4303,11778],[7204,19507],[3302,9074],[9198,25129],[7858,21239],[5731,15631],[6078,16494]],[[-63098,123179],[0,0]],[[42299,23905],[203,-789],[952,-6810],[665,-3998],[1136,-7563],[711,-4498],[608,-4401],[599,-3817],[324,-2245],[673,-4404],[-12921,-13768],[-222,-256],[47,-168],[864,-6425],[537,-4149],[185,-901],[829,-6699],[1202,-8877],[616,-4293],[676,-4899],[341,-2768],[446,-3328],[411,-3372],[824,-5726],[1065,-7816],[53,-201]],[[43123,-88266],[-31463,922],[-8235,177],[-4118,148],[-5562,89],[-10727,340],[-18190,390],[-461,-18],[-16644,453],[-13440,413],[-21062,532],[-6644,103],[-3932,-48]],[[-49592,24787],[4447,-33],[9976,-25],[7919,-121],[2069,-18],[3689,-21],[369,2],[570,27],[1075,-46],[7012,-91],[23173,-226],[4136,-58],[5185,-36],[19532,-217],[2739,-19]],[[42299,23905],[0,0]],[[167170,-91963],[-20857,613],[-12417,317],[-5489,159],[-15843,398],[-2974,49],[-1255,64],[-1891,134],[-4509,69],[-4754,199],[-7325,207],[-5928,245],[-1198,-10],[-15560,466],[-15324,438],[-958,43],[-4886,58],[-444,30],[-915,107],[-1148,99],[-372,12]],[[42299,23905],[2541,-35],[7281,-47],[-621,4615],[-359,2272],[-813,5627],[-82,686]],[[50246,37023],[786,-461],[1640,-750],[1786,-739],[217,-177],[413,-225],[89,-22],[125,-71],[384,-115],[155,-29],[375,-125],[401,-77],[422,-6],[226,-55],[664,-66],[243,-60],[251,-22],[53,-28],[-31,-102],[137,-57],[353,-43],[268,45],[102,-100],[179,-26],[128,23],[205,-69],[428,-303],[185,-93],[236,6],[583,153],[258,33],[229,-170],[324,11],[325,-61],[161,-4],[205,-82],[113,-67],[129,-18],[-32,-114],[166,-9],[203,17],[207,-100],[276,53],[232,10],[231,-125],[-3,-215],[155,-137],[900,-686],[265,-313],[642,-423],[302,-138],[310,-55],[450,-143],[273,-137],[199,-22],[140,-49],[115,-98],[4195,508],[7884,919],[2264,282],[9944,1175],[22611,-20389],[38165,5378]],[[153087,18260],[0,0]]]}