{"type":"Topology","transform":{"scale":[1.0E-6,1.0E-6],"translate":[-70.83232684086352,42.77311764709585]},"objects":{"MA":{"geometries":[{"arcs":[[8,9,10,-8,11,-1,-2,-3,12],[13,14,15,16,-5,17,-7,18],[-4,19],[20],[21],[22],[23],[24],[25],[26],[27],[28],[29],[30],[31,32,33],[34,35,36],[-6,37]],"id":486,"type":"Polygon","properties":{"bound":{"minx":-70.9673623068401,"miny":42.73551510744522,"maxx":-70.79399062610712,"maxy":42.81142183455177}}}],"type":"GeometryCollection"}},"arcs":[[[-85096,14377],[-8827,-6469],[-3009,-1226],[-2627,-817],[-1725,-248],[-2803,-1292],[-4120,-1634],[-1883,-963],[-2154,-1523],[-992,-850],[-987,-634],[-464,-188],[-515,-55],[-939,-692],[-1296,-754],[-225,-386],[-1710,-902],[-971,137],[-356,-110],[-3802,-1800],[-1463,-1436],[-1333,709],[-3739,-1004],[-3319,-5642],[-487,-1389]],[[-58487,21187],[-346,191],[-969,104],[-703,283],[-836,55],[-868,431],[-1172,746],[-434,484],[-218,122],[-861,360],[-808,117],[-30,274],[108,254],[-85,634],[-7086,-919],[-2043,-1611],[-1516,-1346],[-8742,-6989]],[[-43139,24833],[-15348,-3646]],[[7124,30379],[-2203,-1061]],[[15673,34424],[-4139,-1912]],[[1818,27843],[-538,-255]],[[23717,38392],[-4702,-2276]],[[-127366,-19284],[10084,-5753],[18872,-9523],[6612,-2565]],[[-20092,25720],[11374,-2930],[5307,2562]],[[-3411,25352],[1246,48],[613,253],[784,71],[257,-73],[-544,-283],[-46,-311],[209,-96],[54,-296],[164,-47],[8,-90],[-101,-263],[-264,-265],[302,41],[117,-75],[179,-182],[128,-357],[632,50],[-125,381],[-550,311],[326,554],[-16,144],[-272,239],[-364,169],[101,124],[418,78],[240,270],[986,-25],[-155,-137],[241,-199],[-55,-285],[-303,-185],[9,-90],[450,-83],[-179,165],[187,133],[85,334],[-202,186],[698,259],[1685,257],[1521,28],[443,75],[1009,399],[877,167],[381,-39],[582,-238],[404,-341],[776,-1090],[357,-193],[536,49],[124,-353],[-613,-127],[-62,-154],[272,-307],[202,-555],[404,-403],[-490,-278],[-224,-553],[-117,-87],[-652,-105],[-39,-240],[163,-272],[-62,-217],[-334,-28],[-426,106],[-575,14],[-854,-320],[-124,-191],[396,-98],[155,-119],[-69,-190],[-2492,-1341],[-202,82],[-1040,1087],[-388,178],[-93,418],[-350,579],[-582,194],[-64,-68],[-91,28],[-39,-81],[450,-82],[326,-171],[101,-633],[427,-488],[326,-135],[1064,-1077],[217,-28],[978,641],[1584,688],[116,164],[-132,502],[116,164],[505,80],[582,-198],[536,90],[263,283],[-194,456],[745,170],[195,552],[465,174],[3160,-1413],[365,-328],[233,31],[295,-94],[2111,-1097],[458,-110],[287,163],[225,26],[862,-1369],[1499,-1269],[-691,-587],[-792,-2520],[46,-549],[800,-721],[-23,-216],[-202,-98],[-473,123],[-970,43],[-730,-57],[-784,92],[-621,-10],[-264,95],[-373,354],[109,168],[1079,130],[326,311],[-16,315],[-543,1041],[-350,282],[-364,57],[-489,-120],[-939,-564],[-288,85],[-271,388],[-264,171],[-349,98],[-761,33],[-1032,-88],[-358,-155],[-163,-290],[280,-671],[-46,-483],[-257,-162],[-388,-28],[-225,95],[-404,899],[-318,323],[-372,242],[-466,-48],[-473,-196],[-39,-667],[-179,-355],[-310,-243],[-349,-123],[-171,16],[-249,153],[39,420],[559,783],[-93,386],[-171,118],[-1421,117],[-978,-461],[-1024,-12],[-605,-118],[-249,46],[-691,462],[210,300],[-31,247],[-218,190],[-287,104],[-738,-228],[-147,29],[-8,189],[171,372],[-47,157],[-582,243],[-140,146],[47,361],[-201,46],[-365,-37],[-318,-262],[-186,-291],[224,71],[365,348],[125,16],[170,-479],[636,-188],[-248,-572],[70,-224],[412,-42],[853,103],[86,-111],[-342,-469],[-783,-53],[-187,-332],[-505,109],[-177,-48],[-271,-261],[-319,-27],[-101,-137],[55,-175],[-427,-187],[505,53],[209,323],[241,54],[348,221],[396,-209],[147,20],[202,449],[1188,-89],[271,-203],[62,-580],[218,-235],[8,-220],[613,-360],[0,-508],[-271,-36],[-451,87],[-745,-516],[-170,-368],[124,-164],[1032,-92],[62,-71],[-23,-707],[-193,-1034],[-388,-74],[-676,138],[-403,-70],[-202,-192],[-54,-339],[-419,-236],[233,-347],[139,-12],[-69,310],[294,257],[101,407],[419,105],[714,-204],[280,36],[209,183],[139,412],[179,165],[-124,444],[0,909],[-241,100],[-621,-1],[-171,119],[124,308],[365,303],[132,47],[652,-102],[303,262],[30,513],[-667,395],[-78,431],[171,142],[939,290],[792,-204],[170,17],[637,474],[209,75],[1025,30],[147,-97],[-620,-987],[-8,-261],[46,-216],[234,-288],[248,-114],[287,-26],[326,77],[264,166],[652,618],[233,801],[224,44],[280,-198],[241,-343],[194,-614],[264,-284],[691,-227],[225,44],[644,487],[0,604],[-288,562],[303,118],[1421,126],[186,-42],[698,-790],[311,-68],[497,71],[458,183],[388,551],[186,30],[248,-149],[637,-1142],[-31,-127],[-311,-122],[-838,-99],[-209,-323],[-342,-248],[16,-221],[225,-275],[7,-221],[-217,-323],[-225,-71],[-240,136],[-1,634],[-333,355],[-264,100],[-706,70],[-326,-136],[-233,-220],[-47,-366],[155,-105],[1111,-293],[116,-165],[-16,-122],[-357,-298],[-962,-65],[-171,-124],[39,-175],[233,-168],[46,-192],[-100,-205],[-225,-8],[-505,307],[248,-311],[280,-166],[202,-47],[124,74],[163,390],[-264,334],[39,77],[892,68],[536,441],[-1,288],[-131,137],[-1009,331],[-226,177],[-7,112],[163,138],[287,121],[380,11],[489,-163],[171,-196],[15,-585],[117,-151],[318,-144],[373,101],[302,423],[-7,162],[-272,374],[830,-545],[707,56],[1157,-184],[1040,62],[287,-135],[155,-174],[334,-737],[23,-1148],[388,-939],[566,-1009],[148,-565],[-357,-735],[-342,-334],[-170,11],[-202,231],[47,306],[-148,-38],[-85,-339],[318,-387],[-799,-706],[-846,-355],[-287,0],[-823,189],[-823,-107],[-217,-103],[-202,-174],[722,218],[761,-64],[178,-47],[62,-102],[-504,-197],[-303,-257],[-543,-774],[-605,-379],[-1351,-229],[-1039,123],[-218,78],[-318,346],[62,1154],[-132,241],[-458,461],[-947,547],[-326,283],[326,267],[-163,677],[326,365],[-55,107],[-380,202],[-993,-318],[939,164],[170,-115],[-15,-203],[-248,-229],[132,-569],[-380,-218],[85,-183],[233,-141],[15,-121],[-1342,343],[-854,50],[-838,-275],[-442,-290],[-365,-542],[-62,-613],[287,-554],[567,-513],[-722,-242],[-256,-265],[-155,-52],[-1063,-62],[-567,275],[-737,141],[-450,313],[-567,139],[-341,292],[-24,333],[-411,767],[-109,62],[-31,-154],[334,-841],[288,-486],[690,-259],[551,-352],[893,-143],[481,-231],[613,-44],[760,134],[450,385],[505,152],[1451,-76],[714,-187],[458,-253],[272,-505],[-86,-474],[-473,-863],[-458,-295],[-520,-36],[-768,105],[-985,-74],[-241,122],[-62,247],[295,302],[201,367],[-77,391],[-140,142],[-497,68],[-760,-264],[-163,-205],[109,-791],[-481,-300],[-365,-105],[31,-99],[497,94],[574,302],[15,252],[-201,384],[-16,248],[101,136],[528,193],[349,10],[310,-220],[-15,-207],[-442,-687],[-8,-257],[108,-169],[319,-198],[-55,-271],[132,-911],[-1055,-386],[-194,-12],[-388,296],[-535,59],[-504,-211],[-210,-454],[-171,-34],[-295,247],[-814,204],[-924,-56],[-287,423],[-194,105],[-334,-136],[-543,217],[-745,-125],[85,-75],[598,37],[372,-237],[544,-32],[489,-321],[970,-7],[372,-89],[505,-338],[434,74],[225,161],[248,383],[536,4],[179,-232],[-738,-286],[-279,-270],[-16,-122],[226,-141],[77,24],[-70,238],[132,92],[652,276],[931,163],[442,147],[404,223],[124,353],[-63,736],[202,206],[466,93],[1405,-167],[287,68],[349,240],[535,652],[210,548],[54,789],[-179,326],[-535,374],[-458,119],[-1599,123],[-357,93],[-372,260],[-365,624],[7,356],[450,696],[458,264],[862,32],[1071,-168],[1079,-406],[597,-346],[171,-272],[-93,-771],[47,-549],[131,-232],[388,-345],[745,-312],[1568,88],[1529,497],[427,385],[139,349],[349,447],[202,97],[187,-91],[-32,-298],[-209,-458],[-504,-836],[-365,-839],[62,-675],[-520,285],[-264,-63],[-124,-177],[272,-433],[-8,468],[124,88],[427,-408],[163,-587],[473,-928],[-54,-532],[-396,-529],[-1109,-868],[-869,-437],[-590,-491],[-209,-116],[-163,6],[-8,-176],[-225,-345],[-101,-587],[-302,139],[-707,97],[-155,186],[-225,-170],[-442,20],[-171,974],[101,182],[-24,211],[-264,248],[-822,501],[47,104],[349,64],[-8,220],[-473,-142],[-70,-100],[62,-242],[1001,-588],[-140,-511],[78,-480],[-240,-171],[-155,-20],[-249,207],[78,-269],[310,-107],[210,71],[155,-245],[-248,-986],[-194,-129],[-233,37],[-396,480],[-380,282],[-528,126],[-900,40],[-132,66],[-349,750],[-194,200],[-249,109],[-1156,143],[-294,113],[-420,-88],[-108,-128],[39,-234],[-85,-100],[-839,-94],[-201,298],[-303,247],[-404,-249],[-1202,-137],