{"type":"Topology","transform":{"scale":[1.0E-6,1.0E-6],"translate":[-70.0312067496056,41.931749081345096]},"objects":{"MA":{"geometries":[{"arcs":[[1,2,3,4,5]],"id":215,"type":"Polygon","properties":{"bound":{"minx":-70.1565148769187,"miny":41.95877772429707,"maxx":-69.99417194102621,"maxy":42.074878010679605}}},{"arcs":[[6,7,-1,8],[9],[10],[11]],"id":216,"type":"Polygon","properties":{"bound":{"minx":-70.0792666611904,"miny":41.87727161804668,"maxx":-69.95457872462914,"maxy":41.96623176383196}}}],"type":"GeometryCollection"}},"arcs":[[[34477,35044],[-31341,-2797],[-10729,-1129],[-38669,-5047]],[[34477,35044],[-31341,-2797],[-10729,-1129],[-38669,-5047]],[[-46262,26071],[-113,678],[-1,1203],[419,1526],[301,3212],[-45,1438],[103,543],[-268,11491],[-435,3480],[72,3750],[-229,1603],[-920,2355],[-950,1460],[-59,752],[1155,132],[310,-461],[316,-181],[692,-154],[611,154],[596,533],[2318,-324],[213,-121],[88,-131],[-147,-110],[-331,159],[-331,-66],[-338,-362],[-140,-368],[257,-28],[464,275],[280,55],[198,-132],[74,-549],[552,-131],[390,5],[206,-176],[-154,-477],[-236,-253],[-684,-269],[-103,-126],[7,-456],[-375,-450],[148,-225],[412,-115],[-302,-412],[405,60],[73,247],[258,209],[-788,247],[427,307],[110,500],[707,412],[125,148],[279,802],[110,27],[471,-159],[221,-154],[250,-477],[126,461],[22,648],[-67,77],[-809,137],[-361,153],[-316,264],[14,785],[-316,681],[95,88],[913,203],[522,-105],[486,330],[832,60],[257,165],[508,126],[1906,1252],[493,176],[-67,77],[-427,-6],[288,242],[331,708],[272,368],[1354,198],[861,307],[411,39],[-192,166],[153,113],[-1204,-87],[-1152,-403],[-732,-372],[-382,-708],[-346,-340],[-574,-330],[-3885,-1427],[-523,-105],[-942,868],[-501,312],[-419,379],[-560,741],[-625,522],[-1362,1432],[66,-346],[-66,-197],[155,-170],[721,-357],[-243,-176],[125,-433],[-139,-187],[-310,71],[-338,857],[-494,620],[-633,1564],[-162,275],[-184,60],[-257,-1306],[236,-1109],[125,-2026],[206,-308],[427,-296],[589,-93],[795,22],[22,-82],[-383,-248],[-890,6],[-603,-105],[-214,-87],[-353,-341],[-279,-104],[-74,-291],[-758,-88],[537,324],[22,1230],[-848,4578],[-580,2589],[-1591,4738],[-671,2657],[-656,1635],[-73,571],[-325,698],[-177,900],[-243,368],[-508,1828],[-722,1866],[-413,631],[-147,533],[-251,373],[-729,1718],[-266,390],[-390,1010],[-1046,1965],[-280,736],[-959,1647],[-449,598],[-251,554],[-3146,4441],[-3242,3595],[-1179,1086],[-663,500],[-228,291],[-3132,2804],[-4369,3528],[-2498,1833],[-2410,1465],[-2314,1311],[-1466,735],[-634,416],[-4252,2068],[-2159,938],[-2129,1086],[-5850,2227],[-2547,896],[-1098,473],[-4117,1297],[-390,429],[-1001,478],[-655,714],[-383,247],[-1672,665],[-1451,335],[-1244,830],[-1407,489],[-1127,301]],[[-116203,129902],[51,2219],[814,1367],[-4835,7384],[-2638,4247]],[[-122811,145119],[523,-161],[1046,-165],[1960,-220],[3654,-913],[2026,-127],[2910,-939],[3382,-918],[1297,-265],[2902,-1049],[2504,-660],[2439,-496],[3197,-792],[3762,-632],[524,-335],[339,-115],[3773,-1003],[1651,-361],[1886,-746],[1651,-466],[2049,-982],[2241,-899],[6219,-1809],[1209,-669],[1657,-620],[1194,-148],[472,-505],[1525,-724],[2049,-642],[1996,-872],[708,-406],[3352,-1295],[803,-472],[2314,-894],[619,-417],[1186,-313],[1878,-1015],[1481,-599],[1820,-1064],[3057,-1965],[1606,-917],[619,-258],[1400,-818],[942,-400],[1370,-730],[1820,-1280],[2151,-1224],[2062,-1372],[744,-362],[449,-396],[656,-346],[2651,-1965],[2231,-2097],[714,-461],[3064,-2350],[699,-440],[3210,-3074],[950,-802],[751,-401],[707,-571],[964,-1087],[714,-626],[140,-247],[2525,-2136],[1244,-1252],[522,-642],[3467,-3542],[2230,-2125],[1575,-1812],[2250,-2724],[714,-1115],[1317,-1191],[949,-1142],[470,-703],[971,-994],[1545,-2120],[559,-1098],[471,-687],[3346,-4025],[431,-738],[979,-939],[845,-972],[846,-1559],[603,-824],[14,-368],[177,-280],[617,-675],[1052,-1456],[544,-532],[132,-527],[515,-522],[242,-483],[1633,-1643],[1962,-3772],[2469,-3701],[1852,-2472],[706,-1213],[2182,-2856],[133,77],[0,313],[140,-55],[330,-956],[1249,-2208],[551,-708],[3060,-4801]],[[34477,35044],[0,0]],[[74537,-51725],[-1361,-239],[-21946,-2611],[-695,-148],[-911,76],[-1242,285],[-1314,-225],[-1330,37],[-1844,263],[-1293,-231],[-867,88],[-580,-138],[-1094,-533],[-1777,-484],[-1521,378],[-624,-66],[-683,-248],[-353,61],[-970,230],[-22,280],[-448,-110],[-147,406],[-81,5],[-169,-395],[59,-209],[-323,-16],[-213,175],[-147,17],[-155,-28],[-205,-187],[-162,159],[95,374],[-951,331],[-345,241],[-771,-307],[-595,-43],[-323,384],[-236,-99],[-51,-142],[-492,241],[-44,-126],[139,-225],[-103,-99],[-469,390],[-427,-159],[-279,236],[-558,1],[-107,279],[-743,370],[-25,86],[569,777]],[[26403,-52623],[-340,-655],[96,-121],[676,861],[67,659],[-88,357],[375,154],[184,247],[-206,181],[-44,324],[-396,252],[-161,209],[-8,110],[603,357],[-117,521],[-602,489],[-22,110],[176,197],[368,115],[411,-137],[882,593],[420,817],[257,297],[677,417],[58,159],[603,609],[375,230],[545,802],[183,54],[484,-100],[485,159],[220,-10],[198,-192],[-271,-303],[15,-247],[-345,-66],[-418,-620],[-332,-224],[-170,-560],[500,181],[245,-50],[-554,-274],[-29,-120],[972,235],[265,159],[176,-77],[45,-598],[-155,-33],[-345,76],[-183,-252],[44,-50],[587,34],[199,-61],[338,-395],[331,-104],[147,-203],[-257,-307],[52,-275],[154,-115],[73,340],[309,193],[286,521],[-177,275],[-580,-6],[-338,164],[51,286],[-257,-154],[-96,22],[418,1246],[-8,478],[279,110],[118,170],[396,204],[338,401],[131,554],[257,88],[74,148],[389,253],[514,478],[176,275],[536,274],[-44,94],[-169,44],[-470,-45],[212,248],[-793,180],[-8,308],[-250,159],[-382,76],[22,176],[198,39],[346,-258],[139,55],[-7,170],[139,121],[162,-132],[118,0],[65,297],[199,49],[51,83],[-191,510],[-125,-44],[-7,-93],[110,-313],[-66,-82],[-514,131],[-176,-291],[58,-242],[-176,116],[-118,323],[-117,83],[-956,268],[15,-153],[257,-154],[500,-126],[103,-88],[-463,-362],[52,-110],[632,-313],[0,-99],[-440,-247],[-904,137],[-632,-61],[-404,-170],[-220,71],[-243,209],[-324,554],[-426,237],[-1160,1066],[-352,198],[-353,-104],[-316,22],[-580,302],[-360,483],[-426,105],[-264,170],[-103,165],[52,214],[809,735],[-360,379],[360,346],[434,60],[279,-176],[177,77],[308,-132],[1324,1048],[-74,137],[162,209],[-7,242],[405,828],[-242,324],[-155,72],[67,71],[272,11],[213,143],[66,164],[-147,385],[23,219],[535,164],[-15,236],[-199,367],[59,132],[213,110],[294,33],[279,-131],[250,-286],[434,-65],[191,60],[-30,77],[-522,263],[147,357],[-845,49],[-849,248],[155,379],[-279,-82],[-272,-313],[51,-560],[-397,143],[-316,17],[-984,478],[-970,231],[-243,148],[-257,258],[-44,165],[324,357],[155,472],[596,351],[-8,242],[-154,219],[-1117,-318],[154,-132],[-470,-279],[-192,-319],[-588,-565],[-316,-71],[-412,154],[-323,439],[16,1230],[273,1647],[-204,1378],[88,165],[294,214],[603,230],[530,466],[500,302],[-346,-423],[-831,-746],[-111,-384],[250,-384],[749,-325],[779,60],[456,165],[478,280],[839,1075],[985,307],[308,-22],[265,-192],[1019,-216],[310,-483],[396,-16],[1154,698],[286,621],[139,-99],[889,824],[720,401],[161,203],[300,1252],[279,533],[221,22],[125,-121],[96,-549],[316,-390],[228,-494],[287,-32],[-213,269],[80,417],[-184,154],[448,477],[279,77],[353,-27],[420,-521],[272,-132],[184,-236],[29,384],[-567,703],[-287,181],[-95,219],[734,484],[360,50],[213,313],[360,137],[272,242],[316,11],[213,-253],[228,-5],[-110,225],[-346,247],[-463,49],[-184,99],[301,181],[677,-22],[117,138],[265,22],[257,159],[183,-137],[125,55],[-162,241],[-338,181],[265,110],[191,292],[-265,-45],[-558,-258],[88,-236],[-316,-55],[-346,176],[-169,-6],[-418,-373],[-478,-220],[-308,93],[-478,-55],[-81,71],[110,549],[-1,154],[-88,-6],[-645,-1169],[66,-154],[529,-66],[-66,-247],[-580,-258],[-1294,-176],[-279,93],[-1832,1536],[-73,170],[242,220],[463,71],[522,215],[213,165],[557,862],[0,428],[-493,779],[-647,121],[-676,-61],[-911,-242],[-2021,-380],[-1298,-772],[-596,-505],[-368,-538],[-66,-302],[88,-620],[874,-83],[1192,-265],[1449,-889],[1177,-570],[477,-93],[1,-225],[-353,-160],[-478,-44],[-250,110],[-390,345],[-536,220],[-360,65],[-170,-5],[-95,-220],[-867,-220],[-1651,90],[-125,-99],[-8,-170],