{"type":"Topology","transform":{"scale":[1.0E-6,1.0E-6],"translate":[-70.07742124614539,42.01876879251657]},"objects":{"MA":{"geometries":[{"arcs":[[0,1,2,3,4]],"id":215,"type":"Polygon","properties":{"bound":{"minx":-70.1565148769187,"miny":41.958777724297065,"maxx":-69.99417194102621,"maxy":42.07487801067959},"Geoid10":"25001010208"}}],"type":"GeometryCollection"}},"arcs":[[[80692,-51974],[-8546,-788],[-8821,-792],[-5915,-527],[-8059,-690],[-3965,-404],[-6765,-725],[-16553,-2161],[-1696,-207],[-1048,-147],[-19371,-2532]],[[-47,-60947],[-113,678],[-15,741],[14,462],[418,1526],[22,467],[66,505],[22,477],[117,912],[44,658],[30,193],[-45,1438],[103,543],[-1,2010],[-44,1608],[-67,741],[-15,1324],[-59,653],[-52,2069],[-30,3086],[-103,571],[-82,1191],[-154,906],[-95,812],[29,390],[29,2245],[-15,500],[29,615],[-89,961],[-140,642],[-309,708],[-154,456],[-457,1191],[-265,472],[-353,527],[-251,291],[-81,170],[-59,752],[1155,132],[148,-291],[162,-170],[316,-181],[375,-115],[316,-39],[316,44],[295,110],[213,154],[287,340],[96,39],[552,-61],[1766,-263],[213,-121],[88,-131],[-44,-77],[-103,-33],[-331,159],[-154,0],[-177,-66],[-191,-187],[-147,-175],[-140,-368],[103,-44],[154,16],[221,105],[243,170],[280,55],[103,-44],[95,-88],[30,-428],[44,-121],[81,-55],[471,-76],[390,5],[110,-49],[96,-127],[-22,-208],[-132,-269],[-236,-253],[-221,-121],[-463,-148],[-103,-126],[-52,-198],[59,-258],[-102,-132],[-177,-148],[-96,-170],[15,-115],[133,-110],[147,-60],[265,-55],[7,-61],[-250,-181],[-66,-110],[7,-60],[96,-22],[309,82],[73,247],[103,88],[147,94],[8,27],[-133,82],[-618,110],[-37,55],[361,236],[66,71],[66,236],[44,264],[707,412],[125,148],[213,456],[66,346],[110,27],[471,-159],[221,-154],[221,-461],[29,-16],[67,22],[59,439],[22,648],[-67,77],[-331,27],[-478,110],[-361,153],[-221,160],[-95,104],[-52,176],[15,280],[51,329],[-59,187],[-257,367],[0,127],[95,88],[913,203],[117,-11],[251,-94],[154,0],[486,330],[257,55],[398,-33],[177,38],[257,165],[508,126],[213,121],[464,324],[596,335],[633,472],[493,176],[-8,60],[-59,17],[-390,-50],[-36,17],[-1,27],[288,242],[176,324],[155,384],[272,368],[198,55],[663,93],[493,50],[861,307],[309,60],[102,-21],[-192,166],[153,113],[-151,28],[-1053,-115],[-1152,-403],[-364,-168],[-368,-204],[1,-60],[-155,-252],[-30,-94],[-198,-302],[-346,-340],[-574,-330],[-1310,-516],[-1288,-428],[-404,-176],[-552,-170],[-331,-137],[-457,-110],[-66,5],[-184,110],[-493,511],[-265,247],[-501,312],[-419,379],[-155,242],[-405,499],[-161,170],[-464,352],[-641,669],[-603,687],[-118,76],[-52,-33],[118,-313],[-66,-197],[155,-170],[603,-280],[118,-77],[-22,-49],[-191,-44],[-30,-83],[110,-230],[15,-203],[-139,-187],[-162,-6],[-148,77],[-95,132],[-125,472],[-118,253],[-494,620],[-117,285],[-206,604],[-309,675],[-162,275],[-118,71],[-66,-11],[-59,-110],[-37,-554],[-161,-642],[44,-379],[192,-730],[29,-390],[30,-1323],[66,-313],[206,-308],[170,-159],[257,-137],[264,-71],[324,-22],[795,22],[22,-82],[-184,-160],[-199,-88],[-890,6],[-602,-105],[-214,-87],[-353,-341],[-279,-104],[0,-148],[-74,-143],[-758,-88],[66,66],[383,159],[88,99],[22,230],[15,703],[-15,297],[-111,373],[-96,445],[-59,647],[-162,593],[-74,566],[-95,461],[-30,318],[-118,544],[-103,631],[-133,516],[-162,785],[-125,423],[-152,618],[-8,247],[-294,944],[-1297,3794],[-103,625],[-244,912],[-125,285],[0,137],[-125,390],[-74,308],[-250,669],[-406,966],[-73,571],[-325,698],[-44,433],[-133,467],[-243,368],[-125,472],[-118,302],[-177,565],[-88,489],[-428,982],[-29,214],[-59,83],[-118,291],[-88,296],[-413,631],[-66,291],[-81,242],[-74,132],[-177,241],[-155,456],[-574,1261],[-266,390],[-103,340],[-287,670],[-287,505],[-118,346],[-641,1114],[-126,401],[-154,335],[-782,1295],[-177,352],[-449,598],[-251,554],[-213,297],[-457,713],[-612,884],[-854,1131],[-1010,1416],[-317,296],[-184,269],[-434,456],[-840,982],[-479,456],[-155,241],[-833,895],[-88,49],[-66,99],[-487,373],[-331,313],[-207,252],[-287,247],[-52,22],[-324,231],[-228,291],[-3132,2804],[-574,466],[-295,275],[-855,664],[-1238,1042],[-1407,1081],[-1054,741],[-1444,1092],[-1577,922],[-833,543],[-66,22],[-722,405],[-133,94],[-663,351],[-74,77],[-324,153],[-332,209],[-309,153],[-37,33],[-170,71],[-560,308],[-390,170],[-634,416],[-383,170],[-715,362],[-287,94],[-1201,598],[-612,323],[-287,115],[-767,406],[-921,395],[-825,395],[-413,148],[-641,362],[-332,170],[-678,285],[-478,269],[-4627,1771],[-192,50],[-699,280],[-221,66],[-111,60],[-51,-5],[-22,22],[-449,170],[-1223,407],[-802,302],[-30,33],[-184,72],[-228,115],[-656,253],[-979,313],[-265,110],[-693,220],[-1730,484],[-450,170],[-139,99],[-125,203],[-126,127],[-184,104],[-235,66],[-22,22],[-45,6],[-176,88],[-81,22],[-258,170],[-243,280],[-339,357],[-59,44],[-14,33],[-192,143],[-191,104],[-125,55],[-52,5],[-140,66],[-692,242],[-589,269],[-45,0],[-29,28],[-1099,237],[-352,98],[-155,121],[-331,198],[-140,121],[-390,236],[-52,55],[-154,66],[-22,33],[-96,16],[-44,44],[-52,0],[-29,28],[-619,197],[-22,22],[-545,182],[-214,38],[-37,28],[-309,93],[-567,142]],[[-69988,42883],[51,2219],[814,1367],[-4835,7384],[-1818,2854],[-820,1393]],[[-76596,58100],[523,-161],[1046,-165],[1960,-220],[479,-110],[508,-94],[310,-104],[346,-82],[479,-149],[700,-148],[464,-143],[368,-83],[663,-71],[995,-12],[368,-44],[1172,-335],[132,-71],[59,0],[30,-33],[353,-138],[155,-77],[1009,-285],[406,-77],[412,-149],[715,-170],[339,-116],[235,-55],[317,-104],[958,-247],[1297,-265],[427,-164],[471,-149],[391,-176],[397,-154],[590,-181],[626,-225],[862,-231],[1024,-242],[618,-187],[619,-99],[752,-187],[1068,-210],[235,-66],[104,-44],[2858,-682],[560,-77],[722,-127],[427,-55],[594,-138],[346,-16],[715,-126],[398,-93],[347,-203],[177,-132],[339,-115],[1208,-345],[2565,-658],[825,-191],[413,-55],[413,-115],[1083,-450],[803,-296],[1128,-290],[523,-176],[907,-400],[1142,-582],[855,-345],[346,-121],[251,-115],[789,-318],[2159,-674],[2542,-735],[729,-148],[789,-252],[368,-154],[325,-175],[516,-340],[596,-247],[531,-187],[15,-22],[515,-164],[722,-60],[302,-44],[170,-44],[280,-335],[192,-170],[928,-395],[597,-329],[442,-176],[811,-208],[538,-187],[258,-71],[1996,-872],[708,-406],[847,-286],[368,-192],[258,-115],[391,-93],[1488,-609],[221,-143],[273,-159],[199,-93],[110,-77],[619,-225],[103,-22],[1592,-647],[265,-154],[133,-121],[221,-142],[817,-187],[369,-126],[1878,-1015],[1481,-599],[501,-334],[693,-406],[626,-324],[625,-401],[663,-472],[464,-274],[126,-50],[987,-604],[191,-164],[391,-225],[398,-181],[368,-237],[309,-153],[140,-121],[236,-121],[383,-137],[523,-291],[139,-96],[738,-431],[361,-137],[581,-263],[619,-357],[74,-22],[221,-137],[456,-214],[170,-105],[302,-219],[22,-33],[96,-50],[1230,-873],[1002,-620],[412,-187],[737,-417],[1252,-829],[486,-285],[324,-258],[744,-362],[221,-171],[228,-225],[656,-346],[537,-400],[950,-654],[1164,-911],[736,-741],[133,-104],[140,-165],[670,-527],[375,-406],[177,-154],[354,-247],[360,-214],[862,-659],[331,-291],[265,-165],[648,-472],[81,-83],[243,-148],[634,-532],[103,-44],[596,-396],[295,-302],[265,-307],[442,-362],[257,-253],[553,-472],[198,-203],[133,-203],[655,-582],[412,-390],[251,-181],[566,-522],[133,-99],[751,-401],[339,-252],[316,-297],[52,-22],[427,-499],[537,-588],[714,-626],[140,-247],[140,-121],[228,-126],[692,-665],[1465,-1224],[1030,-1082],[214,-170],[258,-351],[264,-291],[199,-182],[913,-949],[493,-473],[52,-22],[360,-384],[111,-143],[544,-527],[228,-285],[273,-237],[294,-340],[596,-522],[714,-703],[162,-131],[155,-176],[139,-120],[464,-472],[324,-428],[338,-346],[199,-297],[257,-236],[457,-505],[228,-335],[375,-428],[132,-116],[192,-307],[213,-269],[486,-555],[250,-242],[375,-472],[714,-1115],[787,-653],[368,-379],[110,-137],[52,-22],[279,-401],[670,-741],[470,-703],[971,-994],[243,-319],[155,-252],[198,-220],[287,-489],[221,-307],[441,-533],[250,-384],[169,-357],[140,-357],[243,-385],[228,-302],[816,-966],[147,-143],[471,-664],[574,-687],[250,-236],[14,-49],[493,-621],[427,-467],[154,-192],[96,-209],[291,-413],[44,-116],[979,-939],[603,-637],[242,-335],[846,-1559],[272,-341],[331,-483],[14,-368],[177,-280],