{"type":"Topology","transform":{"scale":[1.0E-6,1.0E-6],"translate":[-70.56786578635104,41.44034187727259]},"objects":{"MA":{"geometries":[{"arcs":[[1,-1,2,3,4],[5],[6,7,8],[9,10],[11],[12]],"id":1128,"type":"Polygon","properties":{"bound":{"minx":-70.62173427988718,"miny":41.413721479552535,"maxx":-70.5471095651934,"maxy":41.47104221781113}}}],"type":"GeometryCollection"}},"arcs":[[[-32513,-10577],[55,-136],[-1383,-1457],[-885,-163],[-592,-215],[-31,-1234],[-10511,10773],[-1744,2076],[-5834,5754],[2469,-12961],[507,-1819],[0,-396],[908,-4795],[2302,-11521]],[[-4478,-25738],[-222,-10],[-1121,-822],[-41431,-101]],[[-32513,-10577],[317,-172],[182,-33],[190,60],[0,615],[109,154],[211,104],[-14,280],[-774,620],[-66,258],[408,555],[314,620],[284,226],[65,527],[715,1070],[496,242],[313,505],[585,327],[1333,1123],[772,1115],[-15,796],[110,181],[1772,884],[1517,1262],[299,357],[138,544],[-212,505],[204,66],[708,-49],[503,82],[1116,648],[241,357],[-22,747],[87,280],[1525,840],[780,1340],[1590,1663],[50,637],[-518,1027],[-7,164],[138,209],[1211,363],[956,549],[1335,1405],[175,379],[306,911],[218,2081],[-124,1164],[-197,208],[-1603,1112],[-346,178],[-613,170],[-446,82],[-810,6],[-299,-66],[-722,-483],[-358,-39],[-496,296],[-272,76]],[[-19154,18551],[-265,228],[-362,54],[-384,196]],[[-20165,19029],[-126,588],[255,143],[1825,-346],[613,-22],[416,77],[898,336],[1517,1125],[795,813],[387,670],[598,230],[788,593],[635,731],[1875,1707],[861,659],[657,346],[175,154],[0,181],[627,351],[132,209],[445,143],[197,225],[-8,176],[467,164],[176,258],[452,132],[168,242],[365,16],[320,257],[497,106],[-22,126],[643,148],[248,236],[423,176],[547,544],[548,285],[277,77],[533,-5],[1137,-209],[504,0],[533,-181],[525,6],[1636,-577],[831,-532],[1599,-1592],[701,-922],[1051,-1521],[1065,-2317],[-65,-148],[985,-1795],[241,-307],[664,-286],[-1438,-488],[-124,16],[-109,428],[-256,357],[110,231],[-161,324],[-335,247],[-665,280],[-649,-1159],[22,-455],[-394,-462],[-95,-236],[-576,-1515],[-37,-197],[102,-253],[861,-494],[365,-82],[1686,104],[321,110],[139,269],[29,767],[219,622],[102,148],[219,93],[95,291],[270,170],[29,226],[562,192],[-29,-319],[204,-450],[1131,-1521],[963,242],[81,110],[496,-33],[197,247],[-95,11],[270,241],[66,-44],[-168,-192],[58,-27],[-204,-390],[-569,-170],[-117,154],[-956,-269],[372,-1148],[569,-938],[132,-368],[693,-681],[-321,-143],[700,-1449],[343,-395],[-197,-39],[182,-867],[256,-313],[328,-225],[-336,-50],[423,-1948],[-7,-549],[-306,-648],[-358,-352],[-409,-664],[161,-488],[350,-434],[7,-88],[-313,-214],[-117,-198],[124,-1010],[693,-2360],[291,-1889],[0,-526],[-1415,373],[292,658],[-37,291],[117,275],[-146,384],[577,346],[-51,379],[-329,159],[73,247],[-240,538],[-336,1279],[110,176],[-52,669],[278,615],[-394,440],[-132,-160],[198,-340],[-307,-368],[-270,-1070],[335,-972],[336,-132],[190,-401],[-168,-203],[22,-472],[-474,-422],[321,-627],[-37,-318],[-219,-247],[-66,-406],[-809,-543],[14,-587],[204,-181],[380,33],[73,307],[394,374],[985,-258],[-794,-209],[-1067,-659],[-22,-373],[-240,-401],[-59,-884],[73,-510],[-409,-2685],[15,-1092],[-1868,-181],[81,444],[-577,928],[-379,401],[-678,494],[-642,209],[-474,16],[-803,-154],[-1080,-499],[-1422,-110],[-182,71],[-518,675],[-256,-126],[29,-285],[227,-225],[22,-132],[-314,-500],[-44,-411],[-861,-720],[-116,-181],[-137,-43],[-46,-325],[-226,-291],[-722,-532],[-758,-977],[-146,-341],[-44,-241],[102,-203],[679,-280],[65,-94],[-87,-38],[-584,110],[-36,-77],[124,-176],[-504,-55],[-217,-104],[7,-412],[-131,-390],[66,-170],[648,-499],[408,-187],[803,-143],[204,-329],[190,-93],[466,175],[321,-93],[445,50],[460,-66],[-438,-560],[-14,-154],[-270,-274],[58,-116],[-65,-115],[116,-148],[-51,-116],[328,-664],[-102,-296],[-51,-813],[168,-455],[-467,-341],[-853,-422],[-693,-780],[-95,-412],[-153,-165],[-313,-170],[-824,-208],[-277,-22],[-488,164],[-423,-82],[-452,-319],[-431,-153],[-240,-291],[-649,-269],[-416,-88],[-306,-423],[-292,-148],[-102,-417],[365,-357],[255,-105],[292,-472],[518,-296],[0,-77],[-59,-159],[-211,-165],[160,-241],[-21,-154],[-139,-137],[-919,-368],[-124,-385],[-466,-735],[-69,-382]],[[-10680,18872],[-87,-66],[-175,39],[-694,-116],[-36,-230],[-460,-170],[-58,-116],[671,-268],[292,0],[475,142],[430,275],[445,165],[-277,400],[-526,-55]],[[18773,-23944],[-437,-220]],[[18336,-24164],[-431,65],[-102,94],[-226,779],[-444,945],[-394,549],[-372,247],[-576,856],[-481,472],[-219,884],[-357,637],[-438,478],[-664,433],[-466,1614],[22,928],[-343,802],[-817,966],[-985,637],[-321,313],[-94,269],[-22,955],[292,631],[80,1290],[-204,736],[-351,488],[8,363],[1641,164],[-58,-362],[729,-4161],[620,-1620],[1014,-1575],[1429,-2696],[3267,-4260],[882,-988],[-139,-182],[-498,-325]],[[19318,-23738],[-545,-206]],[[14186,-26289],[-53,940]],[[14133,-25349],[206,202],[591,220],[233,230],[-65,159],[284,396],[306,120],[212,-38],[138,-554],[-145,-269],[-343,-302],[-175,-291],[-241,-17],[-233,-219],[-365,-22],[-350,-555]],[[4223,-12059],[-14,-149],[554,319],[212,16],[219,-126],[-154,-587],[-218,-209],[-88,-489],[-430,-71],[-117,0],[-80,253],[-285,252],[-29,99],[124,187],[-314,312],[-7,385],[102,71],[-95,82],[219,143],[270,-16],[131,-472]],[[2232,-11176],[-131,0],[-300,302],[168,159],[263,44],[219,171],[146,-116],[-30,-148],[-335,-412]]]}