{"type":"Topology","transform":{"scale":[1.0E-6,1.0E-6],"translate":[-70.58205036187339,41.90752052165571]},"objects":{"MA":{"geometries":[{"arcs":[[7,8,9,10,11]],"id":304,"type":"Polygon","properties":{"bound":{"minx":-70.60175994238284,"miny":41.84544108897633,"maxx":-70.53470086318438,"maxy":41.9238155707776}}},{"arcs":[[12,13,-7,-3,14,-6,11]],"id":322,"type":"Polygon","properties":{"bound":{"minx":-70.62069253419634,"miny":41.80403476978073,"maxx":-70.53382938064077,"maxy":41.866483832730104}}},{"arcs":[[-2,-4,15,16,17]],"id":327,"type":"Polygon","properties":{"bound":{"minx":-70.57118297776877,"miny":41.839071633713125,"maxx":-70.52442224247419,"maxy":41.9335496918044}}},{"arcs":[[-1,-5,18,19,20],[21,22],[23]],"id":359,"type":"Polygon","properties":{"bound":{"minx":-70.65550718831274,"miny":41.87409652155838,"maxx":-70.55931311119782,"maxy":42.01319196454847}}}],"type":"GeometryCollection"}},"arcs":[[[12107,16587],[657,1904],[1090,1519],[387,334],[2045,1122],[988,726],[213,386],[146,1066],[588,726],[559,372],[2169,1052],[616,537]],[[40151,-62566],[1530,-2058],[-64,-311],[-802,-1747],[577,-353],[489,-972],[1884,-595],[1065,-128],[1328,1646]],[[-34690,-72859],[10833,-2393],[1885,-782],[1757,-18],[7794,-1677],[4698,-1236],[413,-2880],[1076,360],[557,341],[356,383],[441,1625],[229,1265],[537,618],[310,144],[453,84],[2109,28],[740,120],[276,165],[429,478],[180,421],[-76,223],[53,172],[-425,742],[-290,276],[-225,646],[243,527],[551,367],[306,73],[615,61],[1413,-141],[675,200],[105,-406],[408,-538],[2030,-1379],[973,-278],[1015,95],[902,-187],[535,-250],[474,-395],[442,-201],[1033,-143],[2519,12],[1134,-438],[375,-47],[407,53],[857,406],[352,45],[1091,-430],[909,-524],[1821,-451],[445,-328],[1005,-1303],[1319,-736],[979,-1003],[906,-1616],[325,-193],[815,-229],[434,-233],[2454,-2617],[210,-629],[174,-1332],[80,-134],[131,-37],[-111,-666],[167,-956],[267,-506],[813,-1126],[1317,-2757],[289,-861],[190,-1513],[183,-658],[1332,-2494],[1858,-4437]],[[12107,16587],[876,-573],[2357,-1950],[725,-1073],[557,-1193],[215,-300],[366,-293],[1411,-710],[3882,-367],[1364,-301],[646,-235],[558,-313],[3134,-2368],[2188,-2293],[566,-982],[232,-1082],[235,-1463],[-70,-1852],[-152,-693],[-1560,-3444],[-66,-390],[143,-473],[409,-435],[1912,-1265],[274,-461],[215,-1334],[302,-470],[978,-778],[1657,-879],[1888,-1347],[593,-660],[1219,-1913],[482,-457],[1592,-997],[1841,-2560],[534,-477],[1057,-473],[236,-189],[644,-831],[282,-537],[205,-1443],[-446,-2349],[147,-1643],[-16,-1335],[-148,-993],[-567,-2003],[4,-304],[158,-737],[1031,-1726],[202,-518],[131,-582],[-21,-1037],[-220,-782],[-791,-1589],[-579,-1914],[-1516,-2719],[-604,-4455],[1430,-3343],[1242,-5324],[71,-844],[-248,-870],[-628,-884],[-2157,-1701],[-2358,-1647]],[[-19311,-33837],[2759,2283],[296,396],[520,1127],[482,649],[5149,4913],[1019,772],[4080,2363],[524,387],[566,555],[1325,1740],[1454,1087],[459,506],[341,754],[674,3214],[352,855],[403,451],[1535,1172],[365,435],[2798,4638],[274,583],[468,1681],[420,3672],[614,1397],[1236,2277],[385,1582],[-30,595],[-520,1109],[-75,604],[553,2714],[293,2625],[490,852],[2209,2436]],[[40151,-62566],[-1608,1023],[-990,753],[-142,273],[-133,769],[-251,482],[-932,1187],[-724,479],[-799,1026],[-349,317],[-909,523],[-798,214],[-1119,529],[-652,507],[-740,817],[-778,545],[-1492,838],[-752,602],[-3055,1337],[-2318,1245],[-349,245],[-450,558],[-355,281],[-1124,447],[-426,373],[-224,1263],[124,1257],[-445,992],[318,1000],[-271,230],[-2336,-9],[-1681,240],[-1002,261],[-1541,775],[-1751,460],[-2210,-36],[-904,-106],[-575,-245],[-789,-798],[-589,-441],[-541,-155],[-1103,-19],[-256,-116],[-436,-357],[-646,-967],[-240,-131],[-728,-148],[-832,-333],[-834,-670],[-814,-467],[-544,-579],[-813,-1532],[-633,-526]],[[36187,-104087],[8362,7242]],[[40151,-62566],[-1608,1023],[-990,753],[-142,273],[-133,769],[-251,482],[-932,1187],[-724,479],[-799,1026],[-349,317],[-909,523],[-798,214],[-1119,529],[-652,507],[-740,817],[-778,545],[-1492,838],[-752,602],[-3055,1337],[-2318,1245],[-349,245],[-450,558],[-355,281],[-1124,447],[-426,373],[-224,1263],[124,1257],[-445,992],[318,1000],[-271,230],[-2336,-9],[-1681,240],[-1002,261],[-1541,775],[-1751,460],[-2210,-36],[-904,-106],[-575,-245],[-789,-798],[-589,-441],[-541,-155],[-1103,-19],[-256,-116],[-436,-357],[-646,-967],[-240,-131],[-728,-148],[-832,-333],[-834,-670],[-814,-467],[-544,-579],[-813,-1532],[-633,-526]],[[-3390,-48353],[-15921,14516]],[[-19311,-33837],[2759,2283],[296,396],[520,1127],[482,649],[5149,4913],[1019,772],[4080,2363],[524,387],[566,555],[1325,1740],[1454,1087],[459,506],[341,754],[674,3214],[352,855],[403,451],[1535,1172],[365,435],[2798,4638],[274,583],[468,1681],[420,3672],[614,1397],[1236,2277],[385,1582],[-30,595],[-520,1109],[-75,604],[553,2714],[293,2625],[490,852],[2209,2436]],[[12107,16587],[876,-573],[2357,-1950],[725,-1073],[557,-1193],[215,-300],[366,-293],[1411,-710],[3882,-367],[1364,-301],[646,-235],[558,-313],[3134,-2368],[2188,-2293],[566,-982],[232,-1082],[235,-1463],[-70,-1852],[-152,-693],[-1560,-3444],[-66,-390],[143,-473],[409,-435],[1912,-1265],[274,-461],[215,-1334],[302,-470],[978,-778],[1657,-879],[1888,-1347],[593,-660],[1219,-1913],[482,-457],[1592,-997],[1841,-2560],[534,-477],[1057,-473],[236,-189],[644,-831],[282,-537],[205,-1443],[-446,-2349],[147,-1643],[-16,-1335],[-148,-993],[-567,-2003],[4,-304],[158,-737],[1031,-1726],[202,-518],[131,-582],[-21,-1037],[-220,-782],[-791,-1589],[-579,-1914],[-1516,-2719],[-604,-4455],[1430,-3343],[1242,-5324],[71,-844],[-248,-870],[-628,-884],[-2157,-1701],[-2358,-1647]],[[40151,-62566],[0,0]],[[40151,-62566],[1530,-2058],[-64,-311],[-802,-1747],[577,-353],[489,-972],[1884,-595],[1065,-128],[1328,1646]],[[46158,-67084],[528,203],[856,-320],[183,-137],[92,-343],[-1254,-458],[-520,-548],[-796,-2105],[-31,-915],[-123,-91],[0,-1144],[-275,-137],[-520,-663],[-490,-69],[-367,-251],[-520,-206],[-550,-480],[-490,-69],[-428,-366],[-581,-228],[-551,-366],[-336,-480],[-551,-1762],[-582,-3225],[30,-1830],[336,-2584],[-31,-526],[305,-1624],[428,-1441],[397,-664],[214,-686],[367,-664],[122,-503],[3529,-5079]],[[-34690,-72859],[369,1055],[-177,1484],[-710,606],[-1695,736],[-459,319],[-342,551],[-186,577],[-240,1150],[20,417],[370,705],[84,1038],[425,506],[743,472],[307,63],[1821,73],[940,-326],[681,-22],[2280,1081],[714,253],[2835,276],[1792,446],[1466,791],[1510,1022],[648,217],[700,58],[1148,-190],[329,30],[476,142],[1418,669],[1207,319],[799,141],[2199,84],[1641,419],[725,528],[583,1328],[204,1512],[254,694],[-72,574],[69,277],[-85,246],[102,877],[1333,1452],[1002,1484],[243,167],[250,5],[1311,-436],[683,-44],[540,102],[1045,578]],[[12107,16587],[657,1904],[1090,1519],[387,334],[2045,1122],[988,726],[213,386],[146,1066],[588,726],[559,372],[2169,1052],[616,537]],[[21565,26331],[2600,-1601],[2926,-1551],[165,-105],[6,-289],[532,-69],[3119,-1584],[2433,-1003],[1729,-623],[2037,-612],[963,-136],[944,217],[737,348],[1105,213],[1511,-289],[489,5],[394,-361],[-688,-266],[-300,-277],[-154,-427],[49,-395],[250,-287],[66,-257],[110,-1414],[274,-468],[1318,-1675],[-1228,-788],[-159,-200],[-936,-40],[-467,-96],[-682,-524],[-877,36],[-1460,-350],[-834,-100],[-403,-247],[-399,-415],[-557,-675],[-828,-1362],[-286,-1007],[-364,-2194],[-60,-1050],[120,-911],[247,-1154],[1094,-2710],[1982,-3295],[3599,-4693],[1690,-1975],[2356,-2606],[1639,-1459],[2260,-2927],[339,-635],[19,-988],[-93,-412],[-356,-551],[-427,-1069],[-55,-1309],[117,-759],[394,-1350],[989,-1556],[67,-304],[-191,-3698],[-102,-974],[-329,-1494],[34,-1254],[398,-1647],[642,-1486],[-1,-297],[-642,-412],[-184,-297],[-62,-1167],[122,-915],[245,-915],[611,-846],[1224,-1167],[1223,-1602],[1192,-2036],[1346,-1441],[336,-892],[-31,-526],[-276,-984],[-918,-1235],[-1010,-823],[-674,-732],[-275,-503],[-245,-777],[-1,-618],[245,-915],[60,-686],[-796,-1372],[-428,-389],[-888,-1258],[-122,-572],[-31,-1349],[-277,-2448],[-949,-1074],[-397,-732],[29,-1510],[-152,-46],[-520,69],[-1743,961],[-765,138],[-214,160],[31,594],[-214,229],[-306,23],[-92,