{"type":"Topology","transform":{"scale":[1.0E-6,1.0E-6],"translate":[-72.8408089014064,42.66729225152102]},"objects":{"MA":{"geometries":[{"arcs":[[6,7,-5,8,9,10,-6,11,12,13,14]],"id":73,"type":"Polygon","properties":{"bound":{"minx":-73.09501754860416,"miny":42.540074697564506,"maxx":-72.94964855701139,"maxy":42.7427729188945}}},{"arcs":[[15,-1,-3,-2,16,-4,17,18]],"id":554,"type":"Polygon","properties":{"bound":{"minx":-73.01976300705115,"miny":42.5393584971572,"maxx":-72.62137317679863,"maxy":42.745720859571705}}}],"type":"GeometryCollection"}},"arcs":[[[207866,-21929],[12314,1524]],[[-36139,-126079],[-29,14243],[28477,3606]],[[-7691,-108230],[15157,52117],[213,1018],[1120,3800],[261,630],[8087,1998],[1181,173],[1816,-209],[274,-178],[754,-182],[2678,-1088],[745,-216],[1165,-175],[2539,32],[1556,220],[2420,-3],[3766,-348],[1657,-26],[5208,983],[8957,2552],[5404,1136],[5187,-239],[718,-88],[2496,-524],[2298,-310],[4860,-381],[742,-134],[2958,-192],[2302,339],[1973,24],[778,83],[3879,953],[1251,152],[528,-117],[514,-238],[877,-565],[456,-327],[1366,-1376],[216,-124],[547,-182],[1211,-12],[812,282],[1219,576],[869,512],[204,263],[40,256],[-333,967],[42,450],[-1361,1377],[-104,856],[275,594],[809,611],[1003,1332],[944,712],[604,286],[2072,369],[1486,-227],[1456,52],[177,-181],[1281,-104],[-168,1109],[23,790],[98,323],[183,187],[408,1268],[-3,627],[263,780],[709,557],[366,526],[79,-63],[53560,6436],[802,160],[604,11],[47023,5631]],[[-182094,73840],[-189,-3322],[-617,-35121],[25831,-1426],[48136,3839],[634,-540],[339,-426],[6,-406],[-144,-482],[-901,-1574],[-796,-680],[-929,-414],[-2244,-1995],[-43,-429],[796,-1008],[1064,-1104],[332,-538],[165,-983],[-41,-430],[-451,-1421],[-782,-975],[-922,-957],[-949,-635],[-2796,41],[-982,-144],[-2469,-1539],[-1219,-577],[-1082,-232],[-2090,-5],[-1385,399],[-4672,959],[-1938,-55],[-1464,-293],[-128,-417],[-609,-1090],[-581,-791],[-1541,-701],[194,-1158],[-58,-81],[202,-158],[20,-593],[170,-618],[1241,-1856],[321,-679],[43,-404],[-125,-393],[-619,-608],[-762,-87],[-3887,20],[-1783,183],[-2270,-44],[-2070,-218],[-2452,-459],[-281,-107],[-92,-182],[623,-1190],[219,-702],[370,-510],[135,-984],[-36,-224],[-187,-177],[-603,-199],[-839,-113],[-4836,254],[-794,-580],[85,-452],[1207,-1238],[5837,-4787],[3671,-1487],[2446,-550],[1400,-546],[2116,-1428],[2086,-1822],[579,-331],[607,-234],[552,-8],[535,214],[837,591],[725,832],[625,493],[1062,528],[1112,368],[1912,288],[486,-10],[993,-213],[618,-18],[1518,96],[693,171],[450,234],[317,331],[322,959],[591,1050],[618,302],[834,201],[3838,-528],[1571,-691],[366,-239],[471,-825],[111,-2712],[-1213,-3928],[-18,-1082],[148,-382],[23,-2341],[285,-825],[786,-1270],[373,-1091],[161,-190],[340,-190],[818,-167],[1787,-9860],[-11350,-39027],[-12990,-46046]],[[-244615,-107791],[106443,-17870]],[[-221017,7971],[-1455,-20560]],[[-182094,73840],[-189,-3322],[-617,-35121],[25831,-1426],[48136,3839],[634,-540],[339,-426],[6,-406],[-144,-482],[-901,-1574],[-796,-680],[-929,-414],[-2244,-1995],[-43,-429],[796,-1008],[1064,-1104],[332,-538],[165,-983],[-41,-430],[-451,-1421],[-782,-975],[-922,-957],[-949,-635],[-2796,41],[-982,-144],[-2469,-1539],[-1219,-577],[-1082,-232],[-2090,-5],[-1385,399],[-4672,959],[-1938,-55],[-1464,-293],[-128,-417],[-609,-1090],[-581,-791],[-1541,-701],[194,-1158],[-58,-81],[202,-158],[20,-593],[170,-618],[1241,-1856],[321,-679],[43,-404],[-125,-393],[-619,-608],[-762,-87],[-3887,20],[-1783,183],[-2270,-44],[-2070,-218],[-2452,-459],[-281,-107],[-92,-182],[623,-1190],[219,-702],[370,-510],[135,-984],[-36,-224],[-187,-177],[-603,-199],[-839,-113],[-4836,254],[-794,-580],[85,-452],[1207,-1238],[5837,-4787],[3671,-1487],[2446,-550],[1400,-546],[2116,-1428],[2086,-1822],[579,-331],[607,-234],[552,-8],[535,214],[837,591],[725,832],[625,493],[1062,528],[1112,368],[1912,288],[486,-10],[993,-213],[618,-18],[1518,96],[693,171],[450,234],[317,331],[322,959],[591,1050],[618,302],[834,201],[3838,-528],[1571,-691],[366,-239],[471,-825],[111,-2712],[-1213,-3928],[-18,-1082],[148,-382],[23,-2341],[285,-825],[786,-1270],[373,-1091],[161,-190],[340,-190],[818,-167],[1787,-9860],[-11350,-39027],[-12990,-46046]],[[-134570,-111359],[-3752,-14240],[150,-62]],[[-244615,-107791],[-10129,1739],[15067,12383],[-3826,21103]],[[-243503,-72566],[16764,-706],[1290,18341]],[[-225449,-54931],[2977,42342]],[[-221017,7971],[1396,20265],[193,200],[-82,52],[734,11167],[158,1218],[-46,229]],[[-218664,41102],[10955,33097]],[[-207709,74199],[25615,-359]],[[-182094,73840],[0,0]],[[166231,65596],[1846,-9843],[347,-636],[-27,-834],[409,-1552],[49,-515],[360,-741],[887,-797],[825,-889],[267,-582],[-11,-1040],[-246,-526],[-303,-1622],[-479,-310],[-1084,-197],[-356,-183],[-169,-275],[33,-559],[-337,-903],[-139,-81],[-650,-35],[-109,-70],[-797,-1897],[-201,-218],[-30,-274],[528,-158],[2573,-6],[387,-57],[435,-181],[127,-663],[-274,-1006],[-90,-742],[-9,-1474],[127,-582],[482,-524],[513,-365],[1553,-819],[576,-432],[467,-491],[838,-306],[638,-605],[180,-247],[103,-757],[157,-388],[1539,-1242],[78,-205],[5,-1005],[342,-262],[998,-1494],[-447,-584],[1,-377],[267,-582],[279,-240],[420,-204],[1505,-557],[1350,-361],[1395,-227],[388,-125],[310,-136],[1632,-1162],[204,-651],[-399,-869],[-570,-755],[-231,-457],[-29,-571],[518,-351],[321,-82],[2961,-416],[248,-125],[187,-240],[25,-240],[-592,-1178],[-480,-138],[-1208,-70],[-865,-608],[-275,-880],[-28,-925],[187,-160],[372,-113],[513,-364],[907,-352],[506,-411],[391,-913],[302,-1827],[451,-559],[730,-501],[1273,-649],[962,-261],[2248,-429],[869,-558],[2700,-1183],[638,-627],[966,-1551],[404,-285],[589,-170],[1673,-100],[1907,-259],[637,-547],[1000,-1574],[1084,-808],[636,-648],[65,-254],[-95,-215],[-2,-451],[424,-172],[1225,-107],[403,-136],[280,-228],[126,-571],[-183,-834],[-199,-457],[-370,-447],[-1206,-744],[-59,-583],[466,-376],[1829,-557],[1736,-316],[573,-171],[655,-5],[440,-134],[580,-360],[466,-411],[762,-843],[857,-1392],[157,-686],[-339,-331],[-835,-390],[-324,-480],[-76,-423],[1339,-1963],[80,-765],[94,-137],[559,-296],[650,-136],[897,287],[0,80],[232,115],[125,-171],[465,-136],[208,-739],[509,-665],[264,-182],[434,-114],[279,-228],[250,-468],[-15,-183],[-293,-411],[-726,-527],[-107,-228],[1,-355],[158,-155]],[[-36139,-126079],[1,-61],[-37600,5553],[-60832,9228]],[[-182094,73840],[23517,-541],[75823,-1428],[114449,-2583],[18100,-559],[41475,-1041],[28219,-882],[46742,-1210]],[[166231,65596],[0,0]]]}