{"type":"Topology","transform":{"scale":[1.0E-6,1.0E-6],"translate":[-72.98068068348287,42.11312202076596]},"objects":{"MA":{"geometries":[{"arcs":[[7,8,9,10,-6,11]],"id":171,"type":"Polygon","properties":{"bound":{"minx":-73.18358908178963,"miny":42.03801727804056,"maxx":-73.00824156365793,"maxy":42.254147043333774},"Geoid10":"25003933400"}},{"arcs":[[-4,12,13,14,15,16,-5,-7,17,18]],"id":865,"type":"Polygon","properties":{"bound":{"minx":-73.0733455786336,"miny":42.03368115471894,"maxx":-72.7839979481016,"maxy":42.34588989966005},"Geoid10":"25013813000"}},{"arcs":[[-1,19,-3,-2,20]],"id":1174,"type":"Polygon","properties":{"bound":{"minx":-72.83733374097453,"miny":41.997355994536875,"maxx":-72.76336466803146,"maxy":42.1030564159895},"Geoid10":"25013813102"}}],"type":"GeometryCollection"}},"arcs":[[[210158,-110527],[-98,166],[-521,681],[-847,1208],[-138,372],[-129,790],[-121,501],[-182,1336],[-146,727],[-92,641],[-77,1008],[152,1181],[186,1028],[314,1364],[734,2775],[323,1294],[370,1517],[77,416],[-5259,360],[-1109,40],[-1834,33],[-664,62],[-196,34],[-438,109],[-255,125],[-204,152],[-511,635],[-306,350],[-314,348],[-473,459],[-1430,1203],[-2513,2046],[258,528],[329,756],[328,951],[220,869],[110,663],[46,488],[46,2252],[106,1831],[111,1511],[271,2360],[-19,481],[-235,2210],[-73,827],[0,232],[29,325],[251,1610],[98,988],[80,1163],[72,292],[52,116],[72,120],[203,237],[204,165],[150,89],[240,109],[327,111],[1518,400],[535,161],[1292,454],[311,127],[516,260],[786,455],[1037,634],[549,409],[1243,1067],[1059,852],[1161,794],[1907,1608],[931,732],[842,761],[279,298],[355,488],[1060,1852],[-1852,586],[-185,77],[-86,111],[-62,130],[-70,234],[-29,202],[35,130],[91,144],[1986,-636],[602,-215],[711,1131],[458,802],[-740,282],[-150,132],[-87,101],[-120,210],[-31,164],[17,125],[225,656],[55,285],[83,196],[106,89],[75,29],[333,50],[263,6],[659,-60],[440,-89],[297,587],[129,316],[122,498],[117,744],[127,1141],[26,606],[-18,492],[-102,1128],[-132,816],[-152,533],[-190,452],[-240,461],[-717,1311],[-225,358],[-208,246],[-269,270],[-1954,1833],[-229,252],[-142,239],[-84,235],[-30,471],[9,356],[48,924],[29,267],[46,206],[234,703],[673,1847],[761,1992],[627,1453],[949,1801],[634,1112],[949,1879],[315,674],[331,883]],[[217572,-22972],[-1630,243],[-8919,1441],[-3335,575],[-4653,756],[-11923,2009],[26,-82],[-268,60],[-3589,573],[-8832,1457],[-4608,738],[-25739,4195],[-363,78],[-271,25]],[[143468,-10904],[1356,-2836],[2421,-4833],[1250,-10307],[-2138,-5440],[-17,-113],[32,-65],[-1505,-4003],[-3040,-5072],[2160,-6576],[2720,-4095],[-443,-9968],[-219,-3524],[-256,-8674]],[[167264,131884],[-31463,-3222],[-4012,-390],[-7801,-791],[-949,-113],[-6667,-8400],[-4110,-8343],[-3762,-7309],[-2306,1327],[-13361,7535],[-24455,13832],[865,744],[246,170],[1864,1582],[133,79],[97,103],[14531,12001],[13964,11570],[-145,1901],[-91,750],[39,503],[-653,9070],[-2960,43378],[-772,11631],[-24,-3]],[[-27312,125286],[126,-1],[-20965,-73393],[-27,-159],[-158,-487],[-663,-2425],[-917,-3133],[-4323,-15159],[-1955,234],[-631,96],[-20312,2556],[-4085,527],[-8891,1109],[-405,40],[28,-121],[47,-82],[192,-229],[267,-454],[154,-435],[165,-638],[177,-134],[48,-72],[-87,-220],[32,-405],[-28,-85],[-98,-107],[11,-230],[-23,-130],[-172,-128],[-739,-464],[-307,-216],[-417,-389],[-17,-45],[19,-541],[74,-213],[210,-278],[107,-209],[310,-964],[392,-592],[134,-394],[63,-123],[84,-123],[450,-534],[263,-248],[622,-492],[109,-105],[179,-242],[41,-86],[34,-176],[-6,-131],[-83,-453],[-6,-225],[57,-172],[212,-328],[35,-86],[119,-534],[38,-316],[19,-270],[-12,-94],[-62,-130],[-159,-128],[-394,-214],[-178,-114],[-115,-115],[-65,-215],[-239,-1068],[-109,-214],[-2,-401],[66,-721],[73,-357],[179,-431],[8,-271],[129,-200],[268,-302],[345,-478],[311,-487],[127,-255],[230,-557],[141,-394],[133,-529],[62,-177],[162,-291],[344,-425],[73,-122],[92,-214],[163,-480],[133,-533],[27,-541],[32,-181],[197,-426],[258,-405],[148,-143],[383,-227],[295,-153],[228,-148],[295,-221],[664,-588],[199,-282],[184,-382],[325,-438],[722,-719],[840,-775],[634,-767],[177,-237],[44,-87],[52,-221],[22,-361],[-51,-265],[-89,-264],[-111,-205],[-509,-676],[-294,-333],[-288,-292],[-199,-168],[-435,-321],[-317,-202],[-494,-257],[-516,-244],[-1423,-592],[-332,-121],[-611,-192],[-678,-187],[-347,-71],[-420,-51],[-560,-171],[-361,-39],[-170,-46],[-295,-153],[-575,-333],[-324,-129],[-346,-246],[-148,-83],[-111,-34],[-310,-143],[-434,-313],[-368,-291],[-361,-313],[-193,-231],[-95,-165],[-141,-484],[-28,-180],[-1,-180],[81,-168],[67,-78],[206,-170],[347,-249],[199,-170],[162,-187],[66,-127],[67,-217],[37,-235],[0,-356],[-45,-310],[-59,-170],[-132,-259],[-177,-236],[-405,-398],[-413,-326],[-251,-127],[-376,-151],[-353,-62],[-162,-60],[-480,-244],[-229,-154],[-132,-205],[-103,-304],[-37,-225],[0,-225],[44,-284],[89,-65],[88,-114],[15,-90],[-37,-256],[503,-1687],[97,-243],[151,-581],[1085,-7682],[10219,-21356],[528,-1339],[456,-1050],[235,-39],[170,-56],[145,-82],[256,-264],[172,-250],[283,-510],[375,-482],[301,-292],[225,-161],[276,-184],[538,-310],[223,-162],[194,-181],[62,-78],[56,-93],[118,-304],[22,-131],[-7,-135],[-45,-224],[-59,-175],[-110,-210],[-199,-226],[-118,-102],[-354,-246],[-250,-261],[-140,-74],[-331,-121],[-354,-70],[-148,-70],[-124,-106],[-148,-196],[-361,-570],[-74,-125],[-29,-89],[-44,-495],[-96,-354],[-44,-85],[-184,-181],[-8,-41],[89,-488],[73,-221],[222,-423],[191,-224],[338,-262],[455,-299],[531,-302],[362,-160],[288,-77],[420,-57],[103,-33],[272,-244],[310,-221],[623,-405],[290,-96],[718,-140],[538,-207],[448,-239],[494,-71],[400,-441],[423,-161],[50,-208],[80,-145],[52,-884],[81,-231],[66,-86],[118,-687],[-7,-373],[22,-321],[-941,-2087],[-59,-1245],[-187,-638],[-279,-772],[-864,-768],[-684,-802],[-367,-670],[38,-640],[130,-439],[533,-644],[488,-643],[668,-679],[-52,-605],[36,-876],[126,-775],[307,-743],[309,-541],[949,-1571]],[[-27312,125286],[-1742,-149],[-26637,-2116],[-461,4039],[-54165,-6021],[-1129,7774],[-537,3563],[-28087,-2321],[32,200],[66,179],[-10,153],[121,304],[2,135],[-125,151],[-253,220],[-79,168],[-142,205],[-112,448],[-271,752],[-126,182],[-373,308],[-48,122],[-272,369],[-582,946],[-330,996],[9,108],[83,35],[336,242],[76,89],[351,269],[525,329],[325,175],[230,172],[107,115],[91,161],[120,443],[-2,392],[-48,366],[-111,384],[-140,310],[-4852,-608],[-16002,-1911],[-19419,-2542]],[[-19386,199570],[-310,-342],[-1081,-47154],[-388,-14107],[-2414,250],[-459,-1252],[-941,-3136],[-2333,-8543]],[[-27312,125286],[126,-1],[-20965,-73393],[-27,-159],[-158,-487],[-663,-2425],[-917,-3133],[-4323,-15159],[-1955,234],[-631,96],[-20312,2556],[-4085,527],[-8891,1109],[-405,40],[28,-121],[47,-82],[192,-229],[267,-454],[154,-435],[165,-638],[177,-134],[48,-72],[-87,-220],[32,-405],[-28,-85],[-98,-107],[11,-230],[-23,-130],[-172,-128],[-739,-464],[-307,-216],[-417,-389],[-17,-45],[19,-541],[74,-213],[210,-278],[107,-209],[310,-964],[392,-592],[134,-394],[63,-123],[84,-123],[450,-534],[263,-248],[622,-492],[109,-105],[179,-242],[41,-86],[34,-176],[-6,-131],[-83,-453],[-6,-225],[57,-172],[212,-328],[35,-86],[119,-534],[38,-316],[19,-270],[-12,-94],[-62,-130],[-159,-128],[-394,-214],[-178,-114],[-115,-115],[-65,-215],[-239,-1068],[-109,-214],[-2,-401],[66,-721],[73,-357],[179,-431],[8,-271],[129,-200],[268,-302],[345,-478],[311,-487],[127,-255],[230,-557],[141,-394],[133,-529],[62,-177],[162,-291],[344,-425],[73,-122],[92,-214],[163,-480],[133,-533],[27,-541],[32,-181],[197,-426],[258,-405],[148,-143],[383,-227],[295,-153],[228,-148],[295,-221],[664,-588],[199,-282],[184,-382],[325,-438],[722,-719],[840,-775],[634,-767],[177,-237],[44,-87],[52,-221],[22,-361],[-51,-265],[-89,-264],[-111,-205],[-509,-676],[-294,-333],[-288,-292],[-199,-168],[-435,-321],[-317,-202],[-494,-257],[-516,-244],[-1423,-592],[-332,-121],[-611,-192],[-678,-187],[-347,-71],[-420,-51],[-560,-171],[-361,-39],[-170,-46],[-295,-153],[-575,-333],[-324,-129],[-346,-246],[-148,-83],[-111,-34],[-310,-143],[-434,-313],[-368,-291],[-361,-313],[-193,-231],[-95,-165],[-141,-484],[-28,-180],