{"type":"Topology","transform":{"scale":[1.0E-6,1.0E-6],"translate":[-72.97359611275792,42.11227257620258]},"objects":{"MA":{"geometries":[{"arcs":[[7,8,9,10,-6,11]],"id":171,"type":"Polygon","properties":{"bound":{"minx":-73.18358908178963,"miny":42.03801727804058,"maxx":-73.00824156365793,"maxy":42.25414704333379}}},{"arcs":[[-4,12,13,14,15,16,-5,-7,17,18]],"id":865,"type":"Polygon","properties":{"bound":{"minx":-73.0733455786336,"miny":42.033681154718955,"maxx":-72.7839979481016,"maxy":42.345889899660065}}},{"arcs":[[-1,19,-3,-2,20]],"id":1174,"type":"Polygon","properties":{"bound":{"minx":-72.83733374097453,"miny":41.99735599453688,"maxx":-72.76336466803146,"maxy":42.10305641598951}}}],"type":"GeometryCollection"}},"arcs":[[[203074,-109677],[-1466,2055],[-138,372],[-578,3354],[-169,1649],[338,2209],[1818,7366],[-5259,360],[-2943,73],[-1298,205],[-459,277],[-1604,1792],[-3943,3249],[915,2235],[330,1532],[198,4571],[382,3871],[-327,3750],[280,1935],[178,2151],[124,408],[275,357],[354,254],[567,220],[2053,561],[1603,581],[2339,1349],[2851,2328],[1161,794],[3680,3101],[634,786],[1060,1852],[-2037,663],[-218,475],[6,332],[91,144],[2588,-851],[1169,1933],[-740,282],[-357,443],[-14,289],[363,1137],[181,118],[596,56],[1099,-149],[426,903],[239,1242],[153,1747],[-120,1620],[-284,1349],[-1372,2582],[-2660,2601],[-226,474],[-21,827],[123,1397],[1668,4542],[627,1453],[2532,4792],[646,1557]],[[210488,-22122],[-10549,1684],[-19911,3340],[26,-82],[-43670,7126]],[[136384,-10054],[3777,-7669],[1250,-10307],[-2138,-5440],[15,-178],[-1505,-4003],[-3040,-5072],[2160,-6576],[2720,-4095],[-662,-13492],[-256,-8674]],[[160180,132734],[-44225,-4516],[-6667,-8400],[-4110,-8343],[-3762,-7309],[-40122,22694],[31700,26249],[-4606,67230]],[[-34396,126136],[126,-1],[-27053,-94756],[-36279,4562],[534,-886],[319,-1073],[225,-206],[-87,-220],[32,-405],[-126,-192],[-12,-360],[-1218,-808],[-417,-389],[2,-586],[391,-700],[310,-964],[392,-592],[197,-517],[534,-657],[885,-740],[288,-347],[75,-262],[-95,-809],[304,-586],[157,-850],[-55,-494],[-846,-571],[-413,-1497],[64,-1122],[260,-1059],[742,-980],[438,-742],[566,-1657],[671,-1052],[296,-1013],[59,-722],[455,-831],[1054,-671],[959,-809],[708,-1102],[1562,-1494],[634,-767],[221,-324],[74,-582],[-140,-529],[-620,-881],[-582,-625],[-951,-691],[-1010,-501],[-1755,-713],[-1289,-379],[-1858,-378],[-2109,-1122],[-1163,-916],[-288,-396],[-170,-844],[148,-246],[752,-589],[228,-314],[104,-808],[-104,-480],[-309,-495],[-818,-724],[-627,-278],[-515,-122],[-709,-398],[-235,-509],[7,-734],[177,-179],[-22,-346],[751,-2511],[1085,-7682],[10219,-21356],[984,-2389],[550,-177],[1086,-1506],[526,-453],[1037,-656],[256,-259],[174,-397],[-89,-665],[-309,-436],[-722,-609],[-973,-335],[-633,-872],[-243,-1063],[-236,-307],[162,-709],[413,-647],[793,-561],[893,-462],[811,-167],[1205,-870],[1008,-236],[986,-446],[494,-71],[400,-441],[423,-161],[130,-353],[52,-884],[147,-317],[118,-687],[15,-694],[-941,-2087],[-59,-1245],[-187,-638],[-279,-772],[-864,-768],[-684,-802],[-367,-670],[38,-640],[130,-439],[1021,-1287],[668,-679],[-16,-1481],[126,-775],[307,-743],[1258,-2112]],[[-34396,126136],[-28379,-2265],[-461,4039],[-54165,-6021],[-1666,11337],[-28087,-2321],[211,971],[-378,371],[-221,373],[-383,1200],[-499,490],[-902,1437],[-330,996],[9,108],[846,635],[1080,676],[198,276],[118,835],[-299,1060],[-20854,-2519],[-19419,-2542]],[[-26470,200420],[-310,-342],[-1469,-61261],[-2414,250],[-1400,-4388],[-2333,-8543]],[[-34396,126136],[126,-1],[-27053,-94756],[-36279,4562],[534,-886],[319,-1073],[225,-206],[-87,-220],[32,-405],[-126,-192],[-12,-360],[-1218,-808],[-417,-389],[2,-586],[391,-700],[310,-964],[392,-592],[197,-517],[534,-657],[885,-740],[288,-347],[75,-262],[-95,-809],[304,-586],[157,-850],[-55,-494],[-846,-571],[-413,-1497],[64,-1122],[260,-1059],[742,-980],[438,-742],[566,-1657],[671,-1052],[296,-1013],[59,-722],[455,-831],[1054,-671],[959,-809],[708,-1102],[1562,-1494],[634,-767],[221,-324],[74,-582],[-140,-529],[-620,-881],[-582,-625],[-951,-691],[-1010,-501],[-1755,-713],[-1289,-379],[-1858,-378],[-2109,-1122],[-1163,-916],[-288,-396],[-170,-844],[148,-246],[752,-589],[228,-314],[104,-808],[-104,-480],[-309,-495],[-818,-724],[-627,-278],[-515,-122],[-709,-398],[-235,-509],[7,-734],[177,-179],[-22,-346],[751,-2511],[1085,-7682],[10219,-21356],[984,-2389],[550,-177],[1086,-1506],[526,-453],[1037,-656],[256,-259],[174,-397],[-89,-665],[-309,-436],[-722,-609],[-973,-335],[-633,-872],[-243,-1063],[-236,-307],[162,-709],[413,-647],[793,-561],[893,-462],[811,-167],[1205,-870],[1008,-236],[986,-446],[494,-71],[400,-441],[423,-161],[130,-353],[52,-884],[147,-317],[118,-687],[15,-694],[-941,-2087],[-59,-1245],[-187,-638],[-279,-772],[-864,-768],[-684,-802],[-367,-670],[38,-640],[130,-439],[1021,-1287],[668,-679],[-16,-1481],[126,-775],[307,-743],[1258,-2112]],[[-79657,-72411],[-14409,286],[-8781,391],[-10611,342],[-61118,1817],[-10467,214],[-13578,430]],[[-198621,-68931],[-1827,15417],[-4135,32442],[-800,5619],[-7321,56745]],[[-212704,41292],[-412,2200],[20496,1540],[-607,5609],[504,1320],[4300,14326],[-77,18468],[51,6523],[193,2171],[391,40983],[-112,840]],[[-34396,126136],[0,0]],[[160180,132734],[957,-10031],[19045,1878],[1427,-19552],[9876,-31],[1072,-17522]],[[192557,87476],[-4723,725],[-12130,-34613],[-4614,-2975],[-5008,-5546],[-5361,-1492],[-281,-328]],[[160440,43247],[-625,-646],[-1250,-1562],[-13875,-16300],[-449,442],[-692,475],[-707,217],[-629,85],[-1967,-194],[-1106,-241],[-1697,-623],[-307,-366],[-46,-274],[607,-1446],[-10,-311],[-208,-438],[-487,-393],[-1072,-411],[-914,-5],[-625,-153],[-545,-363],[-582,-590],[-489,-227],[-964,-24],[-1633,161],[-375,-66],[-264,-292],[-144,-775],[89,-1419],[510,-1367],[714,-1090],[100,-455],[-215,-437],[-389,-268],[-509,-106],[-1188,162],[-1112,275],[-807,-82],[-741,-342],[-1330,-918],[-702,-88],[-819,17],[-319,-89],[-363,-334],[-128,-1150],[-222,-476],[-226,-126],[-2029,-7901],[14557,-3312],[437,-1729],[-3492,-5095],[5183,-2651]],[[136384,-10054],[3777,-7669],[1250,-10307],[-2138,-5440],[15,-178],[-1505,-4003],[-3040,-5072],[2160,-6576],[2720,-4095],[-662,-13492],[-256,-8674]],[[138705,-75560],[-12251,182],[-14707,800],[-12921,-42],[-65283,529],[-3459,470],[-809,53],[-21961,-324],[-33266,273],[-20671,416],[-9843,128],[-21974,525],[-1217,139]],[[-26470,200420],[522,572],[1094,748],[44637,29855],[58176,-3059],[877,-9335],[9552,1138]],[[88388,220339],[0,0]],[[203074,-109677],[-576,-5],[-3641,-395],[-19101,-2200],[-14701,-1600],[-8200,-800],[3200,38899],[-21350,218]],[[210488,-22122],[0,0]]]}