{"type":"Topology","transform":{"scale":[1.0E-6,1.0E-6],"translate":[-72.8309646983035,42.66413299625302]},"objects":{"MA":{"geometries":[{"arcs":[[6,7,-5,8,9,10,-6,11,12,13,14]],"id":73,"type":"Polygon","properties":{"bound":{"minx":-73.09501754860416,"miny":42.540074697564506,"maxx":-72.94964855701139,"maxy":42.7427729188945},"Geoid10":"25003931300"}},{"arcs":[[15,-1,-3,-2,16,-4,17,18]],"id":554,"type":"Polygon","properties":{"bound":{"minx":-73.01976300705115,"miny":42.5393584971572,"maxx":-72.62137317679863,"maxy":42.745720859571705},"Geoid10":"25011040100"}}],"type":"GeometryCollection"}},"arcs":[[[198022,-18769],[9987,1259],[2327,265]],[[-45983,-122919],[-62,12521],[-1,604],[48,346],[8,220],[-22,552],[429,30],[2675,339],[758,120],[1168,128],[23447,2989]],[[-17535,-105070],[5639,19502],[1607,5427],[27,216],[2450,8316],[5435,18656],[213,1018],[854,2835],[266,965],[261,630],[4617,1116],[2059,531],[780,171],[630,180],[934,153],[247,20],[566,-55],[741,-140],[390,10],[119,-24],[274,-178],[754,-182],[324,-122],[1587,-683],[767,-283],[543,-174],[202,-42],[1165,-175],[956,-19],[1583,51],[302,30],[955,155],[299,35],[424,-37],[1387,34],[609,0],[1034,-52],[302,-29],[896,-134],[1534,-133],[1460,-42],[197,16],[4269,821],[408,47],[531,115],[486,119],[8471,2433],[2992,624],[2285,505],[127,7],[370,-18],[212,7],[643,-50],[371,15],[310,-7],[1225,-96],[334,-7],[960,-64],[317,3],[445,-22],[718,-88],[2496,-524],[2298,-310],[4860,-381],[742,-134],[1599,-59],[362,-46],[997,-87],[550,45],[756,139],[409,56],[238,58],[349,41],[634,38],[872,-24],[467,10],[393,25],[385,58],[714,132],[2410,643],[755,178],[486,98],[389,40],[376,14],[307,-48],[221,-69],[514,-238],[298,-180],[297,-218],[282,-167],[456,-327],[655,-636],[711,-740],[216,-124],[318,-132],[229,-50],[781,-52],[430,40],[467,144],[345,138],[523,248],[-15,8],[88,26],[623,294],[869,512],[114,92],[7,79],[83,92],[40,256],[-68,199],[-96,181],[-73,193],[-96,394],[-16,134],[69,232],[-11,84],[-295,330],[-922,852],[-99,113],[-45,82],[-94,496],[-10,360],[61,219],[155,296],[59,79],[75,72],[531,373],[203,166],[152,246],[202,170],[63,77],[368,569],[218,270],[720,558],[224,154],[334,188],[270,98],[716,138],[843,97],[275,101],[238,33],[243,-19],[517,-137],[726,-71],[489,-7],[679,58],[288,1],[74,-128],[103,-53],[417,-67],[864,-37],[-33,395],[-117,494],[-18,220],[-12,503],[35,287],[98,323],[129,109],[54,78],[116,534],[292,734],[17,225],[-12,43],[-65,78],[57,281],[155,294],[61,357],[47,129],[146,145],[447,310],[116,102],[95,119],[189,330],[82,77],[79,-63],[53560,6436],[192,68],[610,92],[604,11],[11748,1405],[944,103],[542,77],[21827,2619],[7796,918],[4166,509]],[[-191938,77000],[-189,-3322],[-176,-10826],[-441,-24295],[25831,-1426],[48136,3839],[447,-362],[187,-178],[270,-300],[69,-126],[16,-224],[-10,-182],[-59,-266],[-85,-216],[-453,-885],[-239,-415],[-209,-274],[-321,-329],[-294,-230],[-181,-121],[-355,-172],[-574,-242],[-1272,-1159],[-692,-517],[-280,-319],[-71,-269],[28,-160],[796,-1008],[1064,-1104],[332,-538],[165,-983],[-41,-430],[-451,-1421],[-782,-975],[-922,-957],[-949,-635],[-1546,-11],[-1250,52],[-982,-144],[-2469,-1539],[-1219,-577],[-1082,-232],[-2090,-5],[-1385,399],[-2547,513],[-2125,446],[-1938,-55],[-1464,-293],[-128,-417],[-337,-537],[-272,-553],[-581,-791],[-1541,-701],[194,-1158],[-58,-81],[147,-83],[55,-75],[20,-593],[91,-399],[79,-219],[264,-453],[977,-1403],[260,-504],[61,-175],[43,-269],[0,-135],[-20,-134],[-105,-259],[-161,-192],[-279,-173],[-44,-89],[-135,-154],[-762,-87],[-3887,20],[-1783,183],[-2270,-44],[-2070,-218],[-1566,-266],[-590,-114],[-296,-79],[-281,-107],[-73,-57],[-18,-37],[-1,-88],[133,-316],[490,-874],[219,-702],[131,-96],[183,-286],[56,-128],[104,-489],[34,-315],[-3,-180],[-36,-224],[-187,-177],[-90,-62],[-104,-47],[-409,-90],[-358,-64],[-481,-49],[-245,4],[-698,73],[-2205,114],[-669,10],[-345,40],[-674,13],[-286,-170],[-499,-386],[-9,-24],[16,-278],[69,-174],[585,-630],[622,-608],[1108,-892],[2959,-2468],[1770,-1427],[905,-354],[1087,-500],[835,-276],[193,-111],[651,-247],[338,-102],[694,-174],[834,-131],[580,-143],[770,-273],[630,-273],[426,-257],[1212,-823],[478,-347],[613,-501],[994,-914],[479,-407],[275,-177],[304,-154],[154,-73],[453,-161],[309,-23],[243,15],[117,28],[418,186],[420,261],[417,330],[188,177],[537,655],[401,340],[224,153],[852,437],[210,91],[383,139],[729,229],[408,95],[837,127],[667,65],[306,4],[180,-14],[237,-38],[756,-174],[618,-18],[853,32],[665,64],[357,66],[336,104],[157,70],[293,164],[190,176],[127,155],[90,167],[119,488],[113,304],[591,1050],[618,302],[834,202],[2305,-297],[1533,-232],[1571,-691],[146,-83],[220,-156],[136,-149],[143,-249],[192,-427],[9,-676],[48,-542],[18,-1144],[36,-349],[-1158,-3666],[-55,-262],[-29,-722],[11,-360],[17,-178],[119,-161],[12,-43],[0,-222],[-50,-587],[2,-315],[13,-588],[58,-629],[93,-396],[192,-429],[207,-377],[390,-562],[189,-331],[95,-260],[148,-531],[130,-300],[161,-190],[184,-120],[156,-70],[166,-60],[289,-73],[363,-34],[1738,-9316],[-20,-124],[69,-420],[-3560,-12352],[-1092,-3570],[-6698,-23105],[-3845,-13654],[-2622,-9199],[-6523,-23193]],[[-254459,-104631],[17560,-2952],[1773,-282],[239,-56],[76719,-12895],[7959,-1332],[138,11],[1380,-247],[325,-83],[265,-45],[85,11]],[[-230861,11131],[-362,-5190],[-215,-3508],[-296,-3644],[-582,-8218]],[[-191938,77000],[-189,-3322],[-176,-10826],[-441,-24295],[25831,-1426],[48136,3839],[447,-362],[187,-178],[270,-300],[69,-126],[16,-224],[-10,-182],[-59,-266],[-85,-216],[-453,-885],[-239,-415],[-209,-274],[-321,-329],[-294,-230],[-181,-121],[-355,-172],[-574,-242],[-1272,-1159],[-692,-517],[-280,-319],[-71,-269],[28,-160],[796,-1008],[1064,-1104],[332,-538],[165,-983],[-41,-430],[-451,-1421],[-782,-975],[-922,-957],[-949,-635],[-1546,-11],[-1250,52],[-982,-144],[-2469,-1539],[-1219,-577],[-1082,-232],[-2090,-5],[-1385,399],[-2547,513],[-2125,446],[-1938,-55],[-1464,-293],[-128,-417],[-337,-537],[-272,-553],[-581,-791],[-1541,-701],[194,-1158],[-58,-81],[147,-83],[55,-75],[20,-593],[91,-399],[79,-219],[264,-453],[977,-1403],[260,-504],[61,-175],[43,-269],[0,-135],[-20,-134],[-105,-259],[-161,-192],[-279,-173],[-44,-89],[-135,-154],[-762,-87],[-3887,20],[-1783,183],[-2270,-44],[-2070,-218],[-1566,-266],[-590,-114],[-296,-79],[-281,-107],[-73,-57],[-18,-37],[-1,-88],[133,-316],[490,-874],[219,-702],[131,-96],[183,-286],[56,-128],[104,-489],[34,-315],[-3,-180],[-36,-224],[-187,-177],[-90,-62],[-104,-47],[-409,-90],[-358,-64],[-481,-49],[-245,4],[-698,73],[-2205,114],[-669,10],[-345,40],[-674,13],[-286,-170],[-499,-386],[-9,-24],[16,-278],[69,-174],[585,-630],[622,-608],[1108,-892],[2959,-2468],[1770,-1427],[905,-354],[1087,-500],[835,-276],[193,-111],[651,-247],[338,-102],[694,-174],[834,-131],[580,-143],[770,-273],[630,-273],[426,-257],[1212,-823],[478,-347],[613,-501],[994,-914],[479,-407],[275,-177],[304,-154],[154,-73],[453,-161],[309,-23],[243,15],[117,28],[418,186],[420,261],[417,330],[188,177],[537,655],[401,340],[224,153],[852,437],[210,91],[383,139],[729,229],[408,95],[837,127],[667,65],[306,4],[180,-14],[237,-38],[756,-174],[618,-18],[853,32],[665,64],[357,66],[336,104],[157,70],[293,164],[190,176],[127,155],[90,167],[119,488],[113,304],[591,1050],[618,302],[834,202],[2305,-297],[1533,-232],[1571,-691],[146,-83],[220,-156],[136,-149],[143,-249],[192,-427],[9,-676],[48,-542],[18,-1144],[36,-349],[-1158,-3666],[-55,-262],[-29,-722],[11,-360],[17,-178],[119,-161],[12,-43],[0,-222],[-50,-587],[2,-315],[13,-588],[58,-629],[93,-396],[192,-429],[207,-377],[390,-562],[189,-331],[95,-260],[148,-531],[130,-300],[161,-190],[184,-120],[156,-70],[166,-60],[289,-73],[363,-34],[1738,-9316],[-20,-124],[69,-420],[-3560,-12352],[-1092,-3570],[-6698,-23105],[-3845,-13654],[-2622,-9199],[-6523,-23193]],[[-144414,-108199],[-3752,-14240],[-9,-36],[159,-26]],[[-254459,-104631],[-10129,1739],[15067,12383],[-158,801],[-3668,20302]],[[-253347,-69406],[16764,-706],[323,4265],[967,14076]],[[-235293,-51771],[135,1600],[2031,29257],[-1,241],[174,2177],[277,4162],[361,4905]],[[-230861,11131],[270,3749],[79,1984],