{"type":"Topology","transform":{"scale":[1.0E-6,1.0E-6],"translate":[-72.67913684972702,42.65918425384434]},"objects":{"MA":{"geometries":[{"arcs":[[11,-5,-10,-9,12,-11,13,14]],"id":554,"type":"Polygon","properties":{"bound":{"minx":-73.01976300705115,"miny":42.5393584971572,"maxx":-72.62137317679863,"maxy":42.745720859571705},"Geoid10":"25011040100"}},{"arcs":[[-3,-2,-8,-7,-6,-4,-1,15,16]],"id":555,"type":"Polygon","properties":{"bound":{"minx":-72.67238252921608,"miny":42.595130000964815,"maxx":-72.46631264978795,"maxy":42.734815857642594},"Geoid10":"25011040200"}}],"type":"GeometryCollection"}},"arcs":[[[4559,73704],[1753,-9151],[93,-692],[41,-179],[118,-91],[188,-366],[-27,-834],[158,-799],[110,-388],[141,-365],[49,-515],[157,-433],[203,-308],[887,-797],[825,-889],[48,-115],[109,-148],[110,-319],[-11,-1040],[-170,-286],[-76,-240],[-213,-983],[-13,-491],[-77,-148],[-170,-161],[-154,-91],[-155,-58],[-325,-69],[-341,-35],[-418,-93],[-155,-46],[-201,-137],[-123,-161],[-46,-114],[-19,-294],[59,-144],[-7,-121],[-92,-149],[-106,-503],[-139,-251],[-139,-81],[-341,-1],[-309,-34],[-109,-70],[-61,-148],[-139,-206],[-168,-377],[-139,-355],[-45,-205],[-92,-138],[-92,-228],[-61,-240],[-139,-183],[-62,-35],[-30,-274],[109,-68],[109,-34],[310,-56],[589,-11],[1503,26],[481,-21],[387,-57],[296,-91],[139,-90],[94,-206],[32,-206],[1,-251],[-121,-525],[-153,-481],[-90,-742],[17,-641],[-26,-833],[48,-342],[79,-240],[140,-183],[342,-341],[513,-365],[419,-261],[558,-291],[576,-267],[576,-432],[171,-251],[296,-240],[310,-136],[528,-170],[280,-205],[140,-137],[82,-119],[136,-144],[180,-247],[23,-83],[17,-366],[63,-308],[118,-229],[39,-159],[373,-365],[265,-216],[528,-342],[149,-111],[224,-208],[78,-205],[5,-1005],[93,-103],[78,-23],[171,-136],[639,-993],[110,-216],[218,-217],[31,-68],[0,-47],[-61,-91],[-309,-275],[-77,-171],[1,-377],[110,-354],[157,-228],[279,-240],[420,-204],[775,-273],[358,-159],[248,-68],[124,-57],[496,-102],[419,-159],[435,-100],[371,-35],[1024,-192],[388,-125],[310,-136],[653,-467],[124,-57],[855,-638],[203,-479],[1,-172],[-199,-469],[-200,-400],[-370,-526],[-200,-229],[-231,-457],[-60,-309],[0,-182],[31,-80],[63,-92],[139,-91],[316,-168],[321,-82],[233,-10],[883,-182],[729,-89],[480,-91],[636,-44],[170,-69],[78,-56],[187,-240],[25,-240],[-23,-102],[-216,-321],[-184,-514],[-77,-149],[-92,-92],[-232,-91],[-248,-47],[-1115,-47],[-93,-23],[-278,-218],[-448,-241],[-139,-149],[-153,-479],[-61,-115],[-61,-286],[-15,-297],[-28,-63],[15,-565],[47,-69],[140,-91],[202,-79],[170,-34],[513,-364],[357,-171],[550,-181],[172,-122],[334,-289],[171,-297],[157,-376],[63,-240],[33,-366],[188,-616],[33,-594],[48,-251],[78,-148],[155,-137],[94,-148],[124,-126],[280,-205],[450,-296],[870,-478],[403,-171],[962,-261],[976,-157],[202,-46],[31,-34],[713,-90],[326,-102],[124,-68],[341,-262],[404,-228],[450,-193],[714,-353],[233,-79],[372,-171],[636,-227],[295,-160],[233,-171],[218,-205],[187,-251],[405,-719],[561,-832],[202,-183],[202,-102],[372,-125],[217,-45],[372,-45],[1301,-55],[357,-56],[1163,-129],[387,-74],[62,-45],[63,-94],[208,-182],[304,-226],[171,-251],[125,-308],[312,-422],[392,-593],[261,-240],[264,-205],[559,-364],[249,-229],[78,-114],[309,-305],[64,-151],[1,-103],[-95,-215],[-40,-386],[38,-65],[196,-106],[228,-66],[183,-14],[103,29],[333,-60],[172,6],[434,-68],[403,-136],[280,-228],[109,-262],[17,-309],[-183,-834],[-199,-457],[-124,-183],[-246,-264],[-279,-194],[-463,-252],[-464,-298],[-60,-206],[1,-377],[139,-137],[327,-239],[341,-137],[434,-102],[1054,-318],[403,-90],[852,-158],[481,-68],[573,-171],[155,-22],[500,17],[440,-134],[168,-82],[412,-278],[466,-410],[762,-843],[196,-328],[239,-324],[422,-740],[125,-331],[32,-355],[-30,-80],[-93,-102],[-216,-149],[-557,-219],[-278,-171],[-77,-126],[-124,-115],[-123,-239],[-46,-161],[-30,-35],[0,-227],[100,-205],[109,-145],[143,-145],[411,-532],[250,-434],[108,-114],[218,-388],[79,-228],[1,-537],[94,-137],[403,-239],[156,-57],[263,-45],[264,-80],[123,-11],[495,138],[201,104],[201,45],[0,80],[155,115],[77,0],[93,-57],[32,-114],[46,-23],[279,-33],[140,-80],[62,-148],[44,-307],[102,-284],[307,-448],[202,-217],[264,-182],[155,-57],[279,-57],[279,-228],[125,-182],[125,-286],[-15,-183],[-123,-205],[-170,-206],[-726,-527],[-107,-228],[1,-355],[158,-155]],[[182065,-61615],[641,447],[429,472],[253,308],[505,681],[484,483],[363,327],[922,1076],[1276,1325],[629,613],[569,707]],[[188136,-55176],[284,337],[318,303],[358,547],[597,1187],[177,223],[147,235],[263,480],[279,448],[580,438],[582,306],[912,352],[1858,593],[822,363],[965,754],[889,842],[278,450],[141,145],[1622,3999],[-27,196],[58,994],[-133,767],[-137,574],[-155,563],[-94,203],[-608,1080],[-797,1344],[-611,962],[-761,1073],[-562,917],[-371,568],[-1081,1786],[-1253,2181],[-1395,2274],[-788,974],[-336,476],[-115,195],[-106,240],[-159,250],[-189,555],[-6,386],[120,399],[197,497],[173,319],[242,358],[101,229],[384,427],[395,520],[334,381],[413,427],[660,598],[481,407],[956,708],[469,322],[1766,1458],[296,182],[919,710],[723,449],[7506,4109],[609,290],[629,435],[677,515],[879,716],[245,170],[3832,3303],[703,668],[461,518],[232,625],[65,656],[-25,394],[-115,850],[-129,577],[-358,760],[-360,531],[-337,406],[-1065,1041],[-2869,3064],[-379,477],[-293,453],[-202,330],[-263,522],[-159,554],[-89,634],[-68,1155],[-150,1545],[-101,676],[67,534],[171,635],[-2584,558],[-692,175],[-703,-156],[-986,1700],[-1942,2503],[-1952,2170],[-1517,851],[-317,192],[-600,-159],[-1950,-473],[-197,-1284],[-110,-438],[-1184,-2469],[-2832,758],[-339,2755],[-34,443],[-130,878],[-234,1889],[-2703,-665],[-3417,-790],[-403,819],[-387,1168],[-2508,6159],[-17242,41844]],[[58508,-12297],[13272,1550],[8105,919],[3235,304],[10221,1248],[195,1],[369,59],[18123,2174],[963,115],[1333,136],[1448,183],[10046,1193]],[[46194,-13821],[9987,1259],[2327,265]],[[125818,-4415],[9669,1091],[-421,-595],[3494,422],[-281,-1043],[-161,-799],[-45,-449],[-24,-541],[1,-900],[135,-348],[125,-153],[161,-137],[178,-123],[492,-265],[63,-79],[36,-87],[-13,-89],[-234,-316],[-524,-499],[-195,-227],[-140,-250],[-114,-257],[-99,-261],[-72,-266],[8,-180],[39,-83],[174,-241],[76,-172],[18,-179],[-35,-365],[28,-174],[82,-166],[296,-399],[101,-164],[178,-525],[25,-359],[-12,-271],[-26,-178],[-89,-169],[-72,-74],[-94,-58],[-121,-24],[-110,27],[-90,70],[-106,32],[-611,-37],[-108,36],[-89,68],[-163,243],[-112,32],[-126,-8],[-112,-35],[-102,-54],[-664,-529],[-184,-116],[-418,-188],[-334,-108],[-236,-49],[-363,-44],[-120,11],[-324,127],[-119,12],[-490,-1],[-368,-32],[-85,-60],[-73,-174],[-114,-158],[-460,-423],[-202,-224],[-105,-160],[-389,-760],[-267,-356],[-230,-208],[-363,-246],[-210,-93],[-388,-73],[-73,-51],[-30,-75],[-23,-166],[61,-562],[3,-185],[-92,-354],[-24,-270],[26,-179],[200,-520],[71,-266],[-19,-178],[-130,-254],[-35,-269],[28,-180],[183,-522],[246,-510],[223,-321],[136,-149],[223,-215],[414,-330],[315,-141],[342,-91],[133,-126],[58,-181],[5,-87],[-38,-81],[-198,-232],[-108,-445],[-82,-168],[-567,-695],[-402,-658],[-170,-236],[-230,-213],[-277,-175],[-232,-62],[-484,-37],[-218,-106],[-181,-235],[-76,-356],[-38,-85],[-113,-161],[-248,-198],[-412,-199],[-185,-112],[-119,-157],[-97,-262],[-31,-180],[9,-181],[99,-163],[324,-386],[104,-160],[64,-174],[7,-273],[-47,-175],[-218,-424],[-152,-245],[-341,-478],[-270,-301],[-34,-87],[6,-92],[46,-81],[73,-75],[164,-134],[274,-179],[216,-83],[121,-16],[243,10],[471,100],[241,22],[249,-13],[116,-21],[106,-38],[93,-60],[225,-218],[241,-313],[21,-90],[-16,-89],[-48,-84],[-211,-221],[-629,-432],[-170,-128],[-149,-138],[-100,-165],[-73,-268],[-2,-181],[64,-267],[271,-692],[85,-263],[73,-356],[21,-270],[-8,-450],[-91,-445],[-111,-258],[-20,-180],[21,-179],[65,-174],[95,-168],[132,-149],[251,-198],[76,-149],[-29,-269],[-117,-441],[-214,-738],[-100,-221],[-21,-89],[4,-91],[43,-82],[262,-190],[59,-81],[24,-87],[-6,-92],[-35,-88],[-66,-72],[-261,-194],[-213,-323],[-206,-224],[-431,-317],[-1280,-855],[-251,-193],[-127,-148],[-84,-169],[-111,-357],[-82,-451],[-234,-468],[-65,-356],[89,-1081]],[[126450,-46989],