{"type":"Topology","transform":{"scale":[1.0E-6,1.0E-6],"translate":[-72.31600796607341,42.116659041308104]},"objects":{"MA":{"geometries":[{"arcs":[[5,6,7,8,-4,9]],"id":1223,"type":"Polygon","properties":{"bound":{"minx":-72.32391398236034,"miny":42.03130897521454,"maxx":-72.2707338489046,"maxy":42.14517932274609},"Geoid10":"25013813701"}},{"arcs":[[-1,10,11,12,13,-5,-3,14]],"id":1224,"type":"Polygon","properties":{"bound":{"minx":-72.38725001806925,"miny":42.031491284213615,"maxx":-72.3069232828558,"maxy":42.16202753259021},"Geoid10":"25013813702"}},{"arcs":[[15,16,-2,17,18]],"id":1225,"type":"Polygon","properties":{"bound":{"minx":-72.27064757021806,"miny":42.029416632766456,"maxx":-72.13498084477918,"maxy":42.0933508930957},"Geoid10":"25013813801"}}],"type":"GeometryCollection"}},"arcs":[[[-5249,-84671],[-886,3236],[-49,236],[-54,375],[-159,1861],[-280,1778],[-296,1355],[-478,1723],[-130,747],[-446,3441],[-90,1097],[-6,217],[44,819],[32,290],[114,620],[169,546],[122,287],[141,258],[318,475],[318,379],[314,311],[285,315],[148,198],[112,280],[79,311],[49,285],[8,258],[-28,316],[-64,348],[-325,1203],[-11,370],[70,414],[263,1004],[25,173],[15,385],[-19,590],[12,192],[103,559],[314,1506],[98,301],[171,372],[377,521],[580,532],[472,391],[163,159],[267,306],[174,248],[607,1123],[172,287],[162,228],[199,234],[1473,1427],[955,834],[678,720],[398,497],[1220,1777],[442,729],[187,360],[733,1811],[74,249],[63,316],[24,316],[-7,772],[20,1173],[135,1669],[256,2224],[71,1359],[47,238],[169,595],[1045,3466],[61,303],[35,363],[-103,1018],[-159,755],[-402,1430],[-761,2423],[-920,3152],[-215,706],[-171,473],[-150,201],[-206,205],[-998,975],[-1668,1590],[-1242,1177],[-857,787],[-330,258],[-328,301],[-125,159],[-47,174],[5,494],[38,221],[148,478],[506,1038],[154,453],[368,1330],[259,833],[301,575],[1002,1429],[177,334],[308,1421],[181,549],[405,956],[1586,3564],[422,817],[320,556],[431,676],[788,932],[316,324],[1128,1617],[1490,1867],[1158,1744],[201,361],[182,423],[68,236],[101,600],[123,976],[30,403],[-3,297],[-120,464],[-537,1388],[-530,1292],[-169,361],[-465,1365],[-2105,7064],[-142,541],[-83,211],[-259,458],[-113,141],[-401,353],[-272,195],[-1285,1042],[-358,340],[-203,276],[-109,216],[-136,389]],[[45912,-24137],[-324,-33565],[-112,-13702],[-144,-13575]],[[2230,27371],[-136,90],[-29,60],[30,534],[80,274],[8,153],[43,183],[34,625],[-52,198],[-178,227],[-269,287],[-116,182],[-298,332],[-353,469],[-320,96],[-80,64],[-48,96],[-96,80],[-160,32],[-319,-48],[-288,-96],[-384,-80],[-224,-80],[-288,-128],[-288,-368],[-192,-208],[-256,-352],[-96,-224],[-160,-224],[-224,-80],[-256,64],[-224,80],[-192,128],[-544,208],[-320,80],[-224,16],[-96,48],[-64,224],[-64,96],[-128,304],[-160,256],[-224,432],[-128,144],[-48,96],[-112,112],[-128,224],[-128,112],[-224,288],[-192,144],[-176,96],[-432,160],[-224,-16],[-160,-48],[-294,-239],[-442,-81],[-224,80],[-592,272],[-160,192],[-112,256],[-352,688],[-192,240],[-256,208],[-336,128],[-272,48],[-624,64],[-740,20],[-1004,183],[-566,78],[-341,100],[-243,128],[-275,195],[-180,193],[-262,398],[-378,708],[-481,1122],[-166,328],[-191,561],[-497,793],[-243,320],[-832,717],[-280,156],[-52,155],[42,182],[0,192],[-81,112],[-288,224],[-80,17],[-128,64],[-304,177],[-144,64],[-224,144],[-272,129],[-112,80],[-81,96],[-128,64],[-128,32],[-144,16],[-208,81],[-176,16],[-144,32],[-512,16],[-480,81],[-482,16],[-288,32],[-352,113],[-304,33],[-288,-16],[-320,-80],[-144,-15],[-113,48],[-144,-16],[-96,-32],[-160,-16],[-240,-80],[-336,-143],[-160,-32],[-176,-64],[-144,0],[-400,160],[-48,48],[-65,161],[-32,192],[-112,272],[-48,274],[-96,272],[-128,256],[-96,80],[-97,177],[-128,160],[-128,48],[-192,112],[-240,96],[-272,17],[-224,-48],[-96,-48],[-160,-48],[-272,-112],[-113,-144],[-128,-239],[-160,-144],[-176,-96],[-176,-159],[-144,-47],[-112,80],[-48,96],[14,416],[-160,289],[-128,160],[-128,64],[-96,96],[-288,192],[-192,97],[-224,64],[-208,0],[-193,-32],[-208,-64],[-480,-287],[-448,-334],[-352,-160],[-289,80],[-192,128]],[[41667,27193],[-193,97],[-258,47],[-306,49],[-257,-15],[-532,-112],[-660,-190],[-790,-255],[-306,-32],[-434,49],[-661,129],[-483,65],[-258,0],[-386,-79],[-274,-79],[-258,-112],[-274,-159],[-146,-208],[-195,-224],[-97,-191],[-163,-484],[-370,-680],[-560,-106],[-2443,-211],[-284,-2],[-481,16],[-478,116],[-204,167],[-63,173],[-112,69],[-121,18],[-275,11],[-339,178],[-342,13],[-651,-155],[-335,-15],[-310,113],[-320,93],[-602,92],[-490,22],[-240,-33],[-405,33],[-258,71],[-251,94],[-479,235],[-519,551],[-383,439],[-192,190],[-337,183],[-388,61],[-317,11],[-369,-98],[-423,-175],[-268,-176],[-73,-29],[-149,-94],[-506,-125],[-301,62],[-251,152],[-384,483],[-91,155],[-213,224],[-191,154],[-227,102],[-430,99],[-388,74],[-301,31],[-456,-4],[-394,-48],[-721,-202],[-273,-48],[-319,-48],[-281,-20],[-618,-119],[-444,-6],[-431,-83],[-344,36],[-361,89],[-294,98],[-354,87],[-310,55],[-421,16],[-361,-34],[-429,-9],[-310,23],[-274,-47],[-164,82],[-311,62],[-164,73],[-672,183],[-293,56],[-284,-9],[-339,-83],[-424,-43],[-308,-54],[-410,-259],[-469,-252],[-946,-601],[-308,-137],[-264,-175],[-248,-53],[-369,49],[-300,12],[-237,58],[-699,224],[-318,201],[-470,226]],[[-32266,44416],[-147,-229],[-69,-73],[-64,-43],[-250,-251],[-104,-32],[-209,30],[-234,69],[-216,199],[-141,82],[-603,120],[-85,44],[-673,-153],[-369,-53],[-380,-36],[-510,-24],[-1026,60],[-850,-38],[-277,-34],[-324,-68],[-650,-194],[-4253,-1671],[-773,-286],[-467,-193],[-250,-126],[-885,-509],[-451,-292],[-984,-721],[-681,-559],[-944,-711],[-431,-276],[-441,-237],[-727,-316],[-707,-243],[-1046,-326],[-822,-184],[-717,-64],[-3620,-232],[-949,-86],[-722,-96],[-1514,-274],[-735,-204],[-1874,-596],[-592,-135],[-631,-78],[-348,-13],[-339,17],[-333,51],[-1072,271],[-396,48],[-548,13],[-872,-23],[-579,-47],[-866,-106],[-433,-34],[-393,7],[-2090,160]],[[41667,27193],[-36,-1157],[148,-1798],[3377,-39633],[87,-755],[669,-7987]],[[45912,-24137],[-324,-33565],[-112,-13702],[-144,-13575]],[[45332,-84979],[-902,36],[-28061,75],[-17509,116],[-4109,81]],[[-5249,-84671],[-886,3236],[-49,236],[-54,375],[-159,1861],[-280,1778],[-296,1355],[-478,1723],[-130,747],[-446,3441],[-90,1097],[-6,217],[44,819],[32,290],[114,620],[169,546],[122,287],[141,258],[318,475],[318,379],[314,311],[285,315],[148,198],[112,280],[79,311],[49,285],[8,258],[-28,316],[-64,348],[-325,1203],[-11,370],[70,414],[263,1004],[25,173],[15,385],[-19,590],[12,192],[103,559],[314,1506],[98,301],[171,372],[377,521],[580,532],[472,391],[163,159],[267,306],[174,248],[607,1123],[172,287],[162,228],[199,234],[1473,1427],[955,834],[678,720],[398,497],[1220,1777],[442,729],[187,360],[733,1811],[74,249],[63,316],[24,316],[-7,772],[20,1173],[135,1669],[256,2224],[71,1359],[47,238],[169,595],[1045,3466],[61,303],[35,363],[-103,1018],[-159,755],[-402,1430],[-761,2423],[-920,3152],[-215,706],[-171,473],[-150,201],[-206,205],[-998,975],[-1668,1590],[-1242,1177],[-857,787],[-330,258],[-328,301],[-125,159],[-47,174],[5,494],[38,221],[148,478],[506,1038],[154,453],[368,1330],[259,833],[301,575],[1002,1429],[177,334],[308,1421],[181,549],[405,956],[1586,3564],[422,817],[320,556],[431,676],[788,932],[316,324],[1128,1617],[1490,1867],[1158,1744],[201,361],[182,423],[68,236],[101,600],[123,976],[30,403],[-3,297],[-120,464],[-537,1388],[-530,1292],[-169,361],[-465,1365],[-2105,7064],[-142,541],[-83,211],[-259,458],[-113,141],[-401,353],[-272,195],[-1285,1042],[-358,340],[-203,276],[-109,216],[-136,389]],[[41667,27193],[0,0]],[[-5249,-84671],[-703,-9],[-11750,167],[-5216,-30],[-9482,290],[-5152,68],[-12170,195],[-1261,36]],[[-50983,-83954],[-7615,43106],[7,1924],[-1098,4248],[-425,2409],[-218,951],[-342,1729],[-2801,16059]],[[-63475,-13528],[-1018,5404],[-170,1575],[-1674,7993],[-1342,7446],[-3552,17935],[-210,1192],[-113,353],[-296,1518],[-56,427],[-112,448],[-621,3438],[-108,480]],[[-72747,34681],[-185,1040]],[[2230,27371],[0,0]],[[181053,-25994],[-158,0],[-603,-60419]],[[180292,-86413],[-7389,340],[-1694,35],[-3866,-91],[-14293,152],[-5439,76],[-2202,62],[-41980,294],[-14308,147],