{"type":"Topology","transform":{"scale":[1.0E-6,1.0E-6],"translate":[-72.29436490034918,42.611701283517434]},"objects":{"MA":{"geometries":[{"arcs":[[12,13,14,15,16,-11,17,18,19]],"id":522,"type":"Polygon","properties":{"bound":{"minx":-72.35676181185367,"miny":42.54662709879518,"maxx":-72.22526098413412,"maxy":42.67562156183169}}},{"arcs":[[20,-9,-12,-10,-6,-7,21,-5,22,23]],"id":552,"type":"Polygon","properties":{"bound":{"minx":-72.50244931838456,"miny":42.50018160405796,"maxx":-72.27263079748721,"maxy":42.72644986845685}}},{"arcs":[[-1,-3,24,-2,-8,-4,25,26]],"id":721,"type":"Polygon","properties":{"bound":{"minx":-72.28175334595507,"miny":42.622786381112626,"maxx":-72.05700433529452,"maxy":42.72285779710447}}}],"type":"GeometryCollection"}},"arcs":[[[219866,12546],[-5586,11798],[-464,1250],[-365,1787],[-281,6695],[116,1581],[2969,9477],[147,998],[-57,1417],[-1339,6949],[117,1129],[231,559],[458,691],[671,682],[824,662],[751,446],[2971,1363],[3968,2638],[1325,996],[236,130],[435,-109],[21,318],[-376,527],[71,197],[141,219],[592,473],[287,1165],[177,369],[932,949],[775,1119],[442,163],[398,50],[1180,-332],[997,-3],[1386,280],[815,364],[642,182],[2209,188],[21,2454],[-2511,-77],[120,1440],[87,143],[538,369],[-2834,2337],[2023,849],[1368,15],[-2101,3573],[-304,671],[-948,3104],[-272,2292],[-627,2404],[-1190,2816],[-225,1461],[352,389],[-4383,4899],[-1498,1335],[-1300,856],[-1476,741],[-6108,2538]],[[69525,27279],[57425,7542],[2142,-10101],[993,-3854],[5933,643],[1697,-9611],[2076,214]],[[155244,12221],[22489,2684],[40882,-1372],[1251,-987]],[[11383,109847],[10986,-46890]],[[-117650,113733],[7346,-18333],[9360,-22828],[12107,-30172],[195,-312],[1940,-4884],[611,-1101],[367,-1286],[264,-415],[127,-515],[2567,-6281],[-17837,-3959],[-11237,-2602],[-33648,-7568],[-12924,-2766],[-701,-216],[-9940,-2214],[1767,-13502],[-29349,-2472]],[[-165276,-95274],[20034,2159],[-1322,-8175],[8743,-940],[1582,-235],[61951,-6697],[8564,-1049],[252,41],[1655,-185],[1392,47356]],[[-202706,-14132],[693,-673],[222,-598],[4,-1156],[-297,-1067],[26,-200],[307,-401],[743,-450],[296,-295],[-81,-219],[-1266,-1362],[-1013,-850],[-419,-610],[-369,-879],[-3,-289],[379,-472],[238,-860],[-53,-772],[-264,-472],[-3585,-3277],[-2205,-1713],[55,-339],[153,-247],[745,-504],[517,-250],[1307,-134],[1296,168],[101,-38],[1936,499],[1444,187],[466,312],[1471,150],[1081,-59],[1289,-511],[1812,-1388],[2212,-446],[1913,-5],[1131,74],[231,91],[399,-20],[398,151],[307,308],[492,185],[565,86],[969,-22],[1374,-370],[931,-574],[1876,-1582],[901,-1331],[834,-711],[764,-427],[1194,-251],[622,-11],[2500,567],[946,410],[2540,1472],[842,324],[253,-528],[1256,-1339],[631,-845],[0,-160],[-248,-377],[-17,-308],[446,-1256],[-331,-610],[-160,-561],[240,-337],[663,-617],[230,-731],[616,-846],[122,-673],[-32,-503],[679,-435],[324,-503],[478,-491],[-72,-399],[114,-366],[975,-527],[755,-1143],[926,-538],[215,-343],[324,-252],[572,-161],[401,-285],[541,-207],[864,-629],[1279,-1715],[73,-1324],[737,-1943],[565,-750],[-6956,-38589]],[[22369,62957],[83,-355],[13529,1105],[996,-7454],[13892,1293],[1386,-7606],[12629,1024],[4641,-23685]],[[118,43828],[-1156,5287],[3775,598],[8422,1088],[-2331,10889],[13541,1267]],[[-62425,-62999],[1624,26569],[135,680],[1241,22031]],[[118,43828],[1217,-786],[626,-651],[5764,-7671],[4193,-3282],[-71,-1174],[119,-1448],[-480,-1552],[-259,-4931],[-105,-4968],[198,-1730],[-14,-627],[-130,-349],[-372,-459],[-1591,-1657],[-542,-352],[311,-511],[545,-2365],[358,-1916],[132,-1624],[635,-2758],[112,-112],[163,-17],[3591,213],[-75,-4645],[-147,-2132],[-463,-4732],[-907,-3266],[-159,-323],[-295,-254],[-2852,-1643],[-243,-222],[-36,-333],[254,-1680],[-174,-1092],[-636,-1302],[-1188,-2070],[-3096,-2168],[-1120,-1108],[-1314,34],[668,-730],[26,-748],[-168,-185],[-3301,77],[-3191,-344],[-1259,43],[-68,-1100],[-203,-467],[121,-549],[-236,-741],[14,-229],[200,-160],[741,-230],[681,-2],[371,-93],[1170,-823],[742,-256],[380,-1279],[152,-401],[170,-149],[29,-205],[-343,-593],[120,-766],[-390,-569],[-110,-343],[30,-331],[184,-274],[-126,-434],[-654,-797],[-32,-331],[-405,-570],[-326,-262],[-203,-387],[-520,-429],[-462,-854],[-371,-347],[-372,-158],[-273,-222],[-831,-1745],[1213,-386],[208,-148],[-405,-346],[-1302,520],[-543,-693],[-235,-525],[-217,-159],[-248,-80],[-510,24],[-648,231],[-1199,-386],[-123,-2330],[174,-1069],[2627,-5964],[-1461,744],[-4894,2916],[-3186,1704],[-2912,1810],[-2010,1430],[-4498,3407],[-1096,978],[-1085,1284],[88,641],[-43,1323],[-479,2543],[916,2564],[227,403],[469,321],[2506,270],[-1003,6283],[-361,735],[-754,818],[-817,2021],[-367,407],[-524,308],[-576,193],[-3043,526],[-4884,-25],[-76,360],[419,341],[79,263],[171,147],[17,389],[-323,446],[-108,356],[-908,-293],[-1113,-193],[-608,38],[-927,208],[-973,-77],[-1224,-272],[-413,60],[-478,406],[-383,712],[-658,913],[-340,820],[-330,376],[-1139,651],[-1702,628],[-592,321],[-803,204],[-2627,402],[-1472,436],[-1820,-112],[-660,-87],[-496,-173],[-387,-393],[-233,-589],[-933,-576],[-775,-146],[-637,240]],[[-59425,-13719],[-1158,293],[-371,222],[-789,54],[-1274,302],[-914,-14],[-757,-121],[-1184,-1098],[-194,-272],[-15,-372],[-850,-784],[-351,-573],[-640,-336],[-2413,14093],[2982,410],[3363,327],[394,121],[39533,4666],[-3139,16577],[10380,1358],[-1636,7966],[10937,625],[-1494,7414],[10307,1756],[-301,904],[-873,4029]],[[69525,27279],[-4209,-656],[533,-1066],[124,-798],[508,-586],[1404,-1134],[178,-244],[70,-708],[300,-421],[-252,-929],[31,-175],[274,-245],[-179,-331],[447,-634],[124,-939],[-897,-937],[-263,-444],[-185,-590],[55,-789],[-271,-466],[-1563,-849],[-340,-69],[-936,104],[-1084,-257],[-270,-107],[-333,-284],[-91,-341],[165,-381],[-59,-399],[78,-126],[435,-193],[296,-319],[339,138],[991,3],[248,-124],[-30,-601],[-643,-967],[46,-208],[1300,-386],[183,25],[515,312],[189,-6],[131,-92],[-16,-269],[-319,-432],[-68,-898],[-183,-180],[-140,-668],[-238,-511],[71,-354],[289,-229],[122,-253],[-155,-798],[177,-431],[-94,-442],[215,-373],[-78,-263],[-366,-361],[-977,-735],[-621,-290],[-291,-10],[-287,402],[-303,18],[-491,-396],[-172,-335],[-404,-108],[-356,31],[-576,256],[-604,69],[-595,-79],[-529,106],[-581,-105],[-849,15],[-533,-99],[-804,0],[-357,182],[-125,250],[-357,113],[-740,-402],[-662,-562],[-571,-162],[-497,353],[-342,124],[-743,66],[-572,-104],[-292,-230],[-199,-369],[-9080,-1160],[111,-114],[-222,-30],[37,-55],[-2866,-306],[1474,-6349],[-3090,-162],[-532,-688],[-271,-194],[-1678,-520],[-433,-1469],[-379,-400],[-420,-718],[-154,-23],[-372,-251],[-1753,-559],[-3126,657],[-1617,-144],[5743,-24945]],[[33043,-35833],[-1420,-71],[-718,63],[-637,349],[-279,296],[-304,539],[-483,341],[-1333,296],[-852,-18],[-703,131],[-792,-26],[-331,-116],[-382,-404],[-336,-676],[-247,-198],[-562,-267],[-358,-51],[-297,65],[-309,206],[-347,478],[156,1027],[-76,356],[-216,373],[-450,424],[-998,329],[-430,-32],[-180,-171],[-65,-855],[253,-468],[-611,-1130],[-470,-78],[-422,35],[-932,235],[-208,-6412],[1352,-4163],[174,-103],[-39,-302],[1073,-3302]],[[20264,-49133],[510,-1569],[1293,-7067],[828,-6702]],[[22895,-64471],[-85320,1472]],[[-62425,-62999],[1624,26569],[135,680],[1241,22031]],[[118,43828],[-1156,5287],[3775,598],[8422,1088],[-2331,10889],[13541,1267]],[[22369,62957],[83,-355],[13529,1105],[996,-7454],[13892,1293],[1386,-7606],[12629,1024],[4641,-23685]],[[69525,27279],[0,0]],[[11383,109847],[10986,-46890]],[[-202706,-14132],[641,447],[1187,1461],[3674,3824],[569,707]],[[-117650,113733],[56263,-1745],[72770,-2141]],[[11383,109847],[0,0]],[[155244,12221],[-3020,-276],[-12433,167]],[[11383,109847],[20483,-518],[12970,-404],[1552,84],[18062,-452],[8353,-292],[97035,-2330],[13455,-465],[33121,-948]],[[216414,104522],[0,0]]]}