{"type":"Topology","transform":{"scale":[1.0E-6,1.0E-6],"translate":[-72.04660100430031,42.66816934763502]},"objects":{"MA":{"geometries":[{"arcs":[[9,10,11,-5,12,13,14]],"id":707,"type":"Polygon","properties":{"bound":{"minx":-72.08079009092766,"miny":42.601665578537734,"maxx":-71.98160076727292,"maxy":42.716665281288904}}},{"arcs":[[-1,-4,15,-3,-9,-8,16,17]],"id":721,"type":"Polygon","properties":{"bound":{"minx":-72.28175334595507,"miny":42.622786381112626,"maxx":-72.05700433529452,"maxy":42.72285779710447}}},{"arcs":[[-7,18,-6,19,-2,20,21]],"id":811,"type":"Polygon","properties":{"bound":{"minx":-71.98584206697318,"miny":42.594716397223785,"maxx":-71.85678010150946,"maxy":42.71375226090246}}}],"type":"GeometryCollection"}},"arcs":[[[-27896,-43921],[-5586,11798],[-464,1250],[-365,1787],[-281,6695],[116,1581],[2969,9477],[147,998],[-57,1417],[-1339,6949],[117,1129],[231,559],[458,690],[671,682],[824,662],[751,446],[2971,1363],[3968,2638],[1325,996],[236,130],[435,-109],[21,318],[-376,527],[71,197],[141,219],[592,473],[287,1165],[177,369],[932,949],[775,1119],[442,163],[398,50],[1180,-332],[997,-3],[1386,280],[815,364],[642,182],[2209,188],[21,2454],[-2511,-77],[120,1440],[87,143],[538,369],[-2834,2337],[2023,849],[1368,15],[-2101,3573],[-304,671],[-948,3104],[-272,2292],[-627,2404],[-1190,2816],[-225,1461],[352,389],[-4383,4899],[-1498,1335],[-1300,856],[-1476,741],[-6108,2538]],[[65026,45130],[-1408,-27741],[40,-550],[-471,-7203],[-104,-3422],[-745,-14103],[-1709,-30295]],[[-178237,-29188],[57425,7542],[2142,-10101],[993,-3854],[5933,643],[1697,-9611],[2076,214]],[[-92518,-44246],[22489,2684],[40882,-1372],[1251,-987]],[[-27896,-43921],[20127,-15865],[18,-93],[393,-235],[7886,-6220]],[[118579,-66160],[15089,5790],[-97,-417],[1638,426],[731,-1108],[14523,4634],[737,251],[-622,1159],[3128,1034],[756,-1312],[9088,2876],[-578,1008],[3028,989],[-1433,2572],[23422,9134]],[[188191,-34329],[1891,33847],[-1301,7299],[-6000,4500],[-2000,4700],[-4000,-500],[-4700,3305],[-842,730],[-21727,16104],[-1627,7592]],[[-236379,53379],[10986,-46890]],[[-225393,6489],[83,-355],[13529,1105],[996,-7453],[13892,1292],[1386,-7605],[12629,1024],[4641,-23685]],[[65026,45130],[-1408,-27741],[40,-550],[-471,-7203],[-104,-3422],[-745,-14103],[-1709,-30295]],[[60629,-38184],[-2012,-776],[-20397,-8830]],[[38220,-47790],[-11365,-4803],[-13291,-5836],[-2913,-1443],[-10123,-6462]],[[-27896,-43921],[-5586,11798],[-464,1250],[-365,1787],[-281,6695],[116,1581],[2969,9477],[147,998],[-57,1417],[-1339,6949],[117,1129],[231,559],[458,690],[671,682],[824,662],[751,446],[2971,1363],[3968,2638],[1325,996],[236,130],[435,-109],[21,318],[-376,527],[71,197],[141,219],[592,473],[287,1165],[177,369],[932,949],[775,1119],[442,163],[398,50],[1180,-332],[997,-3],[1386,280],[815,364],[642,182],[2209,188],[21,2454],[-2511,-77],[120,1440],[87,143],[538,369],[-2834,2337],[2023,849],[1368,15],[-2101,3573],[-304,671],[-948,3104],[-272,2292],[-627,2404],[-1190,2816],[-225,1461],[352,389],[-4383,4899],[-1498,1335],[-1300,856],[-1476,741],[-6108,2538]],[[-31348,48054],[27955,-805],[39791,-1283],[7667,-123],[1692,67],[1779,-142],[7060,-298],[10430,-340]],[[65026,45130],[0,0]],[[-92518,-44246],[-3020,-276],[-12433,167]],[[-236379,53379],[20483,-518],[12970,-404],[1552,84],[18062,-452],[8353,-292],[97035,-2330],[13455,-465],[33121,-948]],[[-31348,48054],[0,0]],[[188191,-34329],[-202,-4795]],[[118579,-66160],[-17770,-7131],[-4777,6830],[1762,814],[-2919,5036],[1406,542],[-1798,2597],[-4328,-425],[-19389,17180],[-10262,315],[125,2218]],[[65026,45130],[45499,-864],[37360,-1018]],[[147885,43248],[0,0]]]}