{"type":"Topology","transform":{"scale":[1.0E-6,1.0E-6],"translate":[-70.20519843950856,41.28536665930081]},"objects":{"MA":{"geometries":[{"arcs":[[0,1,2,3,4],[5],[6],[7],[8],[9],[10],[11],[12],[13],[14],[15],[16],[17],[18]],"id":674,"type":"Polygon","properties":{"bound":{"minx":-70.3154769461702,"miny":41.25565370279486,"maxx":-70.1179346660186,"maxy":41.337074194687624},"Geoid10":"25019950307"}}],"type":"GeometryCollection"}},"arcs":[[[82354,8561],[21,-320],[508,-105],[61,-159],[286,-1870],[327,-1331],[644,-1008],[-305,-1143],[18,-224],[624,-484],[973,-975],[518,-693],[109,-232],[7,-251],[-146,-1786],[-386,-1074],[-892,163],[-1077,137],[-2097,657],[-214,36],[-1076,-127],[-998,-39],[-3773,-234],[19,-1335],[-41,-296],[-61,-156],[-292,-394],[-813,-731]],[[74298,-5413],[-111,-89],[-353,-511],[-980,-120],[-352,-146],[-966,-847],[70,-977],[-82,-237],[-80,-55],[-103,-163],[-152,-1],[-83,-58],[-125,-138],[-82,-11],[-454,-428],[-102,-172],[34,-75],[-34,-189],[92,-290],[-187,-127],[10,-123]],[[70258,-10170],[-202,-162],[-114,52],[-138,-110],[-156,-74],[-216,-79],[-45,27],[-47,-210],[-141,-202],[-430,-350],[-50,-101],[-494,-587],[-146,-103],[-15,-247],[-208,-190],[-204,-329],[-181,-138],[-140,-234],[-113,-96],[-22,-83],[54,-140],[-61,-142],[3,-223],[-68,-76],[-14,-113],[-143,-97],[-37,-143],[-191,-201],[-262,-432],[-879,-688],[-262,-244],[-129,-183],[-88,-46],[-123,-256],[-226,-163],[-151,-55],[-94,-159],[-127,-33],[-123,-122],[-272,-405],[7,-85],[-257,-315],[-69,-151],[-24,-202],[-212,-214],[-26,-71],[-112,-70],[-220,-52],[-170,-77],[-141,-278],[-42,-168],[-228,-260],[-129,-19],[-13,-251],[-126,-126],[47,7],[-23,-108],[-244,-350],[-159,-97],[-124,-189],[-89,-73],[-178,-64],[4,-130],[65,-61],[6,-127],[-195,-568],[-224,-417],[-400,-420],[-6,-96],[-203,-360],[32,-53],[-141,-127],[-178,-80],[-152,-24],[15,22],[-277,51],[-21,81],[411,725],[269,218],[32,276],[-51,102],[-57,-60],[16,-162],[-94,-121],[-4,-87],[-278,-193],[-180,6],[-184,-36],[-301,-137],[-71,-52],[-67,-164],[-221,38],[-162,63],[-217,9],[-278,-23],[-370,-85],[-147,87],[-17,-305],[-173,-54],[-107,39],[-158,-36],[-41,-36],[8,-46],[-82,-25],[-147,6],[-145,58],[-30,45],[21,91],[-127,79],[-178,-36],[-172,-94],[87,-121],[132,-331],[-30,-362],[-135,-184],[19,-86],[53,-43],[-354,-322],[-152,-29],[-71,-46],[-669,-20],[-91,-17],[-115,-101],[-106,-28],[-315,102],[-41,26],[-60,150],[-142,37],[-160,-17],[-181,-88],[-96,7],[-133,-68],[15,-48],[-46,-49],[-146,101],[42,20],[-120,141],[-26,-8],[70,-105],[-74,16],[-47,52],[4,58],[-139,74],[-168,-10],[-171,44],[-197,17],[-84,-20],[-51,25],[-20,-20],[51,-51],[-295,-17],[-179,92],[-219,10],[-62,-60],[12,-81],[189,-291],[125,-281],[129,-114],[1,-361],[-70,-434],[-64,-93],[-4,-154],[-179,-235],[-91,-425],[-151,-173],[-44,-167],[-56,-54],[-171,-49],[-220,-188],[-66,-226],[-141,-131],[-189,-86],[-290,-196],[-399,-146],[-284,-53],[-517,-310],[-348,-304],[-78,-118],[-244,6],[-264,-114],[334,21],[111,-15],[64,-45],[101,38],[95,105],[175,84],[-3,-35],[-294,-253],[-204,-46],[-69,72],[-210,-29],[-58,-39],[-169,107],[-282,-155],[40,-20],[216,83],[130,-62],[180,7],[22,-19],[-107,-58],[-158,26],[-333,-24],[-274,29],[-20,19],[85,31],[-150,98],[-112,19],[30,28],[-62,12],[-6,64],[-31,-68],[35,-149],[136,-2],[38,-23],[-33,-22],[-412,-19],[-368,26],[-596,-135],[-388,-31],[-213,-52],[-386,7],[-292,39],[-280,-11],[-214,38],[-96,56],[-132,25],[-452,-27],[-617,-93],[-570,89],[-522,132],[-357,29],[-335,-99],[32,-50],[-128,-149],[-150,-114],[-92,3],[-99,-57],[-136,-134],[-404,-65],[-2287,250],[-749,1091],[-360,-146],[908,-1379],[2643,31],[182,-174],[222,-87],[457,124],[301,-31],[226,82],[284,-31]],[[42495,-29879],[-1838,-1516]],[[40657,-31395],[-1857,522],[-4462,1417],[-2807,790],[-1034,623],[-5403,1924],[-2003,971],[-6501,2661],[-6279,2408],[-4254,1920],[-714,252],[-2368,1003],[-840,435],[-3821,1634],[-523,164],[-1539,218],[-1910,632],[-1360,836],[-3004,1335],[-2436,1360],[39,179],[-5587,2678],[-1753,225],[-3033,960],[-3216,2035],[-607,572],[-1820,594],[-880,480],[-303,343],[-1,229],[364,297],[2001,641],[213,-69],[333,-320],[92,-389],[243,-273],[273,-160],[1607,-229],[999,-412],[1895,-688],[5186,-1460],[2317,-224],[640,-113],[2348,-670],[270,-157],[449,-478],[691,-251],[391,-283],[27,-370],[-1162,-324],[-947,-79],[-283,245],[-266,292],[-91,481],[-60,378],[288,89],[120,-49],[107,19],[126,132],[19,100],[140,-10],[41,21],[-4,50],[-59,27],[-202,-12],[-217,161],[-73,-48],[-110,31],[-76,-14],[-199,-87],[19,-25],[167,7],[181,-68],[56,-86],[-49,-44],[-129,-23],[-251,45],[-1139,-619],[-440,32],[-328,-186],[-157,-121],[-170,-192],[24,-176],[165,-262],[215,-212],[7363,-2455],[1611,-27],[697,-137],[1334,-526],[304,-23],[515,69],[1122,434],[273,275],[1272,504],[758,503],[1395,92],[576,206],[698,480],[394,137],[364,-91],[0,-320],[-516,-526],[-1537,-1030],[182,-33],[129,-214],[-26,-221],[-406,-163],[-121,-149],[61,-104],[261,-28],[204,-97],[20,42],[129,0],[46,-80],[194,26],[58,-60],[-1,85],[96,27],[67,-56],[-71,-149],[107,-13],[-43,50],[100,92],[134,-144],[-16,-82],[-206,-57],[-1377,155],[1443,-200],[-106,-141],[-860,25],[-19,-11],[789,-41],[23,-26],[-40,-43],[-719,-356],[-129,-14],[-79,192],[49,-196],[-299,-49],[-149,-73],[-107,-116],[-177,6],[139,212],[-178,-224],[-150,-25],[-82,-41],[-23,-51],[-250,-43],[-210,224],[-78,4],[-347,-146],[-229,-147],[-60,-53],[209,-86],[-126,-228],[107,-54],[175,-239],[177,-84],[234,146],[269,41],[309,122],[-89,165],[-69,59],[304,124],[30,-183],[213,-183],[758,115],[2910,1624],[1671,439],[174,114],[174,365],[22,342],[-95,193],[4,65],[382,-646],[146,97],[-69,91],[31,45],[59,-1],[32,182],[-103,212],[51,212],[82,17],[148,-121],[34,29],[267,28],[529,299],[162,-8],[55,93],[-60,101],[48,58],[113,19],[350,207],[187,34],[85,-50],[365,111],[-71,9],[218,193],[31,7],[204,-151],[-196,181],[36,50],[65,21],[-7,37],[-234,-2],[-37,13],[11,28],[241,105],[134,-3],[70,162],[136,111],[65,0],[71,57],[-45,54],[199,128],[137,137],[140,75],[24,90],[45,21],[63,-35],[-41,46],[227,118],[55,-1],[198,229],[315,97],[271,154],[210,-214],[-164,225],[236,161],[288,114],[43,2],[11,-74],[29,-1],[-17,-105],[34,71],[149,-7],[-60,44],[103,46],[25,-29],[-41,-31],[172,16],[-122,51],[97,88],[-17,102],[35,74],[66,4],[131,84],[61,145],[344,104],[7,114],[108,-53],[31,-130],[-161,-245],[178,214],[132,5],[36,115],[288,-65],[66,31],[49,92],[148,-61],[4,35],[133,27],[29,-45],[-1,52],[72,29],[168,-18],[47,50],[5,94],[126,37],[270,173],[126,26],[61,-111],[-46,128],[104,60],[-84,25],[-41,54],[-25,-13],[50,-50],[-163,-61],[-303,-199],[-78,-20],[-66,-97],[11,-58],[-141,42],[-275,-82],[-158,30],[-84,-75],[-109,-2],[-234,36],[-139,79],[-7,19],[339,166],[-360,-149],[-138,3],[-140,-150],[-163,-64],[28,54],[-24,59],[-44,32],[-39,-20],[-80,83],[76,41],[-29,30],[-76,-38],[-267,294],[-72,4],[4,69],[1388,793],[-131,16],[-157,-27],[-385,-192],[-499,-75],[-213,-281],[-99,-82],[-403,-28],[43,-240],[33,-9],[-239,-149],[-139,-314],[29,-100],[112,-87],[9,-188],[-47,-50],[-390,-211],[-106,7],[-237,-56],[-65,-43],[-186,-14],[89,-38],[-65,-119],[-499,-362],[-30,-12],[-40,32],[22,-47],[-315,-210],[-137,217],[-46,10],[133,-183],[5,-69],[-212,-166],[-106,63],[26,-95],[-86,-42],[-184,-196],[-55,-21],[-111,30],[-288,200],[-16,98],[56,111],[-74,-12],[-8,119],[-41,17],[20,-134],[-76,-69],[-187,-21],[-69,82],[-46,-1],[-446,-257],[-543,-610],[-156,-74],[-189,-254],[11,-115],[-42,-33],[-83,-19],[-52,62],[-149,-17],[-70,39],[-419,-13],[-426,-132],[-72,26],[-107,-28],[-78,17],[-96,-56],[-45,34],[-139,-119],[-116,-16],[-15,-58],[-145,-112],[-128,-241],[-75,39],[10,-35],[-216,-20],[-172,-94],[-292,-360],[-197,-49],[-134,34],[13,69],[146,127],[512,412],[265,146],[312,595],[1806,1733],[301,115],[964,796],[1568,640],[1122,892],[1092,1213],[394,961],[91,595],[-152,1487],[-91,685],[-121,91],[-334,1076],[-91,45],[-303,824],[-1153,1716],[-668,686],[-394,297],[-1547,618],[-1486,366],[-789,-23],[-1122,-458],[-30,-206],[182,-549],[-273,-297],[-2062,-847],[-2669,-870],[-636,-46],[-788,115],[-577,183],[-455,274],[-455,435],[-182,297],[-273,892],[30,824],[151,297],