{"type":"Topology","transform":{"scale":[1.0E-6,1.0E-6],"translate":[-72.97434744045555,42.11290392243788]},"objects":{"MA":{"geometries":[{"arcs":[[7,8,9,10,-6,11]],"id":171,"type":"Polygon","properties":{"bound":{"minx":-73.18358908178963,"miny":42.03801727804056,"maxx":-73.00824156365793,"maxy":42.254147043333774},"Geoid10":"25003933400"}},{"arcs":[[-4,12,13,14,15,16,-5,-7,17,18]],"id":865,"type":"Polygon","properties":{"bound":{"minx":-73.0733455786336,"miny":42.03368115471894,"maxx":-72.7839979481016,"maxy":42.34588989966005},"Geoid10":"25013813000"}},{"arcs":[[-1,19,-3,-2,20]],"id":1174,"type":"Polygon","properties":{"bound":{"minx":-72.83733374097453,"miny":41.997355994536875,"maxx":-72.76336466803146,"maxy":42.1030564159895},"Geoid10":"25013813102"}}],"type":"GeometryCollection"}},"arcs":[[[203825,-110308],[-1466,2055],[-138,372],[-250,1291],[-182,1336],[-146,727],[-92,641],[-77,1008],[152,1181],[186,1028],[314,1364],[1057,4069],[447,1933],[-5259,360],[-2943,73],[-664,62],[-634,143],[-255,125],[-204,152],[-817,985],[-787,807],[-3943,3249],[587,1284],[328,951],[220,869],[110,663],[46,488],[46,2252],[106,1831],[111,1511],[271,2360],[-327,3750],[280,1935],[178,2151],[124,408],[275,357],[354,254],[567,220],[2053,561],[1603,581],[516,260],[1823,1089],[549,409],[1243,1067],[1059,852],[1161,794],[1907,1608],[931,732],[842,761],[279,298],[355,488],[1060,1852],[-2037,663],[-148,241],[-70,234],[-29,202],[35,130],[91,144],[2588,-851],[711,1131],[458,802],[-740,282],[-237,233],[-120,210],[-14,289],[363,1137],[181,118],[333,50],[263,6],[659,-60],[440,-89],[426,903],[122,498],[117,744],[127,1141],[26,606],[-120,1620],[-132,816],[-152,533],[-430,913],[-942,1669],[-477,516],[-1954,1833],[-229,252],[-142,239],[-84,235],[-21,827],[48,924],[75,473],[907,2550],[761,1992],[627,1453],[949,1801],[634,1112],[949,1879],[315,674],[331,883]],[[211239,-22753],[-10549,1684],[-19911,3340],[26,-82],[-12689,2090],[-30347,4933],[-363,78],[-271,25]],[[137135,-10685],[1356,-2836],[2421,-4833],[1250,-10307],[-2138,-5440],[-17,-113],[32,-65],[-1505,-4003],[-3040,-5072],[2160,-6576],[2720,-4095],[-443,-9968],[-219,-3524],[-256,-8674]],[[160931,132103],[-44225,-4516],[-6667,-8400],[-4110,-8343],[-3762,-7309],[-40122,22694],[2975,2496],[133,79],[28592,23674],[-236,2651],[39,503],[-653,9070],[-3732,55009],[-24,-3]],[[-33645,125505],[126,-1],[-27053,-94756],[-26983,3413],[-9296,1149],[75,-203],[192,-229],[267,-454],[319,-1073],[225,-206],[-87,-220],[32,-405],[-28,-85],[-98,-107],[-12,-360],[-1218,-808],[-417,-389],[2,-586],[74,-213],[210,-278],[107,-209],[310,-964],[392,-592],[197,-517],[534,-657],[263,-248],[622,-492],[288,-347],[75,-262],[-95,-809],[57,-172],[247,-414],[157,-850],[19,-270],[-74,-224],[-159,-128],[-572,-328],[-115,-115],[-304,-1283],[-109,-214],[-2,-401],[66,-721],[73,-357],[179,-431],[8,-271],[742,-980],[438,-742],[371,-951],[195,-706],[162,-291],[344,-425],[165,-336],[296,-1013],[59,-722],[197,-426],[258,-405],[148,-143],[906,-528],[295,-221],[664,-588],[199,-282],[184,-382],[325,-438],[1562,-1494],[634,-767],[221,-324],[74,-582],[-140,-529],[-111,-205],[-509,-676],[-582,-625],[-634,-489],[-317,-202],[-1010,-501],[-1755,-713],[-1289,-379],[-767,-122],[-560,-171],[-361,-39],[-170,-46],[-870,-486],[-324,-129],[-494,-330],[-421,-176],[-434,-313],[-729,-604],[-288,-396],[-141,-484],[-29,-360],[148,-246],[752,-589],[228,-314],[104,-452],[0,-356],[-104,-480],[-132,-259],[-177,-236],[-405,-398],[-413,-326],[-627,-278],[-353,-62],[-162,-60],[-480,-244],[-229,-154],[-132,-205],[-103,-304],[-37,-450],[44,-284],[177,-179],[-22,-346],[751,-2511],[1085,-7682],[10219,-21356],[984,-2389],[235,-39],[315,-138],[256,-264],[455,-760],[375,-482],[301,-292],[225,-161],[1037,-656],[256,-259],[174,-397],[15,-266],[-104,-399],[-110,-210],[-199,-226],[-472,-348],[-250,-261],[-471,-195],[-354,-70],[-148,-70],[-272,-302],[-361,-570],[-103,-214],[-44,-495],[-96,-354],[-236,-307],[162,-709],[222,-423],[191,-224],[793,-561],[531,-302],[362,-160],[811,-167],[272,-244],[933,-626],[290,-96],[718,-140],[538,-207],[448,-239],[494,-71],[400,-441],[423,-161],[50,-208],[80,-145],[52,-884],[81,-231],[66,-86],[118,-687],[15,-694],[-941,-2087],[-59,-1245],[-187,-638],[-279,-772],[-864,-768],[-684,-802],[-367,-670],[38,-640],[130,-439],[1021,-1287],[668,-679],[-52,-605],[36,-876],[126,-775],[307,-743],[1258,-2112]],[[-33645,125505],[-28379,-2265],[-461,4039],[-54165,-6021],[-1666,11337],[-28087,-2321],[98,379],[-10,153],[121,304],[2,135],[-378,371],[-221,373],[-112,448],[-271,752],[-126,182],[-373,308],[-48,122],[-272,369],[-582,946],[-330,996],[9,108],[419,277],[427,358],[850,504],[230,172],[198,276],[120,443],[-2,392],[-48,366],[-111,384],[-140,310],[-4852,-608],[-16002,-1911],[-19419,-2542]],[[-25719,199789],[-310,-342],[-1081,-47154],[-388,-14107],[-2414,250],[-459,-1252],[-941,-3136],[-2333,-8543]],[[-33645,125505],[126,-1],[-27053,-94756],[-26983,3413],[-9296,1149],[75,-203],[192,-229],[267,-454],[319,-1073],[225,-206],[-87,-220],[32,-405],[-28,-85],[-98,-107],[-12,-360],[-1218,-808],[-417,-389],[2,-586],[74,-213],[210,-278],[107,-209],[310,-964],[392,-592],[197,-517],[534,-657],[263,-248],[622,-492],[288,-347],[75,-262],[-95,-809],[57,-172],[247,-414],[157,-850],[19,-270],[-74,-224],[-159,-128],[-572,-328],[-115,-115],[-304,-1283],[-109,-214],[-2,-401],[66,-721],[73,-357],[179,-431],[8,-271],[742,-980],[438,-742],[371,-951],[195,-706],[162,-291],[344,-425],[165,-336],[296,-1013],[59,-722],[197,-426],[258,-405],[148,-143],[906,-528],[295,-221],[664,-588],[199,-282],[184,-382],[325,-438],[1562,-1494],[634,-767],[221,-324],[74,-582],[-140,-529],[-111,-205],[-509,-676],[-582,-625],[-634,-489],[-317,-202],[-1010,-501],[-1755,-713],[-1289,-379],[-767,-122],[-560,-171],[-361,-39],[-170,-46],[-870,-486],[-324,-129],[-494,-330],[-421,-176],[-434,-313],[-729,-604],[-288,-396],[-141,-484],[-29,-360],[148,-246],[752,-589],[228,-314],[104,-452],[0,-356],[-104,-480],[-132,-259],[-177,-236],[-405,-398],[-413,-326],[-627,-278],[-353,-62],[-162,-60],[-480,-244],[-229,-154],[-132,-205],[-103,-304],[-37,-450],[44,-284],[177,-179],[-22,-346],[751,-2511],[1085,-7682],[10219,-21356],[984,-2389],[235,-39],[315,-138],[256,-264],[455,-760],[375,-482],[301,-292],[225,-161],[1037,-656],[256,-259],[174,-397],[15,-266],[-104,-399],[-110,-210],[-199,-226],[-472,-348],[-250,-261],[-471,-195],[-354,-70],[-148,-70],[-272,-302],[-361,-570],[-103,-214],[-44,-495],[-96,-354],[-236,-307],[162,-709],[222,-423],[191,-224],[793,-561],[531,-302],[362,-160],[811,-167],[272,-244],[933,-626],[290,-96],[718,-140],[538,-207],[448,-239],[494,-71],[400,-441],[423,-161],[50,-208],[80,-145],[52,-884],[81,-231],[66,-86],[118,-687],[15,-694],[-941,-2087],[-59,-1245],[-187,-638],[-279,-772],[-864,-768],[-684,-802],[-367,-670],[38,-640],[130,-439],[1021,-1287],[668,-679],[-52,-605],[36,-876],[126,-775],[307,-743],[1258,-2112]],[[-78906,-73042],[-6149,164],[-8260,122],[-8781,391],[-10611,342],[-30704,916],[-2467,33],[-4326,168],[-2697,57],[-20924,643],[-10467,214],[-13578,430]],[[-197870,-69562],[-778,6208],[-1049,9209],[-825,6007],[-3310,26435],[-800,5619],[-1202,9596],[-1496,11183],[-921,7721],[-1169,8550],[-2533,19695]],[[-211953,40661],[-412,2200],[20496,1540],[-607,5609],[504,1320],[4300,14326],[-17,9934],[-60,8534],[51,6523],[193,2171],[391,40983],[-112,840]],[[-33645,125505],[0,0]],[[160931,132103],[116,-854],[841,-9177],[19045,1878],[1427,-19552],[9876,-31],[1072,-17522]],[[193308,86845],[-4723,725],[-12130,-34613],[-4614,-2975],[-5008,-5546],[-5361,-1492],[-281,-328]],[[161191,42616],[-485,-573],[-140,-73],[-1250,-1562],[-13875,-16300],[-449,442],[-438,349],[-254,126],[-707,217],[-629,85],[-507,-23],[-1183,-160],[-277,-11],[-1106,-241],[-430,-114],[-461,-223],[-645,-206],[-161,-80],[-177,-172],[-130,-194],[-46,-274],[177,-314],[65,-273],[365,-859],[-10,-311],[-70,-214],[-138,-224],[-272,-250],[-215,-143],[-446,-216],[-626,-195],[-914,-5],[-625,-153],[-318,-176],[-227,-187],[-226,-215],[-217,-272],[-139,-103],[-184,-117],[-305,-110],[-480,