{"type":"Topology","transform":{"scale":[1.0E-6,1.0E-6],"translate":[-72.83024175094216,42.66537914769702]},"objects":{"MA":{"geometries":[{"arcs":[[6,7,-5,8,9,10,-6,11,12,13,14]],"id":73,"type":"Polygon","properties":{"bound":{"minx":-73.09501754860416,"miny":42.540074697564506,"maxx":-72.94964855701139,"maxy":42.7427729188945},"Geoid10":"25003931300"}},{"arcs":[[15,-1,-3,-2,16,-4,17,18]],"id":554,"type":"Polygon","properties":{"bound":{"minx":-73.01976300705115,"miny":42.5393584971572,"maxx":-72.62137317679863,"maxy":42.745720859571705},"Geoid10":"25011040100"}}],"type":"GeometryCollection"}},"arcs":[[[197299,-20016],[9987,1259],[2327,265]],[[-46706,-124166],[-62,12521],[-1,604],[56,566],[-22,552],[429,30],[2675,339],[758,120],[1168,128],[23447,2989]],[[-18258,-106317],[5639,19502],[1607,5427],[27,216],[7885,26972],[213,1018],[1120,3800],[261,630],[4617,1116],[2059,531],[780,171],[630,180],[1181,173],[566,-55],[741,-140],[390,10],[119,-24],[274,-178],[754,-182],[1911,-805],[767,-283],[745,-216],[1165,-175],[956,-19],[1583,51],[1556,220],[424,-37],[1996,34],[1034,-52],[1198,-163],[1534,-133],[1460,-42],[197,16],[5208,983],[486,119],[8471,2433],[5277,1129],[127,7],[1225,-61],[681,8],[1225,-96],[2056,-90],[718,-88],[2496,-524],[2298,-310],[4860,-381],[742,-134],[1599,-59],[1359,-133],[550,45],[1752,294],[634,38],[1339,-14],[778,83],[714,132],[3165,821],[486,98],[765,54],[307,-48],[221,-69],[514,-238],[877,-565],[456,-327],[1366,-1376],[216,-124],[318,-132],[229,-50],[781,-52],[430,40],[812,282],[1219,576],[869,512],[114,92],[7,79],[83,92],[40,256],[-237,573],[-96,394],[-16,134],[69,232],[-11,84],[-295,330],[-922,852],[-144,195],[-94,496],[-10,360],[61,219],[214,375],[809,611],[152,246],[265,247],[368,569],[218,270],[944,712],[334,188],[270,98],[716,138],[843,97],[275,101],[238,33],[243,-19],[517,-137],[726,-71],[489,-7],[967,59],[74,-128],[103,-53],[417,-67],[864,-37],[-33,395],[-135,714],[-12,503],[35,287],[98,323],[183,187],[116,534],[292,734],[17,225],[-77,121],[57,281],[155,294],[108,486],[146,145],[563,412],[284,449],[82,77],[79,-63],[53560,6436],[192,68],[610,92],[604,11],[47023,5631]],[[-192661,75753],[-189,-3322],[-617,-35121],[25831,-1426],[48136,3839],[634,-540],[270,-300],[69,-126],[6,-406],[-144,-482],[-453,-885],[-239,-415],[-209,-274],[-321,-329],[-475,-351],[-929,-414],[-1272,-1159],[-692,-517],[-280,-319],[-71,-269],[28,-160],[796,-1008],[1064,-1104],[332,-538],[165,-983],[-41,-430],[-451,-1421],[-782,-975],[-922,-957],[-949,-635],[-1546,-11],[-1250,52],[-982,-144],[-2469,-1539],[-1219,-577],[-1082,-232],[-2090,-5],[-1385,399],[-4672,959],[-1938,-55],[-1464,-293],[-128,-417],[-337,-537],[-272,-553],[-581,-791],[-1541,-701],[194,-1158],[-58,-81],[147,-83],[55,-75],[20,-593],[170,-618],[264,-453],[977,-1403],[321,-679],[43,-404],[-125,-393],[-161,-192],[-279,-173],[-179,-243],[-762,-87],[-3887,20],[-1783,183],[-2270,-44],[-2070,-218],[-1566,-266],[-886,-193],[-281,-107],[-73,-57],[-19,-125],[133,-316],[490,-874],[219,-702],[131,-96],[239,-414],[104,-489],[31,-495],[-36,-224],[-187,-177],[-194,-109],[-409,-90],[-839,-113],[-943,77],[-3893,177],[-286,-170],[-508,-410],[16,-278],[69,-174],[1207,-1238],[5837,-4787],[905,-354],[1087,-500],[835,-276],[193,-111],[651,-247],[1032,-276],[834,-131],[580,-142],[770,-273],[630,-273],[426,-257],[1690,-1171],[613,-501],[1473,-1321],[579,-331],[607,-234],[309,-23],[243,15],[535,214],[420,261],[417,330],[188,177],[537,655],[625,493],[1062,528],[1112,368],[408,95],[837,128],[667,65],[486,-10],[993,-213],[618,-18],[853,32],[665,64],[357,67],[336,104],[450,234],[317,331],[90,167],[232,791],[591,1050],[618,302],[834,202],[2305,-297],[1533,-232],[1571,-691],[366,-239],[136,-149],[143,-249],[192,-426],[111,-2712],[-1158,-3666],[-55,-262],[-18,-1082],[17,-178],[131,-204],[-48,-1124],[71,-1217],[93,-396],[192,-429],[786,-1270],[243,-791],[130,-300],[161,-190],[340,-190],[455,-133],[363,-34],[1738,-9316],[-20,-124],[69,-420],[-3560,-12352],[-1092,-3570],[-6698,-23105],[-12990,-46046]],[[-255182,-105878],[96291,-16185],[7959,-1332],[138,11],[1970,-375],[85,11]],[[-231584,9884],[-577,-8698],[-296,-3644],[-582,-8218]],[[-192661,75753],[-189,-3322],[-617,-35121],[25831,-1426],[48136,3839],[634,-540],[270,-300],[69,-126],[6,-406],[-144,-482],[-453,-885],[-239,-415],[-209,-274],[-321,-329],[-475,-351],[-929,-414],[-1272,-1159],[-692,-517],[-280,-319],[-71,-269],[28,-160],[796,-1008],[1064,-1104],[332,-538],[165,-983],[-41,-430],[-451,-1421],[-782,-975],[-922,-957],[-949,-635],[-1546,-11],[-1250,52],[-982,-144],[-2469,-1539],[-1219,-577],[-1082,-232],[-2090,-5],[-1385,399],[-4672,959],[-1938,-55],[-1464,-293],[-128,-417],[-337,-537],[-272,-553],[-581,-791],[-1541,-701],[194,-1158],[-58,-81],[147,-83],[55,-75],[20,-593],[170,-618],[264,-453],[977,-1403],[321,-679],[43,-404],[-125,-393],[-161,-192],[-279,-173],[-179,-243],[-762,-87],[-3887,20],[-1783,183],[-2270,-44],[-2070,-218],[-1566,-266],[-886,-193],[-281,-107],[-73,-57],[-19,-125],[133,-316],[490,-874],[219,-702],[131,-96],[239,-414],[104,-489],[31,-495],[-36,-224],[-187,-177],[-194,-109],[-409,-90],[-839,-113],[-943,77],[-3893,177],[-286,-170],[-508,-410],[16,-278],[69,-174],[1207,-1238],[5837,-4787],[905,-354],[1087,-500],[835,-276],[193,-111],[651,-247],[1032,-276],[834,-131],[580,-142],[770,-273],[630,-273],[426,-257],[1690,-1171],[613,-501],[1473,-1321],[579,-331],[607,-234],[309,-23],[243,15],[535,214],[420,261],[417,330],[188,177],[537,655],[625,493],[1062,528],[1112,368],[408,95],[837,128],[667,65],[486,-10],[993,-213],[618,-18],[853,32],[665,64],[357,67],[336,104],[450,234],[317,331],[90,167],[232,791],[591,1050],[618,302],[834,202],[2305,-297],[1533,-232],[1571,-691],[366,-239],[136,-149],[143,-249],[192,-426],[111,-2712],[-1158,-3666],[-55,-262],[-18,-1082],[17,-178],[131,-204],[-48,-1124],[71,-1217],[93,-396],[192,-429],[786,-1270],[243,-791],[130,-300],[161,-190],[340,-190],[455,-133],[363,-34],[1738,-9316],[-20,-124],[69,-420],[-3560,-12352],[-1092,-3570],[-6698,-23105],[-12990,-46046]],[[-145137,-109446],[-3752,-14240],[-9,-36],[159,-26]],[[-255182,-105878],[-10129,1739],[15067,12383],[-3826,21103]],[[-254070,-70653],[16764,-706],[1290,18341]],[[-236016,-53018],[2977,42342]],[[-231584,9884],[270,3749],[79,1984],[1070,14427],[-23,105],[44,89],[149,111],[-82,52],[734,11167],[158,1218],[-62,2],[16,227]],[[-229231,43015],[5299,15922],[5656,17175]],[[-218276,76112],[25615,-359]],[[-192661,75753],[0,0]],[[155664,67509],[1753,-9151],[93,-692],[41,-179],[118,-91],[188,-366],[-27,-834],[158,-799],[251,-753],[49,-515],[157,-433],[203,-308],[887,-797],[825,-889],[157,-263],[110,-319],[-11,-1040],[-170,-286],[-76,-240],[-213,-983],[-13,-491],[-77,-148],[-170,-161],[-309,-149],[-1084,-197],[-155,-46],[-201,-137],[-169,-275],[-19,-294],[59,-144],[-7,-121],[-92,-149],[-106,-503],[-139,-251],[-139,-81],[-650,-35],[-109,-70],[-368,-731],[-184,-560],[-184,-366],[-61,-240],[-139,-183],[-62,-35],[-30,-274],[218,-102],[310,-56],[2092,15],[481,-21],[387,-57],[296,-91],[139,-90],[94,-206],[33,-457],[-274,-1006],[-90,-742],[-9,-1474],[48,-342],[79,-240],[482,-524],[513,-365],[419,-261],[1134,-558],[576,-432],[171,-251],[296,-240],[310,-136],[528,-170],[280,-205],[358,-400],[180,-247],[103,-757],[157,-388],[638,-581],[528,-342],[373,-319],[78,-205],[5,-1005],[93,-103],[78,-23],[171,-136],[749,-1209],[249,-285],[-61,-138],[-309,-275],[-77,-171],[1,-377],[110,-354],[157,-228],[279,-240],[420,-204],[1505,-557],[496,-102],[419,-159],[435,-100],[371,-35],[1024,-192],[388,-125],[310,-136],[653,-467],[124,-57],[855,-638],[203,-479],[1,-172],[-399,-869],[-570,-755],[-231,-457],[-60,-309],[31,-262],[63,-92],[455,-259],[321,-82],[233,-10],[883,-182],[729,-89],[480,-91],[636,-44],[248,-125],[187,-240],[25,-240],[-23,-102],[-216,-321],[-184,-514],[-169,-241],[-232,-91],[-248,-47],[-1208,-70],[-278,-218],[-448,-241],[-139,-149],[-214,-594],[-61,-286],[-43,-360],[15,-565],[47,-69],[140,-91],[372,-113],[513,-364],[357,-171],[550,-181],[506,-411],[171,-297],[220,-616],[33,-366],[188,