{"type":"Topology","transform":{"scale":[1.0E-6,1.0E-6],"translate":[-71.23190027077419,41.73920565719826]},"objects":{"MA":{"geometries":[{"arcs":[[1,2,3,4,5,6],[7,8,9,10],[11],[12]],"id":191,"type":"Polygon","properties":{"bound":{"minx":-71.31656546729619,"miny":41.733281204494546,"maxx":-71.20139124868815,"maxy":41.780058245021436},"Geoid10":"25005645103"}},{"arcs":[[-1,13],[14,15],[16]],"id":325,"type":"Polygon","properties":{"bound":{"minx":-71.2454988719436,"miny":41.708414944399294,"maxx":-71.19204074547962,"maxy":41.73607908828085},"Geoid10":"25005645101"}}],"type":"GeometryCollection"}},"arcs":[[[39821,-11063],[-6688,2340],[-802,260],[-402,94],[-628,102],[-3972,597],[606,2264],[2474,-368],[1350,-216],[244,901],[-550,281],[-1145,637],[-1444,914]],[[11990,35934],[-558,-3057],[-414,-1804],[-128,-669],[-24,-220],[19,-679],[178,-1474],[43,-492],[5,-306],[-9,-367],[-205,-3229],[8,-650],[7398,1114],[806,125],[851,161],[126,-97],[714,-277],[210,-880],[-67,-609],[452,-696],[811,-1192],[312,-1462],[97,-1552],[485,-1422],[173,-759],[194,-1051],[204,-598],[237,-840],[33,-178],[-32,-172],[-170,-353],[-191,-610],[-118,-153],[-63,-16],[-31,-217],[-23,-10],[-221,10],[-99,34],[-77,79],[119,-305],[728,-104],[459,-41],[276,-42],[589,-133],[497,-63],[836,7],[398,22],[220,32],[252,59],[302,96],[328,157],[69,49],[65,-18],[122,3],[323,-289],[50,-237],[520,-89],[-60,-1416],[26,-830],[68,-62],[169,-91],[114,-120],[222,-113],[137,-51],[99,-57],[31,-40],[-130,-583],[122,-52],[115,-74]],[[29982,6981],[15,-85],[23,-18],[-46,-258],[46,-152],[-30,-108],[-176,-148],[-229,-117],[-76,-87],[-15,-54],[30,-31],[237,-77],[122,-92],[92,-97],[53,-152],[145,-259],[16,-58],[38,-8],[7,-99],[107,-115],[-46,-154],[0,-90],[-30,-50],[8,-189],[-23,-19],[-145,-16],[-53,-19],[-145,-79],[-634,50],[-153,-70],[-305,-330],[-183,-292],[-8,-126],[31,-89],[69,-62],[144,-29],[283,-4],[61,-48],[-7,-95],[61,-129],[0,-63],[30,-18],[8,-175],[30,-125],[54,-58],[46,-17],[282,-17],[191,-78],[92,-61],[30,-58],[-61,-64],[15,-148],[138,-394],[61,-75],[38,-90],[8,-99],[31,-89],[22,-315],[-53,-145],[-69,-114],[-160,-165],[0,-153],[84,-188],[-7,-36],[30,-44],[15,-126],[-198,-22],[-76,-64],[-100,-52],[-252,-72],[-76,-163],[31,-107],[137,-205],[-15,-212],[-183,-179],[-290,-114],[-160,-97],[-31,-235],[-214,-342],[-22,-81],[61,-211],[23,-13],[99,-205],[99,-142],[0,-32],[69,-75],[176,-262],[7,-95],[-556,-352],[-115,-53],[-397,51],[-130,56],[-275,184],[-618,457],[-176,50],[-419,87],[-352,128],[-191,-8],[-183,-62],[-412,-12],[-321,-83],[-289,-1],[-222,50],[-183,122],[-38,76],[15,203],[275,212],[30,118],[-214,140],[-290,220],[-91,-11],[-130,-120],[-69,-109],[-91,-38],[-54,-1],[-313,120],[-84,17],[-404,23],[-176,37],[-221,82],[-512,-42],[-198,1],[-153,29],[-84,48],[-31,62],[130,462],[46,100],[-8,85],[-30,49],[-130,110],[-222,369],[-30,13],[-38,-33],[-61,-171],[-99,-137],[-31,-19],[-748,238],[-222,202],[-114,56],[-76,13],[-8,-59],[237,-341],[298,-242],[297,-85],[54,-44],[-23,-459],[-229,-243],[-122,-327],[-183,-242],[-7,-90],[68,-211],[31,-224],[-145,-228],[-31,-172],[-167,-170],[-199,-265],[-656,-359],[-206,-193],[-435,-49],[-115,-30],[-228,-117],[-184,-17],[-61,-23],[-389,-346],[-221,-251],[-99,-79],[-229,-54],[-1099,-512],[0,-45],[46,-49],[489,-139],[0,-36],[-49,-90]],[[16336,-5542],[-624,150],[-866,134],[-325,27],[-772,26],[-911,-26],[-4842,-213],[-10505,-527],[-2094,-94],[-827,-14],[-962,46],[-6944,811],[-160,6]],[[-13496,-5216],[-4095,4584],[-9709,11525],[-1781,2019],[-9853,4120],[-9324,3956],[142,17],[90,41],[68,90],[210,107],[8,67],[-103,56],[9,63],[223,106],[-5,143],[98,118],[119,29],[101,-142],[224,106],[24,77],[-48,223],[59,46],[9,54],[-44,48],[-220,77],[-30,49],[17,126],[60,9],[147,-11],[225,133],[126,2],[66,-22],[13,-43],[-44,-78],[-188,-118],[-15,-59],[94,-119],[95,-61],[156,65],[120,105],[9,80],[-58,57],[-36,81],[126,10],[146,-28],[120,24],[82,60],[46,72],[-21,102],[-203,238],[-6,63],[31,26],[96,11],[145,-114],[59,-12],[29,23],[9,45],[-152,158],[-71,119],[-348,44],[-35,49],[0,45],[90,50],[221,12],[45,28],[16,63],[-37,30],[9,19],[89,6],[74,50],[17,86],[-59,65],[-73,4],[-73,44],[-8,44],[45,23],[377,-3],[105,46],[75,91],[39,112],[30,19],[96,2],[71,-128],[36,-9],[18,135],[-36,34],[-161,78],[16,68],[185,43],[132,364],[-29,26],[-44,0],[-60,-60],[-107,-185],[-82,-81],[-75,-24],[-66,57],[10,76],[98,136],[16,81],[-37,40],[-67,-6],[-194,-106],[-149,-29],[-88,57],[-7,62],[69,145],[90,64],[319,-9],[112,28],[203,164],[118,6],[73,-29],[15,22],[-39,453],[-30,4],[-102,-47],[-154,-35],[-155,105],[-117,-7],[-102,-65],[-30,-63],[-58,-55],[-96,-7],[-109,66],[-213,76],[-396,74],[-95,-61],[-45,-59],[-146,-26],[-403,118],[-66,121],[-95,11],[-88,-105],[-88,-42],[-726,-46],[-81,-42],[-51,-69],[-191,-463],[-95,-79],[-169,-39],[-557,-412],[-205,-252],[-367,-259],[-235,-252],[-22,-348],[-88,-249],[-213,-184],[-168,-80],[-308,-56],[-52,-23],[8,-72],[73,-89],[15,-63],[-15,-288],[-205,-65],[-214,91],[126,166],[29,64],[-7,220],[-73,192],[43,55],[206,72],[264,10],[154,79],[308,250],[0,76],[-169,123],[-212,50],[0,76],[242,154],[403,179],[59,73],[0,180],[-81,161],[-102,83],[-250,103],[-29,40],[7,41],[118,200],[0,54],[117,133],[140,66],[117,97],[147,201],[58,127],[8,145],[-477,-32],[-88,-110],[14,-76],[88,-75],[-14,-55],[-103,-33],[-95,30],[-117,132],[-8,104],[66,109],[338,187],[227,329],[117,92],[242,117],[89,65],[0,135],[-30,67],[-110,57],[-234,49],[-235,112],[-58,143],[-66,76],[-74,394],[118,219],[213,171],[271,136],[198,139],[242,320],[176,436],[-15,243],[-183,140],[-95,120],[0,292],[-58,80],[0,68],[88,74],[154,57],[29,221],[74,213],[-73,152],[-74,287],[52,109],[73,91],[234,167],[-7,45],[-213,167],[-424,419],[-220,329],[-88,201],[-88,115],[-117,92],[-125,47],[-315,57],[-139,65],[-52,94],[15,112],[88,101],[125,84],[168,62],[323,83],[1093,165],[410,139],[162,120],[183,171],[95,150],[15,68],[-7,185],[-59,84],[-154,132],[-330,210],[-88,29],[-293,-78],[-682,72],[-220,55],[-102,56],[-7,108],[175,202],[162,97],[403,67],[337,11],[264,59],[96,56],[44,55],[7,82],[-15,22],[-216,59]],[[-48797,35844],[58034,5062]],[[9237,40906],[-45,-519],[-163,-915],[-386,-1931],[230,-47],[421,-123],[2793,-960],[-97,-477]],[[-53122,35603],[1435,-7],[1323,118]],[[-50364,35714],[-160,-382],[-29,-10],[-51,-172],[-8,-248],[88,-201],[95,-74],[279,-98],[637,-96],[499,-111],[264,-103],[81,-57],[-8,-68],[-59,-42],[-102,-6],[-770,52],[-440,5],[-293,-51],[-279,-77],[-242,-100],[-278,-235],[-132,-219],[-23,-189],[74,-215],[14,-252],[198,-550],[103,-155],[0,-46],[300,-435],[249,-445],[66,-274],[14,-315],[-29,-234],[-66,-209],[-176,-292],[-66,-55],[-139,-12],[-103,57],[-95,124],[-169,127],[-132,74],[-161,42],[-125,7],[-168,-31],[-147,101],[-264,67],[-234,-14],[-125,-57],[-132,-101],[-162,-175],[-21,-72],[7,-139],[66,-116],[417,-442],[132,-182],[81,-156],[0,-162],[-132,-323],[-51,-208],[-88,-114],[-52,-145],[-44,-69],[-56,-314],[-53,-91],[-180,-168],[-75,-113],[-71,-342],[-92,-190],[-262,-249],[-221,-429],[-112,-101],[-352,-427],[-2,-39],[-22,-14],[-56,-315],[-53,-112],[-136,-195],[-151,-177],[-38,-82],[6,-179],[264,-599],[5,-94],[-45,-50],[-73,-24],[-20148,8528],[-2038,664],[-562,150],[-421,181],[-1066,733],[-4301,1829],[-1777,738]],[[-84543,36355],[23988,-681]],[[-60555,35674],[7433,-71]],[[-48704,23318],[-161,-220],[-147,-79],[22,-274],[-191,-49],[-124,78],[-36,81],[-37,35],[-66,12],[-249,-23],[-59,49],[29,104],[183,134],[176,8],[169,-69],[125,142],[110,34],[234,189],[191,22],[37,-22],[21,-44],[-21,-37],[-206,-71]],[[-49823,21699],[-24,-36],[-270,114],[11,62],[43,65],[76,14],[151,-154],[13,-65]],[[39821,-11063],[-80,-101],[-76,-6],[-2282,794],[-62,-1],[-22,-45],[-8,-95],[23,-27],[145,-42],[252,27],[38,-17],[99,-97],[31,-166],[38,-90],[122,-177],[374,-403],[8,-81],[-168,-480],[-221,-131],[-161,-503],[-114,-164],[-23,-230],[-145,-458],[61,-201],[84,-89],[23,-62],[-801,-425],[-122,-93],[-275,-325],[-442,-449],[-344,-480],[0,-180],[46,-134],[23,-13],[31,-94],[267,-351],[7,-211],[-91,-178],[-152,-160],[-298,-218],[-69,-172],[54,-161],[-16,-293],[38,-202],[-38,-86],[-221,-167],