{"type":"Topology","transform":{"scale":[1.0E-6,1.0E-6],"translate":[-73.35498130888455,42.150009117690686]},"objects":{"MA":{"geometries":[{"arcs":[[4,5,6,-4,7]],"id":110,"type":"Polygon","properties":{"bound":{"minx":-73.50697391557162,"miny":42.0492848069616,"maxx":-73.39253282368033,"maxy":42.296788348393235},"Geoid10":"25003934300"}},{"arcs":[[8,9,-3,10,11]],"id":111,"type":"Polygon","properties":{"bound":{"minx":-73.43656760127324,"miny":42.04474931514297,"maxx":-73.29237427905288,"maxy":42.16164332013809},"Geoid10":"25003926100"}},{"arcs":[[-1,12,-2,13,14,15]],"id":173,"type":"Polygon","properties":{"bound":{"minx":-73.30250765963474,"miny":42.04136253967796,"maxx":-73.17566316701479,"maxy":42.174042696861946},"Geoid10":"25003933300"}}],"type":"GeometryCollection"}},"arcs":[[[182763,-106668],[-14083,110223]],[[57892,9200],[5871,-38525],[-13143,-14024],[8096,-59622]],[[-33999,10082],[672,-4926],[-5128,-50],[374,-2486],[-13675,-4234],[2421,-16395],[-30534,362],[14840,-28611],[-8201,-21944],[-8532,-31268]],[[-47505,108474],[2390,13981],[-15362,7327],[39,12227],[-15887,4124]],[[-47505,108474],[6249,-33446],[-18123,271],[1843,-33194],[-1427,-5754],[2184,227],[3383,-26301],[19397,-195]],[[-33999,10082],[672,-4926],[-5128,-50],[374,-2486],[-13675,-4234],[2421,-16395],[-30534,362],[14840,-28611],[-8201,-21944],[-8532,-31268]],[[-81762,-99470],[-60135,-864],[-11263,36582],[76835,209885]],[[-47505,108474],[0,0]],[[57892,9200],[5871,-38525],[-13143,-14024],[8096,-59622]],[[58716,-102971],[-140478,3501]],[[-33999,10082],[91891,-882]],[[57892,9200],[0,0]],[[182763,-106668],[-124047,3697]],[[57892,9200],[9822,-82],[-1875,13200]],[[65839,22318],[13799,-4095],[3979,-2541],[24287,2884],[22611,-20388],[38165,5377]],[[168680,3555],[0,0]]]}