{"type":"Topology","transform":{"scale":[1.0E-6,1.0E-6],"translate":[-70.2224618951223,41.29323717741331]},"objects":{"MA":{"geometries":[{"arcs":[[0,1,2,3,4],[5],[6],[7],[8],[9],[10],[11],[12],[13],[14],[15],[16],[17],[18]],"id":674,"type":"Polygon","properties":{"bound":{"minx":-70.3154769461702,"miny":41.25565370279486,"maxx":-70.1179346660186,"maxy":41.337074194687624},"Geoid10":"25019950307"}}],"type":"GeometryCollection"}},"arcs":[[[99617,690],[3784,-8543],[-525,-3112],[-10127,593],[-1188,-2912]],[[91561,-13284],[-4040,-4757]],[[87521,-18041],[-9849,-12709],[48,1371],[-3963,-1231],[-451,-1524],[-3909,305],[-209,-2869],[-3195,-2228],[-8062,-554],[-3396,1195],[908,-1379],[4315,-86]],[[59758,-37750],[-1838,-1516]],[[57920,-39266],[-46316,17574],[-23960,11826],[2365,938],[16145,-5007],[1828,-1539],[-2109,-403],[-341,1924],[-2509,-1836],[7578,-2667],[4461,-644],[6853,2540],[-2295,-2656],[1346,-491],[-2889,-1926],[15573,7724],[-2250,-378],[865,1401],[-1172,-278],[-8819,-5124],[8101,6738],[-607,5765],[-5248,3683],[-6763,-3250],[-3094,1258],[242,2334],[10919,2288],[424,1304],[4975,755],[10132,-2059],[58262,162]],[[22587,-1528],[-4537,-438],[-2399,-1783],[4697,-56],[2239,2277]],[[-51550,14773],[11236,3432],[16013,-5148],[5207,-5467],[-1010,-509],[-5638,6018],[-1659,-445],[2022,-4480],[3351,44],[-3406,-240],[-85,1854],[-769,-1841],[4256,42],[-835,-1129],[3443,-565],[2108,-5690],[-7051,-1293],[-14389,933],[5306,-3089],[211,-1716],[-14855,10620],[-7741,9734],[2045,4061],[1663,-683],[-2023,-2693],[2600,-1750]],[[-74191,44390],[8086,-849],[-3117,-4674],[-11756,-1362],[-2457,1123],[4290,-410],[-8386,3093],[-273,-2103],[5555,-3405],[-5889,2400],[-3400,4366],[2155,3407],[15192,-1586]],[[-77909,35345],[6464,388],[-4279,-1258],[-4856,2082],[2671,-1212]],[[-25827,-3949],[-363,-1647],[-1560,1420],[1923,227]],[[17385,-3440],[-769,755],[769,-755]],[[19640,-2217],[0,0]],[[66504,-37010],[0,0]],[[-25832,9040],[0,0]],[[-25917,9383],[0,0]],[[-25630,9223],[0,0]],[[20601,-2899],[0,0]],[[-26036,9289],[0,0]],[[-26101,9485],[0,0]]]}