{"type":"Topology","transform":{"scale":[1.0E-6,1.0E-6],"translate":[-70.61181518838013,41.96131337682724]},"objects":{"MA":{"geometries":[{"arcs":[[-1,-2,2,3,4],[5,6],[7]],"id":359,"type":"Polygon","properties":{"bound":{"minx":-70.65550718831274,"miny":41.87409652155838,"maxx":-70.55931311119782,"maxy":42.01319196454847},"Geoid10":"25023530700"}}],"type":"GeometryCollection"}},"arcs":[[[41872,-37205],[1747,3423],[7711,6321]],[[10453,-87630],[18633,16778],[1368,4823],[5375,7279],[3344,18257],[2699,3288]],[[10453,-87630],[-8629,9142],[-10572,30868],[-3462,5669],[-8788,7297],[-21883,8537],[1580,-244]],[[-41301,-26361],[18532,-1906],[15730,4405],[-3766,1791],[142,2750],[-5946,4429]],[[-16609,-14892],[-8510,7921],[108,2238],[-15626,22633],[5848,-4554],[15354,-24184],[9380,-8259],[6026,-2101],[7678,586],[10088,7071],[14506,2235],[4370,-2434],[-409,-1997],[614,1923],[4586,-1047],[-4104,352],[-811,-1194],[8552,-3743],[3987,-4689],[6302,-3326]],[[3051,52274],[7667,-4202],[1608,-2908],[-1278,-3118],[-1867,-555],[-6772,4814],[-4106,-185],[-11177,-5995],[-6709,-7644],[-5743,603],[61,2787],[5492,-233],[838,3095],[-1947,1879],[2231,-960],[6150,5079],[11934,4904],[-146,2603]],[[-713,52238],[3764,36]],[[-26885,41763],[-1712,344],[348,5121],[2431,3732],[2490,774],[-1,-7726],[-3556,-2245]]]}