{"type":"Topology","transform":{"scale":[1.0E-6,1.0E-6],"translate":[-69.97505474627883,41.66808627612747]},"objects":{"MA":{"geometries":[{"arcs":[[4,5,-3,-1,6],[7],[8],[9],[10],[11]],"id":297,"type":"Polygon","properties":{"bound":{"minx":-70.04127618799647,"miny":41.54259571010577,"maxx":-69.94487138969922,"maxy":41.69955131331217},"Geoid10":"25001010700"}},{"arcs":[[12,-2,13],[-4,14],[15],[16],[17],[18],[19]],"id":298,"type":"Polygon","properties":{"bound":{"minx":-70.01466597555056,"miny":41.640057338102054,"maxx":-69.92747258482275,"maxy":41.724096233954704},"Geoid10":"25001010600"}}],"type":"GeometryCollection"}},"arcs":[[[-38220,31828],[-2389,417]],[[-17981,45777],[-638,-1774],[-19601,-12175]],[[-40609,32245],[-11623,-461],[-4580,-21439],[-6362,-7421],[738,-3696]],[[46699,54380],[-2699,327]],[[-37986,31673],[6158,-2579],[16651,-1027],[4134,-1897],[5628,-326],[5835,-2873],[1386,-3905],[4505,-1146],[3284,-3196],[5292,-419],[9580,-5056],[4906,1106]],[[29373,10355],[-4033,-10622],[-4934,-3218],[-1560,1082],[-2093,-2175],[4276,-1185],[-8636,-9478],[-4942,2129],[-9347,-1074],[-3992,3469],[1720,1027],[5272,-3600],[5424,1089],[-2521,5528],[2090,-1847],[-933,2199],[3205,2834],[5485,-3079],[1412,2515],[-1311,2476],[2199,156],[-2845,219],[1318,2594],[-1311,1323],[7827,1863],[-667,4249],[-2410,-417],[872,-1856],[-6303,-2560],[162,-3909],[-4202,-2081],[-7923,1612],[-4990,-3494],[-9897,6002],[9353,6811],[3890,-1360],[-134,2734],[2658,-1218],[9593,1552],[-1173,3513],[-12808,-1366],[-1537,-1263],[1414,-971],[-3836,-1671],[-3582,1284],[3194,-1871],[-8227,-4918],[-385,-2976],[8431,-4420],[-922,-1571],[1384,1011],[2175,-1619],[-2452,-248],[2262,-389],[155,-1427],[-3483,-2527],[-9436,7726],[-12666,7088],[2125,1569],[936,-1417],[-2563,-54],[4597,747],[2061,3571],[2489,907],[-763,1317],[-6462,-2672],[2335,-2093],[-5626,-1941],[3930,-2302],[-8426,2431],[-4826,-361],[-1341,-1454],[97,1993],[-1641,-197],[-1455,2531],[748,2295],[2798,800],[-3134,929],[-786,-4299],[-3715,-3808],[5281,2589],[1455,-3525],[-6443,101],[-5405,-2045],[-8186,956],[-169,-1370]],[[-38220,31828],[234,-155]],[[6805,-24060],[339,-5435],[-10568,-23726],[-7805,-29777],[-2088,-30467],[-10587,-11173],[-10910,-1004],[-5420,4027],[-1400,4870],[1917,1915],[4933,-84],[12172,14077],[4044,7535],[2048,7012],[739,24169],[1294,1225],[1976,-1163],[-1841,-2630],[2874,1088],[-644,939],[2296,863],[-4207,937],[8826,4747],[-106,5155],[1149,-647],[972,1560],[-2124,3397],[5134,6243],[-2276,1861],[1154,2915],[-1245,1126],[3035,2537],[-1858,-61],[-126,1861],[4088,3587],[3360,435],[-1686,3343],[1677,357],[864,-1614]],[[-6712,-48759],[1362,-1893],[-1362,1893]],[[-6232,-45777],[-1169,-1889],[1169,1889]],[[-6113,-48220],[-1141,395],[1141,-395]],[[-47452,3965],[0,0]],[[29373,10355],[-4906,-1106],[-9580,5056],[-5292,419],[-3284,3196],[-4505,1146],[-1386,3905],[-5835,2873],[-5628,326],[-4134,1897],[-16651,1027],[-6392,2734]],[[-17981,45777],[17573,7688],[9887,-3769],[1702,-5363],[-2368,3738],[748,-1702],[-4462,-868],[-2409,-2329],[-1438,2349],[1662,2345],[-1855,1872],[-3802,-35],[-4403,-1917],[419,-1664],[3762,-3485],[8264,-123],[1,-1790],[-7068,-3137],[-4031,1980],[-1079,2899],[-2497,-1226],[-709,-2504],[5672,-2490],[9764,1211],[750,-3403],[795,6550],[2211,1960],[4932,-1870],[2125,1285],[11731,-4451],[1583,-2223],[-3904,-3405],[-2035,-6841],[1284,-8482],[1626,-159],[2923,-6063]],[[46699,54380],[76,-30446],[-3792,-16083],[-3394,4927],[1289,4557],[-1714,4272],[843,4946],[3194,3338],[-967,3794],[2711,2921],[-2901,11925],[1956,6176]],[[33959,-10401],[-8906,-15231],[-6184,-3136],[-1011,3964],[1391,-1883],[4413,1478],[-3213,383],[4099,808],[585,791],[-3338,-599],[4406,2301],[527,2976],[-2196,-2070],[-5438,-885],[2283,-422],[-2576,-945],[396,-2383],[-880,5512],[1741,3135],[-1259,-587],[1947,1400],[2665,-510],[-2555,-346],[169,-1181],[3748,424],[6177,6116],[3009,890]],[[24448,54075],[-635,-7291],[-4456,856],[-6743,3951],[1370,2290],[9401,2440],[1942,-741],[-879,-1505]],[[30308,23780],[-2929,-4096],[-1531,357],[783,5205],[1612,-1565],[278,2015],[1787,-1916]],[[28776,-9737],[0,0]],[[33721,-8168],[0,0]]]}