{"type":"Topology","transform":{"scale":[1.0E-6,1.0E-6],"translate":[-70.07772708099658,42.0091448918387]},"objects":{"MA":{"geometries":[{"arcs":[[0,1,2,3,4]],"id":215,"type":"Polygon","properties":{"bound":{"minx":-70.1565148769187,"miny":41.958777724297065,"maxx":-69.99417194102621,"maxy":42.07487801067959},"Geoid10":"25001010208"}}],"type":"GeometryCollection"}},"arcs":[[[80998,-42350],[-80740,-8973]],[[258,-51323],[33,27321],[-2157,6170],[6210,-422],[-1199,-878],[2421,-681],[-882,-2723],[2369,2570],[-1833,2745],[8996,4507],[-8798,-3772],[-4409,4254],[309,-1795],[-1810,3376],[104,-4441],[2038,-757],[-3553,-1258],[-869,8721],[-4966,15260],[-11569,18191],[-18893,13969],[-31482,13473]],[[-69682,52507],[865,3586],[-7473,11631]],[[-76290,67724],[31602,-7337],[24393,-8153],[18383,-8154],[18695,-11132],[28358,-25630],[14848,-18447],[21009,-31221]],[[80998,-42350],[0,0]]]}