{"type":"Topology","transform":{"scale":[1.0E-6,1.0E-6],"translate":[-70.1635937916593,41.73773274996696]},"objects":{"MA":{"geometries":[{"arcs":[[12,-7,-4,13,14,15]],"id":293,"type":"Polygon","properties":{"bound":{"minx":-70.1819343259305,"miny":41.70129647705775,"maxx":-70.12398025583161,"maxy":41.76033547781783},"Geoid10":"25001011400"}},{"arcs":[[-2,-5,-11,-8,16,-9,17,-10,18,19,20]],"id":294,"type":"Polygon","properties":{"bound":{"minx":-70.24101803608498,"miny":41.71340238721422,"maxx":-70.16784182024138,"maxy":41.75206544349531},"Geoid10":"25001011300"}},{"arcs":[[-6,-3,21,-1,11]],"id":296,"type":"Polygon","properties":{"bound":{"minx":-70.14664923059627,"miny":41.70628995057001,"maxx":-70.04376994356022,"maxy":41.77844822094439},"Geoid10":"25001010800"}}],"type":"GeometryCollection"}},"arcs":[[[78671,-11686],[16063,29886],[18191,12641],[6609,2874],[-243,1599],[-3109,-380],[-416,5833]],[[-4911,-17477],[-8104,9822],[-300,9558],[2522,1291],[-1063,5014],[-2958,1414],[-2294,3747]],[[32650,15241],[94,-1592],[-13503,-4809],[-1497,-2514],[12002,-37921]],[[-4911,-17477],[2321,-7456],[12317,-267],[447,-2246],[3945,-2463],[17297,-7109]],[[-21179,-24865],[16268,7388]],[[29746,-31595],[37476,9864],[2321,8501],[9128,1544]],[[31416,-37018],[-1670,5423]],[[-48881,-13203],[6539,-1646],[4179,1487],[4721,-2788],[-1403,-3059]],[[-49784,-14410],[98,-29]],[[-52660,-12795],[296,-67]],[[-34845,-19209],[13666,-5656]],[[78671,-11686],[0,0]],[[32650,15241],[94,-1592],[-13503,-4809],[-1497,-2514],[12002,-37921]],[[-4911,-17477],[-8104,9822],[-300,9558],[2522,1291],[-1063,5014],[-2958,1414],[-2294,3747]],[[-17108,13369],[15192,4810],[9428,585],[3642,-3284],[-2332,-1910],[267,-2575],[3583,4918],[-3239,3383],[4091,-155],[9175,3313],[16812,-1199],[-6861,-6014]],[[32650,15241],[0,0]],[[-48881,-13203],[-805,-1236]],[[-49784,-14410],[-79,1717],[-2501,-169]],[[-52660,-12795],[-1733,-553],[672,-1791],[-3498,1093]],[[-57219,-14046],[525,3108],[2668,66],[-4632,-319],[-257,2360],[2103,259],[-2345,-204],[1261,-1416],[-2256,-2455],[-3717,2969],[5384,4976],[-5831,-4614],[-5147,1815],[-1405,-2509],[-243,1839],[-753,-1653],[2192,-971],[-1091,-1373],[-6232,2583],[5390,5366],[18736,9268],[27806,9525],[2617,-1850],[5338,645]],[[-17108,13369],[0,0]],[[32650,15241],[1180,-599],[383,2547],[11530,5847],[3461,1],[-1509,-1697],[670,-3738],[391,6127],[23798,7157],[8287,380],[9621,4081],[7832,-450],[17472,5870]]]}