{"type":"Topology","transform":{"scale":[1.0E-6,1.0E-6],"translate":[-70.28184718097528,41.64136761990915]},"objects":{"MA":{"geometries":[{"arcs":[[9,10,11,-6,12],[13]],"id":210,"type":"Polygon","properties":{"bound":{"minx":-70.32236134781006,"miny":41.62458616943713,"maxx":-70.27201441336982,"maxy":41.65139669959982},"Geoid10":"25001012502"}},{"arcs":[[14,15,-4,16],[17,18]],"id":214,"type":"Polygon","properties":{"bound":{"minx":-70.22376473611241,"miny":41.63697137533438,"maxx":-70.18263373133026,"maxy":41.6725372949477},"Geoid10":"25001012002"}},{"arcs":[[19,20,-8,21,-9,22],[23]],"id":217,"type":"Polygon","properties":{"bound":{"minx":-70.27497849410308,"miny":41.60955050625623,"maxx":-70.21956245086963,"maxy":41.66404042344563},"Geoid10":"25001012102"}},{"arcs":[[-5,-3,24,25,-2,-1,-7,26]],"id":276,"type":"Polygon","properties":{"bound":{"minx":-70.37602331647957,"miny":41.624771377778984,"maxx":-70.30979630078328,"maxy":41.65800307324377},"Geoid10":"25001012700"}}],"type":"GeometryCollection"}},"arcs":[[[-58134,16004],[-10043,-466]],[[-68177,15538],[-18606,-4375],[-6907,-139]],[[-38799,-10094],[1350,1000],[-1879,1189],[-393,5613],[11425,237],[-4156,11334]],[[69935,24370],[3086,-3494],[-9210,-6095],[-5293,-7034]],[[-32452,9279],[-1068,463]],[[-14381,6428],[-6840,-163],[-11231,3014]],[[-33520,9742],[-15827,7115],[-8787,-853]],[[8061,7401],[-457,-810]],[[11722,18932],[-3507,-10696]],[[-481,6660],[-511,-1689],[5380,2215],[416,-3437],[3511,-565]],[[8315,3184],[-353,-1174],[-5416,-734],[2239,-643],[860,-6560],[3827,-1439],[-1282,-2586],[-4923,3449],[-8159,667],[-7077,-790],[-6001,-2431],[-652,-2833],[4353,-4030],[3794,-1176],[-3845,1105],[-4485,4134],[-15695,-4035],[-2224,802],[-3470,5127],[4421,-3321],[-674,1817],[4559,1153],[4566,-2492],[-2371,1581],[1032,2613],[-1281,-1861],[-2627,1455],[1771,1422],[-1127,1553],[-2071,-1098],[835,-1449],[-5638,-1504]],[[-38799,-10094],[1350,1000],[-1879,1189],[-393,5613],[11425,237],[-4156,11334]],[[-14381,6428],[5786,169],[9477,3528],[-1363,-3465]],[[-32678,-9381],[-4340,-1471],[4340,1471]],[[91911,31114],[7119,-6384]],[[99030,24730],[-6671,-7370],[-7028,-4496],[-2224,-5128],[1341,-5073],[-10093,-1544],[-13303,-5548],[2099,3509],[-1457,549],[1566,548],[-3129,7175],[-1613,395]],[[69935,24370],[9779,593],[2042,2624],[1867,-1092],[8288,4619]],[[86436,6853],[2717,65]],[[89153,6918],[-2510,-835],[-688,-2794],[481,3564]],[[31986,18426],[5515,973],[2257,-10140],[18686,-1528]],[[58444,7731],[3050,-4304],[-370,-5797],[-4018,537],[-2509,-2592],[-1202,3469],[-2729,-1549],[-408,-2207],[4640,-273],[2384,2757],[3272,-576],[374,-2810],[-26001,-7719],[-9875,-7369],[-455,-1954],[1858,-918],[-3575,-6125],[-6907,-2216],[-3960,8424],[-224,6159],[1812,2646],[8628,886],[-1165,-1817],[-6992,-2358],[7177,-1644],[686,-1417],[-245,4392],[2155,916],[925,4194],[2519,2222],[1874,499],[-705,-2745],[1449,-401],[1077,1317],[3707,-797],[7287,1261],[2977,2065],[-4024,-1786],[135,5809],[-2052,2886],[-5291,-853],[-6787,6513],[-2034,1067],[2282,-1572],[-2847,496],[383,3074],[4557,4165],[-2446,-1103],[-1500,1170],[-1194,-1465],[-2800,4146],[771,-5336],[3324,-183],[-2388,-932],[781,-3629],[-5337,-1294],[-3199,46],[-7685,3485]],[[8061,7401],[154,835]],[[11722,18932],[3622,237],[2529,-1671],[525,5660],[6736,-3675],[6852,-1057]],[[33246,-8014],[4649,-2024],[-4617,-524],[-3581,1765],[3549,783]],[[-38799,-10094],[-1644,2261],[-577,-2937],[-8109,4358],[-8600,1744],[-5642,-397],[-14603,-4677],[-5090,-4427],[197,-2539],[-1631,2938],[6164,4994],[10228,4774],[4954,-47],[-2891,476],[3571,1648],[8482,349],[460,862],[-2854,-1006],[-513,2815],[4338,5640],[1457,-417],[-1567,515],[-4843,-5288],[433,-2326],[-1325,-72],[1552,-768],[-5730,-46],[-3651,-1565],[-938,1169],[2386,840],[-2628,-313],[1195,-2558],[-2401,575],[-6401,-3296],[-6430,5822],[5465,3482],[-4240,2090],[-2478,-4272],[-4328,3182]],[[-87031,3489],[-3799,1348],[-2860,6187]],[[-33520,9742],[0,0]]]}