{"type":"Topology","transform":{"scale":[1.0E-6,1.0E-6],"translate":[-69.98941180792988,41.860768811268414]},"objects":{"MA":{"geometries":[{"arcs":[[2,3,4,5,6],[7,8],[9],[10],[11],[12],[13],[14,15],[16,17],[18]],"id":208,"type":"Polygon","properties":{"bound":{"minx":-70.0101669613713,"miny":41.79550431531223,"maxx":-69.93532892209863,"maxy":41.85920698713153},"Geoid10":"25001010304"}},{"arcs":[[19,20,-2,21],[22],[23],[24]],"id":216,"type":"Polygon","properties":{"bound":{"minx":-70.0792666611904,"miny":41.87727161804666,"maxx":-69.95457872462914,"maxy":41.966231763831956},"Geoid10":"25001010206"}},{"arcs":[[25,26,-1,27,28]],"id":219,"type":"Polygon","properties":{"bound":{"minx":-70.01031641182747,"miny":41.83845587210278,"maxx":-69.94747529073572,"maxy":41.87989929887183},"Geoid10":"25001010306"}}],"type":"GeometryCollection"}},"arcs":[[[32742,19255],[-36253,-3860],[-9841,982],[-2039,1980]],[[-7317,106025],[-80740,-8973]],[[38841,-1353],[8565,-26766],[1337,-17327],[-3008,-2114],[2253,2471],[-1982,949],[2091,4195],[-3010,3261],[308,2564],[-5412,9799],[2414,6067],[-5874,642],[-2788,-5617],[-5438,-3850],[-6629,-628],[-2335,1597],[469,1768],[-3054,32],[126,-2360],[5507,-1437],[-2384,-5041],[1499,-1784],[226,3020],[1859,-4831],[6424,-2864],[1301,-4947],[-4837,49],[507,-1795],[-4211,-1489],[134,-4266],[-5964,-2368],[-7789,-5905],[-1387,-5312]],[[7759,-65640],[-1231,1460]],[[6528,-64180],[-4526,5852],[-5826,-3834],[-10257,1774]],[[-14081,-60388],[-1577,1411],[-1535,-2041],[-3425,1621],[4693,5087],[4573,1672],[-1832,2713],[2713,-2038],[2286,988],[-1342,-1615],[2489,-1069],[2231,45],[-295,955],[4052,-1074],[-4059,1272],[-1812,-984],[-2195,905],[901,1861],[-2300,-1097],[-2375,2241],[-1295,-2920],[-2213,2719],[-190,1713],[2958,333],[4532,6657],[4148,-1716],[-1901,729],[1606,1357],[-5907,-1538],[-72,1762],[-854,-3266],[-2606,-405],[-1318,26339]],[[-16002,-17771],[18505,4629],[6509,-6799],[4998,-2801],[9079,988],[4923,1972],[4592,4351],[8480,996],[-4776,12634],[2533,448]],[[42595,-48998],[-3318,552]],[[39277,-48446],[43,1917],[-8448,3474],[-45,3723],[1747,-1246],[712,1235],[-2775,362],[-331,1652],[2444,204],[-1864,236],[2032,1543],[779,-1768],[616,1153],[757,-1032],[-346,1735],[4478,-1213],[3626,-3469],[-3405,406],[-3178,-1779],[3516,1559],[3442,-741],[1079,-2602],[-2979,-1417],[2994,1093],[-1576,-5577]],[[36218,-27270],[4699,-2925],[2019,-4222],[-10402,2206],[-52,2855],[2811,1510],[-955,1120],[1880,-544]],[[37465,-23778],[1747,149],[-1732,-494],[1930,-417],[1661,-4568],[-5918,3408],[1372,3190],[940,-1268]],[[25569,-34766],[1961,-1152],[5050,813],[-3289,-736],[2511,-148],[-2084,-2059],[-4405,1514],[256,1768]],[[29824,-28967],[2608,-4540],[-5344,1003],[3662,2252],[-926,1285]],[[31703,-27907],[2115,-313],[-1586,-895],[-2136,1581],[1239,1867],[368,-2240]],[[52878,-50663],[-2131,342]],[[50747,-50321],[279,1949],[1852,-2291]],[[48620,-49979],[-2798,456]],[[45822,-49523],[1858,849],[940,-1305]],[[-15144,-60223],[0,0]],[[32742,19255],[-36253,-3860],[-9841,982],[-2039,1980]],[[-15391,18357],[193,4252],[5968,4005],[-1323,-2212],[1575,54],[957,-2283],[-319,3365],[3208,2955],[-1904,1064],[1241,1110],[-3371,-1890],[-5024,3313],[3280,2716],[963,3704],[1661,-279],[-5354,1435],[612,2064],[-2941,-1530],[-238,4694],[2015,1377],[-289,-2262],[3537,1887],[2298,-929],[3928,4433],[986,-1532],[697,1362],[1229,-916],[-920,1487],[3473,2819],[-3307,-211],[-1990,-2070],[-2184,1799],[1504,2740],[-4255,-562],[-2240,-2737],[5170,-2125],[-5150,181],[830,-802],[-1926,-482],[-9369,2596],[-3352,-1075],[-933,1472],[1923,-3729],[3468,-1193],[-6137,-793],[-3160,989],[-10461,9622],[-1790,7198],[-3256,1154],[4682,-336],[3077,-6732],[4654,811],[-1719,3300],[2539,4210],[-491,2679],[-1432,3729],[-4289,689],[-468,-1594],[1897,-456],[-2574,-1383],[4712,-858],[-5000,-767],[-5307,1632],[-10477,-240],[-13954,-4358],[-6969,3135],[2441,1268],[-883,1400],[-5852,-2635],[1082,-5622],[3903,-664],[3500,1147],[4153,-2695],[3433,1218],[529,-889],[-13473,-9426],[3072,44],[-2270,-9454],[1536,-1916],[-3446,143],[-2307,-2427],[1751,-15108],[2873,-5551],[-3762,5924],[-3443,53291],[-4053,6966],[146,13985]],[[-7317,106025],[19503,-34696],[20556,-52074]],[[-37557,73236],[-1388,2564],[2779,-967],[-713,1911],[-2706,-329],[-846,-1641],[2874,-1538]],[[-21892,40109],[3409,-825],[-4930,398],[1563,-3251],[8243,-1920],[-1597,-2623],[2438,-1083],[-802,-1306],[-4054,1621],[67,1504],[-1345,-120],[712,-1334],[-9596,-633],[-138,2729],[-1809,-1734],[-5097,4042],[310,2646],[12626,1889]],[[-11305,36728],[-638,2059],[638,-2059]],[[38841,-1353],[-2533,-448],[4776,-12634],[-8480,-996],[-4592,-4351],[-4923,-1972],[-9079,-988],[-4998,2801],[-6509,6799],[-18505,-4629]],[[-16002,-17771],[-4114,29195],[1536,7174],[3189,-241]],[[32742,19255],[6099,-20608]],[[38841,-1353],[0,0]]]}