{"type":"Topology","transform":{"scale":[1.0E-6,1.0E-6],"translate":[-71.03961599408278,41.534880639790664]},"objects":{"MA":{"geometries":[{"arcs":[[2,-2,3,4,5,6,7,8,9],[10],[11],[12],[13],[14],[15],[16],[17]],"id":61,"type":"Polygon","properties":{"bound":{"minx":-71.0456499609299,"miny":41.50448332891235,"maxx":-70.9274987294683,"maxy":41.59767681808439},"Geoid10":"25005653304"}},{"arcs":[[18,19,20],[21,22,-1,23],[24],[25],[26],[27],[28],[29],[30],[31],[32],[33],[34],[35],[36],[37],[38],[39],[40],[41],[42],[43],[44],[45],[46],[47],[48],[49],[50],[51],[52],[53],[54],[55],[56],[57],[58],[59],[60],[61],[62],[63],[64],[65],[66],[67]],"id":63,"type":"Polygon","properties":{"bound":{"minx":-71.12728778776341,"miny":41.48163814126782,"maxx":-71.02162101454746,"maxy":41.58185717518158},"Geoid10":"25005646104"}}],"type":"GeometryCollection"}},"arcs":[[[-1105,47055],[-12651,-9058],[-17794,-2729]],[[50680,53440],[-2126,-3286],[-8236,-854]],[[13917,53979],[2447,-281],[1723,-3573],[5983,-4985],[6064,2754],[6737,-1169],[3447,2575]],[[50680,53440],[19287,-6837],[11968,1176]],[[81935,47779],[-1344,-1120],[4117,-3770],[-2419,-2876],[-2075,-1154],[-2106,1899],[-4107,-2180],[4020,901],[-372,-1707],[2316,1159],[1141,-1608],[1725,1526],[2696,4567],[-2662,2377],[2339,478],[-1032,2234],[-1396,-384]],[[82776,48121],[9417,2926]],[[92193,51047],[-2618,-911],[3102,-11966],[10015,-9045],[344,-6329],[1586,-1142],[-1930,-1383],[432,-4864],[8395,-11390],[-7664,1696],[-9432,-1932],[-1936,-2065],[-846,-6948],[-7413,-2827],[2917,-9134],[-1760,-3272],[-3251,5170],[-2158,9029],[-8637,4082],[-1412,4060],[1907,-76],[-2,3870],[1848,1713],[-3880,-50],[-1520,1415],[4200,1149],[-1688,1394],[1321,2695],[-4060,-4261],[-3697,-846],[2119,-345],[-356,-3030],[5538,-603],[-1548,-1619],[-1585,576],[1762,-3249],[-3117,-4842],[-2768,54],[-2280,1240],[605,1164],[2324,-411],[2190,2404],[-3331,-857],[-2149,2502],[1511,1038],[1900,-916],[1204,2657],[-1044,-1543],[-2104,1196],[-533,-1197],[-1309,1273],[-3213,-819],[-4513,6546],[-6007,684],[-2179,2008],[411,-2119],[-4392,1315],[-937,1739],[-1899,-617],[2183,8138],[-2520,-1358],[-1095,1202],[647,5176],[-4071,8488],[849,1207],[-727,-3600],[1922,-967],[646,-4776],[-1342,-6251],[2366,-1764],[-433,-1920],[-1570,1911],[-2776,-9078],[2761,-18],[-1652,-1679],[2507,938],[2095,-1138],[1877,-3346],[1407,2971],[2202,-2524],[-1289,2502],[2782,2263],[2573,-1453],[3228,1516],[3227,-6069],[-1833,-500],[1075,-2267],[-1658,406],[-1065,-2152],[2062,-2979],[2257,1241],[90,6054],[-151,-2915],[4624,227],[-1194,-5664],[614,-1323],[2520,-43],[-6166,-8499],[610,-4298],[2148,-1761],[-479,-3816],[-2007,-1202],[-18343,3147],[-547,823],[5186,200],[480,2866],[1900,-1898],[2213,259],[-1010,2436],[-6792,2004],[-2282,3827],[-790,-1026],[2612,-2768],[-2346,-2145],[-4856,1237],[1061,2174],[-3070,-2809],[-2928,967],[-728,2520],[-2619,-6515],[-3781,3800],[1189,-2273],[-4071,-5438],[1285,-1093],[526,1729],[6924,1381],[38,2031],[2856,273],[291,-1274],[2230,3128],[968,-4227],[5244,876],[-16741,-4060],[-2583,-4633]],[[17416,-30493],[-6495,9658],[-4014,13728],[6421,2734],[-5151,15872],[2323,11842],[-3501,11809],[-8104,11905]],[[-1105,47055],[-3891,4734],[-246,3115],[8043,8390]],[[2801,63294],[2656,-6485],[8460,-2830]],[[39988,-16516],[372,-1523],[-2829,-874],[2457,2397]],[[42593,-16885],[-1570,449],[1570,-449]],[[42138,8396],[-2007,158],[2007,-158]],[[27548,-19331],[-1293,555],[1293,-555]],[[37064,13845],[424,966],[-424,-966]],[[26393,-19688],[-1409,-471],[1409,471]],[[24815,-21218],[-1592,-604],[1592,604]],[[37719,11276],[-204,944],[204,-944]],[[-50993,35133],[14814,1513],[3560,-1301]],[[-32619,35345],[-2986,-4466],[797,-3442],[5139,-5137],[6197,-11987],[1768,-8530],[-2987,-2749],[-789,-5385],[1454,-1784],[-4521,-7608],[-1979,3535],[1972,-4341],[-2082,1553],[-832,-4057],[-7859,7234],[-913,-2207],[-4923,817],[-6470,14252],[-3498,-3310],[-1709,362],[-4568,4076],[-2817,6003],[-2498,-445],[-1711,1404],[977,2910],[-3433,-1094],[-2807,1393],[-3726,-578],[-2385,3632],[-5313,-411],[1234,1896],[-1215,2511],[668,-2730],[-1541,-947],[4240,-2406],[400,-5527],[1928,484],[-261,-2184],[16299,-10355],[5211,-5992],[1450,-5445],[2059,-482],[-3451,-5150],[184,-3194],[6187,-2946],[3651,12],[-5563,-3267],[-9324,79],[-9913,-3462],[-3077,-2082],[-312,-2223],[-4687,993],[-6292,57382]],[[-87246,19950],[6697,8651],[5070,3296],[19577,6756],[4176,203],[733,-3723]],[[6002,36933],[4588,-14177],[-2401,-11373],[5139,-15756],[-6421,-2734],[4014,-13728],[6495,-9658]],[[17416,-30493],[-12505,-4516],[-3162,-3133],[-206,-6230],[3423,-2691],[-2009,-2936],[1167,-2684],[-2117,-889],[-3047,9024],[1847,4759],[-7666,6470],[-20007,6516],[-24010,2000],[1372,2317],[4082,-735],[3366,1598],[9523,243],[5002,2300],[4484,-1608],[2790,-3623],[1292,-548],[424,1245],[2249,-1784],[1197,1285],[-1146,-560],[-467,1367],[2950,603],[-2965,473],[1037,2025],[3790,-159],[2696,1728],[641,-5220],[-1694,-587],[2001,554],[-1474,4990],[6704,-1516],[3977,-5418],[597,-4567],[3096,-824],[401,-1790],[9004,2369],[-5791,18],[-955,2970],[-7577,5941],[-517,2679],[-4521,269],[-4082,2679],[-781,1702],[1848,-181],[1563,3249],[-173,6428],[-4601,10214],[666,6186],[-6912,12279],[1096,774],[-3354,659],[-3983,5346],[-833,-6543],[-2668,2278],[-2353,-176],[-2266,4051],[1666,2558],[-1075,2533]],[[-1105,47055],[7107,-10122]],[[-14765,-13382],[2221,532],[642,-4682],[-8531,-1070],[-2052,2585],[2819,-269],[-2213,2185],[6800,-1740],[-511,3414],[825,-955]],[[-14405,8309],[1293,-1888],[-2586,-1696],[-628,4841],[1921,-1257]],[[-9776,-8777],[1388,-2915],[-1695,-2025],[-1555,5384],[1074,-768],[1044,1696],[-256,-1372]],[[-66808,4002],[-1337,-336],[-792,4331],[2129,-3995]],[[-17871,-7474],[-1298,-831],[1476,-615],[-3010,-938],[2477,4984],[355,-2600]],[[-18804,-20666],[650,-2536],[-2666,-313],[-752,1345],[2264,-1087],[-1110,1543],[1614,1048]],[[-45029,-19944],[3579,-971],[-3739,-1587],[-365,1477],[-1614,-341],[2139,1422]],[[-14187,-11],[-3170,2705],[1710,1411],[1460,-4116]],[[-18197,-2009],[14,-2723],[-1614,2811],[1834,1246],[-234,-1334]],[[-22740,-15512],[730,851],[-475,-2366],[-2373,-38],[1957,4726],[161,-3173]],[[-40335,-14981],[-1519,-379],[2163,-1943],[-3842,1196],[3198,1126]],[[-17758,11498],[-1505,879],[1220,1476],[1424,-1378],[-1139,-977]],[[-62685,-173],[-906,-626],[1907,-109],[-3251,378],[1759,1652],[491,-1295]],[[-10996,-13607],[-592,-3102],[592,3102]],[[-60573,-2362],[-1044,-1054],[-2644,614],[3688,440]],[[-22718,-18673],[-373,-945],[-2125,1148],[2498,-203]],[[-70446,3369],[-2886,1069],[2886,-1069]],[[-20425,-5209],[-563,-1778],[-1220,2376],[1783,-598]],[[-12434,-8031],[445,-2590],[-445,2590]],[[-53391,-19655],[-2313,-2800],[2313,2800]],[[-48301,-19143],[-1387,-478],[386,1531],[1001,-1053]],[[-17013,17904],[-1600,972],[1600,-972]],[[-19336,15560],[1030,1378],[-1030,-1378]],[[-53158,-17240],[-1380,-1263],[1380,1263]],[[-48388,-20779],[-1321,-879],[1277,1955],[44,-1076]],[[-60238,201],[789,-1053],[-789,1053]],[[-47477,-15054],[0,0]],[[-14916,14995],[-1015,1559],[1015,-1559]],[[-55797,-12378],[-1161,-346],[1161,346]],[[-58562,-6039],[1220,-136],[-1220,136]],[[-67529,203],[-986,626],[986,-626]],[[-38815,-17632],[1709,-664],[-1709,664]],[[-65601,1445],[-2374,-237],[2374,237]],[[-48894,-16317],[-1467,-296],[1467,296]],[[-64768,1648],[744,741],[-744,-741]],[[-61282,-1857],[0,0]],[[-76200,9124],[-1170,598],[1170,-598]],[[-56011,-8552],[0,0]],[[-12558,-939],[0,0]],[[-64698,5825],[0,0]],[[-70021,1981],[0,0]],[[-10367,-6203],[0,0]],[[-21864,-4325],[0,0]],[[-20798,-3925],[0,0]]]}