{"type":"Topology","transform":{"scale":[1.0E-6,1.0E-6],"translate":[-70.78528031336404,41.43036017667369]},"objects":{"MA":{"geometries":[{"arcs":[[-2,-1,2,3],[4],[5],[6],[7],[8],[9],[10],[11],[12],[13],[14],[15],[16],[17],[18],[19],[20],[21]],"id":1130,"type":"Polygon","properties":{"bound":{"minx":-70.95242842500787,"miny":41.24991440051559,"maxx":-70.60438246215172,"maxy":41.520801208963746},"Geoid10":"25007200400"}}],"type":"GeometryCollection"}},"arcs":[[[178506,-81184],[-2702,35663],[-5642,28831]],[[170162,-16690],[-41110,47292]],[[178506,-81184],[-93034,-5868],[-29235,-5663],[-15072,-5568],[-4229,-2742],[-1489,-3006],[-8734,-3356],[-5603,-4065],[-3907,-6987],[1840,-2938],[-2529,-4923],[-7034,-2946],[-25251,12328],[-18168,13735],[-19519,18995],[4696,7264],[13558,52],[8196,2443],[11372,-1828],[17956,-6167],[7431,1190],[6909,4636],[1791,-2026],[-2550,-120],[371,-933],[2288,-28],[-3136,-6131],[851,-1373],[-15297,-73],[-1744,-11741],[2166,-348],[-1878,-961],[2102,856],[5940,-1328],[-87,1499],[7641,706],[800,-1181],[-3926,-635],[2680,-1187],[973,-4727],[3198,2179],[5076,-666],[-1063,714],[2230,2140],[2000,-3756],[2936,1338],[-5889,4114],[-4109,-1349],[-361,3409],[-600,-3875],[-2708,1857],[5503,7343],[-1123,8816],[3636,356],[-4289,3548],[-114,3107],[-3016,840],[14804,18116],[7433,3900],[5075,5184],[3520,9647],[5812,6986],[6948,831],[5311,6183],[2938,369],[3827,3514],[879,5940],[9645,13550],[976,5527],[10963,3246],[4245,4809],[6041,-1477],[6544,488],[-2116,-60],[5093,4150],[5723,12054],[5124,3628],[3315,231]],[[129052,30602],[0,0]],[[71970,84677],[2045,-394],[-2636,-1604],[1680,-1048],[4353,1170],[1563,-1037],[-2131,-4057],[2242,302],[1635,2767],[3396,-1932],[-1613,-1932],[-2140,1119],[-2439,-928],[2936,-1652],[-510,-2882],[-5491,-418],[3145,-5286],[2227,-626],[-5532,-4628],[-8081,-3554],[-5796,245],[-9329,-1981],[-12555,-8641],[-7482,-30],[-1846,1439],[-2344,-1009],[-3011,-5422],[3778,-2703],[1136,-3645],[-3901,-5071],[-7079,-1293],[-1629,-2030],[-7925,-761],[-13225,-10855],[-10082,-49],[-5684,3734],[1503,1893],[-3049,2948],[-322,3448],[4897,1641],[665,6900],[10568,2722],[6118,8392],[9781,-754],[3440,3023],[688,3942],[1891,-665],[556,3617],[7703,777],[3200,2502],[2649,-797],[8064,9882],[10405,4613],[2682,-1690],[5206,573],[8949,6777],[1743,4080],[4988,868]],[[-69837,18838],[-292,-9112],[5794,-3714],[1264,-3161],[-8770,-6925],[-10572,-3771],[-13145,-1096],[-7934,1228],[-13689,-1313],[-4498,3190],[5949,9928],[17810,-2284],[4161,4054],[4283,481],[2153,2282],[-7937,-1115],[7485,1252],[5497,3483],[4253,804],[5590,6491],[2598,-702]],[[-32183,26368],[7275,-5917],[-1911,-1509],[2291,-1159],[-3123,-412],[1357,-1778],[-2123,1208],[-1474,-796],[5699,-1049],[-2277,1680],[2444,1246],[-2123,1318],[3415,219],[-920,-5791],[-7507,1806],[-7055,-534],[-6769,-3498],[-6551,553],[-4906,6037],[946,5144],[2305,2438],[5362,2027],[9997,-1442],[2517,1987],[3131,-1778]],[[-25665,-168475],[9385,-3475],[-3141,-9238],[-18966,2468],[-8535,6191],[1498,1960],[10971,128],[7857,4974],[931,-3008]],[[-141370,1489],[3924,-1679],[4003,-5204],[-3333,-104],[-969,4089],[-4924,-839],[-5237,-3266],[4179,-1861],[817,1306],[1991,-2404],[3829,2398],[14061,-853],[-344,-1811],[-3967,28],[-3303,2015],[-6484,-608],[-7235,-7959],[-7846,-3310],[-11724,-2318],[-1831,2789],[1436,3217],[5505,-450],[-4878,472],[103,-4353],[4615,1350],[117,1516],[3777,1795],[-978,949],[-2566,-1729],[3084,7707],[3157,2399],[5040,324],[2210,4144],[3771,2250]],[[107955,85833],[-219,-3052],[1051,988],[1300,-1636],[-1483,-2415],[-12378,-5577],[-2505,675],[175,2750],[-3731,-1866],[-3389,2371],[-125,2020],[-2074,-72],[2234,3420],[10466,-1783],[10678,4177]],[[86591,90329],[-7309,-7884],[-3273,718],[-951,5391],[2811,1565],[2031,-939],[5325,1956],[1366,-807]],[[-132999,22018],[2656,235],[904,-1471],[-3013,-1103],[-628,1801],[-2210,209],[-1263,-6329],[-4297,5368],[4137,3667],[3714,-2377]],[[86688,76144],[-3220,-555],[1664,3272],[1556,-2717]],[[45733,79409],[-1272,1427],[1823,3206],[-551,-4633]],[[82840,74118],[96,-1378],[-2826,-1044],[2730,2422]],[[82984,83186],[607,-1279],[-3623,659],[3016,620]],[[23833,-102214],[-1647,-1773],[-1113,1664],[2760,109]],[[83066,76209],[-481,-1197],[-1373,637],[1854,560]],[[87980,75051],[-1576,-1482],[1576,1482]],[[-121459,15121],[-1838,1571],[1838,-1571]],[[-162438,-16614],[-270,900],[270,-900]],[[50488,86987],[0,0]]]}