{"type":"Topology","transform":{"scale":[1.0E-6,1.0E-6],"translate":[-72.82302246726658,42.6161327522957]},"objects":{"MA":{"geometries":[{"arcs":[[7,8,-6,9,10,11,-7,12,13,14,15]],"id":73,"type":"Polygon","properties":{"bound":{"minx":-73.09501754860416,"miny":42.540074697564506,"maxx":-72.94964855701139,"maxy":42.7427729188945},"Geoid10":"25003931300"}},{"arcs":[[16,17,18,19,20]],"id":520,"type":"Polygon","properties":{"bound":{"minx":-72.84832960492308,"miny":42.551093798078455,"maxx":-72.63294199986099,"maxy":42.645363000046125},"Geoid10":"25011041502"}},{"arcs":[[21,22,23,24,25,-4,26]],"id":523,"type":"Polygon","properties":{"bound":{"minx":-72.87484251845162,"miny":42.44462120533999,"maxx":-72.6497439623843,"maxy":42.58620018866361},"Geoid10":"25011041501"}},{"arcs":[[27,-1,-3,-2,28,-5,29,30]],"id":554,"type":"Polygon","properties":{"bound":{"minx":-73.01976300705115,"miny":42.5393584971572,"maxx":-72.62137317679863,"maxy":42.745720859571705},"Geoid10":"25011040100"}}],"type":"GeometryCollection"}},"arcs":[[[190080,29230],[12314,1524]],[[-53925,-74919],[-29,14243],[28477,3606]],[[-25477,-57070],[16752,57564],[9267,2171],[7432,-2048],[11938,-125],[19569,4671],[19259,-1868],[10183,1551],[5715,-2941],[3104,1633],[-1441,4500],[3360,2941],[6472,-91],[1879,6167],[102068,12175]],[[147570,-63114],[-3448,3031],[-1269,6673],[-23601,2025],[-2917,3724],[239,8216],[-8726,3622],[-4160,5177],[-22871,-2408],[-3213,-18808],[-29953,3753],[-73128,-8961]],[[-199880,125000],[-806,-38443],[25831,-1426],[48136,3839],[973,-966],[-5008,-5551],[2273,-4492],[-3104,-3988],[-3778,-103],[-4770,-2348],[-11549,1005],[-2859,-2999],[1389,-6548],[-13224,-605],[751,-4076],[-7072,-638],[7129,-6477],[7517,-2584],[5388,-3815],[5448,3018],[6220,314],[3132,3078],[6246,-2284],[-949,-10445],[2763,-3733],[1787,-9860],[-24340,-85072]],[[-262401,-56631],[106443,-17870]],[[-238803,59131],[-1455,-20561]],[[-199880,125000],[-806,-38443],[25831,-1426],[48136,3839],[973,-966],[-5008,-5551],[2273,-4492],[-3104,-3988],[-3778,-103],[-4770,-2348],[-11549,1005],[-2859,-2999],[1389,-6548],[-13224,-605],[751,-4076],[-7072,-638],[7129,-6477],[7517,-2584],[5388,-3815],[5448,3018],[6220,314],[3132,3078],[6246,-2284],[-949,-10445],[2763,-3733],[1787,-9860],[-24340,-85072]],[[-152356,-60199],[-3602,-14302]],[[-262401,-56631],[-10129,1739],[15067,12383],[-3826,21103]],[[-261289,-21406],[16764,-706],[1290,18341]],[[-243235,-3771],[2977,42341]],[[-238803,59131],[2353,33131]],[[-236450,92262],[10955,33097]],[[-225495,125359],[25615,-359]],[[-199880,125000],[0,0]],[[186201,-38147],[-2058,-7967],[-13095,-1388],[-3370,-13395],[-20108,-2217]],[[147570,-63114],[-3448,3031],[-1269,6673],[-23601,2025],[-2917,3724],[239,8216],[-8726,3622],[-4160,5177],[-22871,-2408],[-3213,-18808],[-29953,3753],[-73128,-8961]],[[-25477,-57070],[16752,57564],[9267,2171],[7432,-2048],[11938,-125],[19569,4671],[19259,-1868],[10183,1551],[5715,-2941],[3104,1633],[-1441,4500],[3360,2941],[6472,-91],[1879,6167],[102068,12175]],[[190080,29230],[-16987,-68488],[13108,1111]],[[186201,-38147],[0,0]],[[147570,-63114],[11800,-4215],[2634,-4616],[5368,-3775],[6942,-11052],[-14061,-60098],[6539,752]],[[166792,-146118],[-1144,-4005],[1658,-4758],[-1612,-2872],[-43631,-5469]],[[122063,-163222],[-56756,-6950],[591,6437],[-8836,-759],[830,4199],[6074,634],[754,4468],[-6008,-860],[564,3531],[-9799,1884],[284,1305],[-82382,14181]],[[-32621,-135152],[-15513,3193],[-3998,23076],[4835,17901],[-5141,747],[-1487,15316]],[[-53925,-74919],[-29,14243],[28477,3606]],[[147570,-63114],[0,0]],[[148445,116756],[2624,-13380],[2339,-3009],[-560,-3188],[-4318,-5002],[3923,-402],[-119,-4467],[5067,-3542],[3223,-7143],[7279,-3012],[-1025,-3303],[4260,-1454],[-3448,-3799],[3629,-4699],[8782,-3581],[2008,-2463],[4169,-529],[3325,-4498],[2332,-643],[-1891,-3636],[7507,-3173],[1014,-2078],[-1574,-1624],[1513,-2865],[2338,50],[2284,-2235],[-732,-2327]],[[-53925,-74919],[-98431,14720]],[[-199880,125000],[348325,-8244]],[[148445,116756],[0,0]]]}