{"type":"Topology","transform":{"scale":[1.0E-6,1.0E-6],"translate":[-72.68558087175134,42.65899672432834]},"objects":{"MA":{"geometries":[{"arcs":[[11,-5,-10,-9,12,-11,13,14]],"id":554,"type":"Polygon","properties":{"bound":{"minx":-73.01976300705115,"miny":42.5393584971572,"maxx":-72.62137317679863,"maxy":42.745720859571705},"Geoid10":"25011040100"}},{"arcs":[[-3,-2,-8,-7,-6,-4,-1,15,16]],"id":555,"type":"Polygon","properties":{"bound":{"minx":-72.67238252921608,"miny":42.595130000964815,"maxx":-72.46631264978795,"maxy":42.734815857642594},"Geoid10":"25011040200"}}],"type":"GeometryCollection"}},"arcs":[[[11003,73892],[2624,-13380],[2339,-3009],[-560,-3188],[-4318,-5002],[3923,-402],[-119,-4467],[5067,-3542],[3223,-7143],[7279,-3012],[-1025,-3303],[4260,-1454],[-3448,-3799],[3629,-4699],[8782,-3581],[2008,-2463],[4169,-529],[3325,-4498],[2332,-643],[-1891,-3636],[7507,-3172],[1014,-2078],[-1574,-1624],[1513,-2865],[2338,50],[2284,-2235],[-732,-2327]],[[188509,-61427],[6071,6439]],[[194580,-54988],[2423,3760],[6608,3648],[2041,4594],[-9309,19454],[6374,6154],[16315,10879],[1321,3711],[-6255,8161],[-329,5733],[-3979,577],[-4880,6373],[-4384,411],[-1491,-4191],[-2832,758],[-737,5965],[-6120,-1455],[-20540,49990]],[[64952,-12109],[67310,7882]],[[52638,-13633],[12314,1524]],[[132262,-4227],[12742,918],[680,-4924],[-528,-5790],[-5636,-699],[-2989,-3061],[2344,-6056],[-4475,-4873],[-480,-3319],[2900,-1189],[-1396,-1525],[827,-6760],[-3357,-5296]],[[132894,-46801],[6905,-7432],[1142,-7273],[5467,-739]],[[146408,-62245],[18580,7751],[14288,-846],[3308,-5166],[2690,-1719],[3235,798]],[[-191367,-117783],[-29,14243],[28477,3606]],[[-162919,-99934],[16752,57565],[9268,2171],[7432,-2048],[11938,-125],[19569,4671],[19259,-1868],[10183,1551],[5715,-2941],[3104,1633],[-1441,4500],[3360,2941],[6472,-91],[1879,6167],[102067,12175]],[[-337322,82136],[-806,-38443],[25831,-1426],[48136,3839],[973,-966],[-5008,-5551],[2273,-4492],[-3104,-3988],[-3778,-103],[-4770,-2348],[-11549,1005],[-2859,-2999],[1389,-6548],[-13224,-605],[751,-4076],[-7072,-638],[7129,-6477],[7517,-2584],[5388,-3815],[5448,3018],[6220,314],[3132,3078],[6246,-2284],[-949,-10444],[2763,-3733],[1787,-9860],[-24340,-85073]],[[11003,73892],[2624,-13380],[2339,-3009],[-560,-3188],[-4318,-5002],[3923,-402],[-119,-4467],[5067,-3542],[3223,-7143],[7279,-3012],[-1025,-3303],[4260,-1454],[-3448,-3799],[3629,-4699],[8782,-3581],[2008,-2463],[4169,-529],[3325,-4498],[2332,-643],[-1891,-3636],[7507,-3172],[1014,-2078],[-1574,-1624],[1513,-2865],[2338,50],[2284,-2235],[-732,-2327]],[[-191367,-117783],[-98431,14720]],[[-337322,82136],[348325,-8244]],[[11003,73892],[0,0]],[[11003,73892],[157803,-4358]],[[168806,69534],[0,0]]]}