{"type":"Topology","transform":{"scale":[1.0E-6,1.0E-6],"translate":[-73.24946046001807,42.59976435997777]},"objects":{"MA":{"geometries":[{"arcs":[[8,9,10,11,12,13,14]],"id":68,"type":"Polygon","properties":{"bound":{"minx":-73.31113603976527,"miny":42.48346044492782,"maxx":-73.16789060895663,"maxy":42.58990759009255},"Geoid10":"25003911100"}},{"arcs":[[15,16,17,18,19,20,21]],"id":71,"type":"Polygon","properties":{"bound":{"minx":-73.30681255053669,"miny":42.626670482251676,"maxx":-73.16880463670557,"maxy":42.72562500781242},"Geoid10":"25003920102"}},{"arcs":[[22,23,-8,-3,-4,-5,-1,-2,-7,24,-6,25]],"id":177,"type":"Polygon","properties":{"bound":{"minx":-73.4108102277542,"miny":42.35065308204505,"maxx":-73.17173762379588,"maxy":42.63468270640448},"Geoid10":"25003935100"}}],"type":"GeometryCollection"}},"arcs":[[[-81355,-247805],[-2846,16939],[4356,226],[-167,9037],[8585,-16],[-2215,13748],[11997,130],[2713,14643],[11878,-2012],[1183,7211]],[[-91528,-247888],[10173,83]],[[-81799,-182375],[-7650,1176],[19366,74871],[4430,-490],[3371,11662]],[[-63130,-185236],[-18669,2861]],[[-45871,-187899],[-17259,2663]],[[77881,28942],[-135404,3939]],[[-161382,-248026],[69854,138]],[[-62282,-95156],[38999,61004],[14464,22954],[55469,-9275],[1006,-73]],[[47656,-20546],[-8796,-13523],[6060,-957],[-4897,-7647],[5904,-1072],[-8536,-13623],[24600,-3782],[-13342,-20035],[12377,-1963],[-1132,-1827],[23763,-3857]],[[83657,-88832],[-16396,-25517]],[[67261,-114349],[-31927,4740]],[[35334,-109609],[-67624,10017]],[[-32290,-99592],[-29992,4436]],[[-62282,-95156],[38999,61004],[14464,22954],[55469,-9275],[1006,-73]],[[47656,-20546],[0,0]],[[73266,101482],[-1066,-14209],[9489,-384],[-1986,-26481]],[[79703,60408],[-1451,-25714]],[[78252,34694],[-371,-5752]],[[77881,28942],[-135404,3939]],[[-57523,32881],[13097,34806],[20726,56403]],[[-23700,124090],[2933,259],[1100,-277],[2484,-1939],[1969,-2243],[483,-316],[1331,-355],[657,-353],[1350,-1725],[185,-475],[149,-702],[-159,-957],[171,-606],[1443,-1383],[3160,-2221],[1984,-839],[1696,-1227],[765,-148],[1687,117],[740,-175],[1513,-1260],[1893,-462],[1611,-1113],[1705,-465],[1693,-834],[1681,-1915],[1224,-960],[344,-696],[24,-2176],[-950,53],[195,-314],[742,-32],[-30,-330],[-1227,-2644],[-593,-2238],[475,-2123],[961,-1488],[1004,-735],[2688,-539],[1676,-801],[1135,329],[1328,605],[1596,3353],[2590,4735],[1118,3435],[1713,2028],[988,6085],[1065,1917],[2121,1260],[2502,673],[2041,1379],[2511,611],[724,374],[6115,-1363],[4113,-1135],[4696,-990],[4726,-3370],[3159,-3132],[3594,-2052],[1403,-286],[6971,-427]],[[73266,101482],[0,0]],[[77881,28942],[-2703,-30199]],[[75178,-1257],[-30104,7568],[4678,-16103],[-2096,-10754]],[[-161382,-248026],[22378,60247],[18704,50978],[6449,16960],[544,2032],[704,1280],[5170,15125],[863,1658],[8728,24136],[40319,108491]],[[77881,28942],[0,0]]]}