{"type":"Topology","transform":{"scale":[1.0E-6,1.0E-6],"translate":[-73.35227984541801,42.143642793854376]},"objects":{"MA":{"geometries":[{"arcs":[[4,5,6,-4,7]],"id":110,"type":"Polygon","properties":{"bound":{"minx":-73.50697391557162,"miny":42.0492848069616,"maxx":-73.39253282368033,"maxy":42.296788348393235},"Geoid10":"25003934300"}},{"arcs":[[8,9,-3,10,11]],"id":111,"type":"Polygon","properties":{"bound":{"minx":-73.43656760127324,"miny":42.04474931514297,"maxx":-73.29237427905288,"maxy":42.16164332013809},"Geoid10":"25003926100"}},{"arcs":[[-1,12,-2,13,14,15]],"id":173,"type":"Polygon","properties":{"bound":{"minx":-73.30250765963474,"miny":42.04136253967796,"maxx":-73.17566316701479,"maxy":42.174042696861946},"Geoid10":"25003933300"}}],"type":"GeometryCollection"}},"arcs":[[[180061,-100301],[-5962,47859],[-8121,62364]],[[55190,15567],[5871,-38525],[-13143,-14024],[8096,-59622]],[[-36701,16449],[672,-4926],[-5128,-50],[374,-2486],[-13675,-4235],[2421,-16394],[-30534,362],[6083,-11060],[8757,-17551],[-8201,-21944],[-6366,-27054],[-2166,-4214]],[[-50207,114841],[2390,13981],[-15362,7327],[39,12227],[-15887,4124]],[[-50207,114841],[6249,-33446],[-18123,271],[477,-22373],[1366,-10821],[-1277,-471],[-150,-5283],[2184,227],[3383,-26301],[19397,-195]],[[-36701,16449],[672,-4926],[-5128,-50],[374,-2486],[-13675,-4235],[2421,-16394],[-30534,362],[6083,-11060],[8757,-17551],[-8201,-21944],[-6366,-27054],[-2166,-4214]],[[-84464,-93103],[-52780,-933],[-7355,69],[-11086,35332],[-177,1250],[8579,23733],[2475,6293],[13672,38164],[52109,141695]],[[-50207,114841],[0,0]],[[55190,15567],[5871,-38525],[-13143,-14024],[8096,-59622]],[[56014,-96604],[-129902,3446],[-10576,55]],[[-36701,16449],[91891,-882]],[[55190,15567],[0,0]],[[180061,-100301],[-57580,1536],[-25662,918],[-37926,995],[-2879,248]],[[55190,15567],[9822,-82],[-1875,13200]],[[63137,28685],[5440,-2560],[2737,-440],[159,-187],[621,2],[614,-172],[613,-396],[1077,192],[229,-170],[810,-54],[447,-167],[-32,-114],[1084,-29],[383,-477],[1807,-1422],[1789,-642],[24287,2884],[22611,-20389],[38165,5378]],[[165978,9922],[0,0]]]}