{"type":"Topology","transform":{"scale":[1.0E-6,1.0E-6],"translate":[-70.03066609046672,41.93063543091097]},"objects":{"MA":{"geometries":[{"arcs":[[1,2,3,4,5]],"id":215,"type":"Polygon","properties":{"bound":{"minx":-70.1565148769187,"miny":41.958777724297065,"maxx":-69.99417194102621,"maxy":42.07487801067959},"Geoid10":"25001010208"}},{"arcs":[[6,7,-1,8],[9],[10],[11]],"id":216,"type":"Polygon","properties":{"bound":{"minx":-70.0792666611904,"miny":41.87727161804666,"maxx":-69.95457872462914,"maxy":41.966231763831956},"Geoid10":"25001010206"}}],"type":"GeometryCollection"}},"arcs":[[[33937,36158],[-31341,-2797],[-10729,-1129],[-38669,-5047]],[[33937,36158],[-31341,-2797],[-10729,-1129],[-38669,-5047]],[[-46802,27185],[-114,1881],[419,1526],[359,5193],[-268,11491],[-435,3480],[72,3750],[-229,1603],[-920,2355],[-950,1460],[-59,752],[1155,132],[310,-461],[1008,-335],[611,154],[596,533],[2531,-445],[-59,-241],[-331,159],[-331,-66],[-478,-730],[257,-28],[744,330],[198,-132],[74,-549],[942,-126],[206,-176],[-390,-730],[-787,-395],[7,-456],[-375,-450],[148,-225],[412,-115],[-302,-412],[405,60],[331,456],[-788,247],[427,307],[110,500],[832,560],[279,802],[802,-286],[250,-477],[126,461],[-45,725],[-809,137],[-677,417],[14,785],[-316,681],[1008,291],[522,-105],[486,330],[832,60],[765,291],[1906,1252],[493,176],[-494,71],[891,1318],[2626,544],[-192,166],[153,113],[-1204,-87],[-1152,-403],[-732,-372],[-382,-708],[-920,-670],[-4408,-1532],[-1862,1559],[-2547,2695],[0,-543],[876,-527],[-243,-176],[125,-433],[-139,-187],[-310,71],[-1465,3041],[-346,335],[-257,-1306],[361,-3135],[633,-604],[1406,-153],[-383,-248],[-1493,-99],[-846,-532],[-74,-291],[-758,-88],[537,324],[22,1230],[-1428,7167],[-3493,11199],[-1473,4062],[-3522,7356],[-1659,2799],[-3146,4441],[-3242,3595],[-5202,4681],[-4369,3528],[-2498,1833],[-6824,3927],[-8540,4092],[-9495,3596],[-4117,1297],[-390,429],[-1001,478],[-1038,961],[-1672,665],[-1451,335],[-1244,830],[-2534,790]],[[-116743,131016],[51,2219],[814,1367],[-7473,11631]],[[-123351,146233],[3529,-546],[3654,-913],[2026,-127],[2910,-939],[4679,-1183],[2902,-1049],[2504,-660],[5636,-1288],[3762,-632],[863,-450],[5424,-1364],[1886,-746],[1651,-466],[4290,-1881],[6219,-1809],[1209,-669],[1657,-620],[1194,-148],[472,-505],[1525,-724],[2049,-642],[2704,-1278],[6469,-2661],[619,-417],[1186,-313],[1878,-1015],[1481,-599],[6483,-3946],[4331,-2206],[1820,-1280],[6062,-3700],[2651,-1965],[2231,-2097],[4477,-3251],[3210,-3074],[2408,-1774],[1818,-1960],[3769,-3388],[6219,-6309],[1575,-1812],[2250,-2724],[714,-1115],[1317,-1191],[2390,-2839],[1545,-2120],[1030,-1785],[3346,-4025],[431,-738],[1824,-1911],[1449,-2383],[191,-648],[2213,-2663],[132,-527],[757,-1005],[1633,-1643],[1962,-3772],[5027,-7386],[2182,-2856],[133,390],[140,-55],[330,-956],[1249,-2208],[3611,-5509]],[[33937,36158],[0,0]],[[73997,-50611],[-24002,-2998],[-2153,361],[-1314,-225],[-3174,300],[-1293,-231],[-867,88],[-1674,-671],[-1777,-484],[-1521,378],[-1307,-314],[-353,61],[-970,230],[-22,280],[-448,-110],[-228,411],[-110,-604],[-323,-16],[-360,192],[-360,-215],[-162,159],[95,374],[-1296,572],[-771,-307],[-595,-43],[-323,384],[-287,-241],[-492,241],[-8,-450],[-469,390],[-427,-159],[-279,236],[-558,1],[-107,279],[-743,370],[544,863]],[[25863,-51509],[-340,-655],[96,-121],[676,861],[-21,1016],[559,401],[-250,505],[-557,461],[595,467],[-117,521],[-602,489],[154,307],[368,115],[411,-137],[882,593],[677,1114],[677,417],[1036,998],[545,802],[667,-46],[705,149],[198,-192],[-271,-303],[15,-247],[-345,-66],[-750,-844],[-170,-560],[500,181],[245,-50],[-583,-394],[1237,394],[176,-77],[45,-598],[-500,43],[-183,-252],[830,-77],[338,-395],[331,-104],[147,-203],[-257,-307],[206,-390],[73,340],[309,193],[286,521],[-177,275],[-580,-6],[-338,164],[51,286],[-353,-132],[410,1724],[793,484],[338,401],[131,554],[720,489],[690,753],[536,274],[-213,138],[-470,-45],[212,248],[-793,180],[-8,308],[-632,235],[22,176],[198,39],[346,-258],[271,346],[280,-132],[65,297],[250,132],[-191,510],[-132,-137],[110,-313],[-580,49],[-118,-533],[-411,522],[-956,268],[272,-307],[603,-214],[-463,-362],[684,-522],[-440,-247],[-904,137],[-1036,-231],[-2373,2137],[-352,198],[-669,-82],[-580,302],[-360,483],[-690,275],[-51,379],[809,735],[-360,379],[360,346],[434,60],[764,-231],[1324,1048],[486,1416],[-397,396],[552,225],[-58,768],[535,164],[-155,735],[507,143],[529,-417],[625,-5],[-552,340],[147,357],[-845,49],[-849,248],[155,379],[-551,-395],[51,-560],[-2910,1017],[-301,423],[479,829],[596,351],[-162,461],[-1117,-318],[154,-132],[-470,-279],[-780,-884],[-316,-71],[-412,154],[-323,439],[289,2877],[-204,1378],[2015,1377],[-1177,-1169],[-111,-384],[250,-384],[749,-325],[1235,225],[478,280],[839,1075],[985,307],[1592,-430],[310,-483],[396,-16],[1154,698],[286,621],[139,-99],[889,824],[720,401],[740,1988],[346,-99],[96,-549],[544,-884],[287,-32],[-213,269],[80,417],[-184,154],[448,477],[279,77],[353,-27],[876,-889],[29,384],[-949,1103],[734,484],[360,50],[213,313],[632,379],[316,11],[213,-253],[228,-5],[-456,472],[-647,148],[301,181],[677,-22],[639,319],[308,-82],[-500,422],[456,402],[-823,-303],[88,-236],[-316,-55],[-515,170],[-896,-593],[-867,109],[21,697],[-645,-1169],[66,-154],[529,-66],[-66,-247],[-580,-258],[-1294,-176],[-279,93],[-1905,1706],[242,220],[985,286],[770,1027],[0,428],[-493,779],[-647,121],[-676,-61],[-2932,-622],[-1894,-1277],[-368,-538],[22,-922],[2066,-348],[1449,-889],[1654,-663],[1,-225],[-831,-204],[-640,455],[-896,285],[-170,-5],[-95,-220],[-867,-220],[-1651,90],[-133,-269],[963,-533],[-1926,-482],[-662,6],[-1484,489],[-1624,-125],[-1889,440],[-1954,972],[-588,566],[-1168,248],[-1492,-142],[-640,-286],[-765,-647],[-455,0],[-316,214],[140,730],[-323,390],[-434,138],[-522,-154],[581,-154],[80,-895],[610,-455],[88,-330],[308,-225],[1264,-297],[301,-330],[15,-219],[-588,-77],[-214,-593],[514,-225],[191,-313],[133,252],[1087,-642],[1543,-265],[-867,-175],[-1235,253],[-485,-126],[1352,-341],[-213,-115],[-2668,265],[-227,-39],[455,-274],[-1014,5],[-448,193],[-1007,-5],[-426,154],[793,-478],[-147,-110],[-1345,209],[-1815,780],[-2174,1440],[-3056,2466],[-4048,4250],[-1183,1466],[-2070,3432],[-330,1543],[368,1828],[243,395],[-3256,1154],[36,126],[3271,-1192],[1170,741],[204,-11],[396,-2213],[955,-1900],[-353,-22],[-22,-159],[478,-895],[911,-730],[1021,-292],[-309,-521],[302,0],[448,291],[2646,-45],[1258,565],[500,747],[8,664],[-603,840],[-1308,511],[-316,538],[508,950],[766,2712],[853,38],[412,510],[-146,1532],[-345,1147],[-1117,1274],[-315,2454],[-3080,593],[-1209,96],[-472,-718],[4,-876],[142,-168],[975,-8],[706,214],[74,-494],[-449,-483],[-449,-165],[-1426,-202],[-250,-532],[4800,-413],[-88,-445],[-3713,287],[-1095,-291],[-405,-549],[316,-93],[-103,-121],[-353,17],[-316,521],[-844,385],[-3793,709],[-2720,23],[-1103,-220],[-2787,99],[-3867,-142],[-1301,-362],[-2544,-296],[-2036,-549],[-4220,-1762],[-1993,-1010],[-852,-269],[-743,66],[-265,-176],[-448,121],[-4213,2580],[-661,121],[-655,-121],[-992,434],[169,165],[779,-242],[375,61],[-154,181],[1272,1103],[-883,1399],[-2124,-395],[-1287,-592],[-272,66],[-1478,-1461],[-691,-252],[-308,-1505],[235,-889],[-73,-725],[257,-49],[-228,-714],[405,-576],[522,-198],[-118,-258],[390,-708],[625,-11],[125,-318],[411,225],[537,-61],[743,187],[301,-121],[316,143],[603,-143],[-7,-422],[249,-143],[1346,401],[1044,659],[1110,87],[4153,-2695],[1345,-116],[1919,758],[-7,406],[176,170],[529,-889],[-184,-834],[-2337,-1982],[-7174,-3777],[-1514,-1137],[-235,-840],[-1044,-142],[-544,-544],[-441,-170],[66,-247],[228,280],[353,27],[1168,-428],[1066,566],[191,-154],[-720,-1911],[-1028,-6006],[-522,-1537],[213,-571],[1323,-1345],[-970,-505],[-1219,-6],[-596,280],[30,171],[338,104],[-1029,99],[213,-280],[-955,-335],[-1183,-785],[-324,-407],[-58,-620],[1360,-5589],[133,-2273],[-323,-2284],[301,-1976],[581,-1647],[-301,-1339],[3292,-5649],[-213,-66],[-206,164],[-926,1697],[-1109,1339],[-1727,2888],[124,2684],[-140,2910],[308,2460],[-610,3052],[-956,2498],[-375,2833],[-287,5676],[-24,7384],[-957,7148],