{"type":"Topology","transform":{"scale":[1.0E-6,1.0E-6],"translate":[-70.83335317946397,42.773038027608756]},"objects":{"MA":{"geometries":[{"arcs":[[8,9,10,-8,11,-1,-2,-3,12],[13,14,15,16,-5,17,-7,18],[-4,19],[20],[21],[22],[23],[24],[25],[26],[27],[28],[29],[30],[31,32,33],[34,35,36],[-6,37]],"id":486,"type":"Polygon","properties":{"bound":{"minx":-70.9673623068401,"miny":42.73551510744522,"maxx":-70.79399062610712,"maxy":42.81142183455177},"Geoid10":"25009269100"}}],"type":"GeometryCollection"}},"arcs":[[[-84069,14456],[-8827,-6469],[-3009,-1226],[-2627,-817],[-1725,-248],[-2803,-1292],[-4120,-1634],[-1883,-963],[-4133,-3007],[-979,-243],[-2235,-1446],[-225,-386],[-1710,-902],[-971,137],[-356,-110],[-3802,-1800],[-1463,-1436],[-1333,709],[-3739,-1004],[-3319,-5642],[-487,-1389]],[[-57460,21266],[-2018,578],[-836,55],[-2040,1177],[-652,606],[-861,360],[-808,117],[-7,1162],[-7086,-919],[-12301,-9946]],[[-42112,24912],[-15348,-3646]],[[8151,30458],[-2203,-1061]],[[16700,34503],[-4139,-1912]],[[2845,27922],[-538,-255]],[[24744,38471],[-4702,-2276]],[[-126339,-19205],[10084,-5753],[18872,-9523],[6612,-2565]],[[-19065,25799],[11374,-2930],[5307,2562]],[[-2384,25431],[1246,48],[613,253],[1040,-2],[-543,-283],[-46,-311],[434,-529],[-364,-528],[418,-34],[307,-539],[633,50],[-125,381],[-551,311],[310,698],[-636,408],[519,202],[241,270],[986,-25],[-155,-137],[241,-199],[-55,-285],[-294,-275],[450,-83],[-179,165],[272,467],[-202,186],[698,259],[1685,257],[1521,28],[1452,474],[1258,128],[986,-579],[776,-1090],[357,-193],[536,49],[124,-353],[-613,-127],[-62,-154],[878,-1265],[-490,-278],[-341,-640],[-652,-105],[62,-729],[-1335,92],[-854,-320],[-124,-191],[551,-217],[-69,-190],[-2492,-1341],[-1242,1169],[-388,178],[-443,997],[-737,154],[737,-334],[101,-633],[1817,-1700],[217,-28],[978,641],[1584,688],[100,830],[505,80],[582,-198],[536,90],[263,283],[-194,456],[745,170],[195,552],[465,174],[6164,-2901],[458,-110],[512,189],[862,-1369],[1499,-1269],[-691,-587],[-792,-2520],[46,-549],[800,-721],[-225,-314],[-3842,286],[-373,354],[109,168],[1079,130],[326,311],[-559,1356],[-350,282],[-364,57],[-489,-120],[-939,-564],[-288,85],[-535,559],[-349,98],[-1793,-55],[-358,-155],[-163,-290],[280,-671],[-46,-483],[-645,-190],[-225,95],[-722,1222],[-372,242],[-466,-48],[-473,-196],[-218,-1022],[-310,-243],[-520,-107],[-249,153],[39,420],[559,783],[-264,504],[-1421,117],[-978,-461],[-1878,-84],[-691,462],[210,300],[-249,437],[-287,104],[-885,-199],[116,718],[-582,243],[-93,507],[-202,46],[-365,-37],[-504,-553],[714,435],[171,-479],[636,-188],[-178,-796],[1265,61],[86,-111],[-342,-469],[-783,-53],[-187,-332],[-683,61],[-271,-261],[-319,-27],[-46,-312],[-426,-187],[504,53],[209,323],[590,275],[543,-189],[202,449],[1188,-89],[271,-203],[288,-1035],[613,-360],[0,-508],[-722,51],[-745,-516],[-170,-368],[124,-164],[1094,-163],[-216,-1741],[-1467,-6],[-256,-531],[-419,-236],[233,-347],[139,-12],[-69,310],[294,257],[101,407],[419,105],[994,-168],[527,760],[-124,1353],[-1033,218],[489,611],[784,-55],[303,262],[30,513],[-667,395],[-78,431],[1110,432],[962,-187],[846,549],[1172,-67],[-628,-1248],[280,-504],[535,-140],[590,243],[652,618],[233,801],[224,44],[280,-198],[699,-1241],[691,-227],[869,531],[0,604],[-288,562],[303,118],[1607,84],[698,-790],[311,-68],[955,254],[388,551],[434,-119],[606,-1269],[-1149,-221],[-551,-571],[248,-717],[-217,-323],[-225,-71],[-240,136],[-1,634],[-597,455],[-706,70],[-559,-356],[-47,-366],[1266,-398],[116,-165],[-373,-420],[-962,-65],[-171,-124],[272,-343],[-54,-397],[-730,299],[528,-477],[326,27],[163,390],[-225,411],[892,68],[536,441],[-132,425],[-1235,508],[443,371],[869,-152],[171,-196],[15,-585],[435,-295],[373,101],[302,423],[-279,536],[830,-545],[2904,-66],[442,-309],[334,-737],[23,-1148],[1102,-2513],[-699,-1069],[-372,242],[47,306],[-148,-38],[-85,-339],[318,-387],[-799,-706],[-846,-355],[-1110,189],[-1040,-210],[-202,-174],[722,218],[761,-64],[240,-149],[-504,-197],[-846,-1031],[-605,-379],[-1351,-229],[-1039,123],[-536,424],[-70,1395],[-1731,1291],[326,267],[-163,677],[326,365],[-435,309],[-993,-318],[939,164],[170,-115],[-263,-432],[132,-569],[-380,-218],[333,-445],[-1342,343],[-854,50],[-1280,-565],[-365,-542],[-62,-613],[287,-554],[567,-513],[-722,-242],[-411,-317],[-1063,-62],[-2321,868],[-341,292],[-24,333],[-520,829],[591,-1481],[1241,-611],[1987,-418],[760,134],[450,385],[505,152],[1451,-76],[1172,-440],[272,-505],[-86,-474],[-473,-863],[-458,-295],[-2273,-5],[-303,369],[496,669],[-77,391],[-637,210],[-760,-264],[-163,-205],[109,-791],[-846,-405],[31,-99],[1071,396],[-186,636],[85,384],[877,203],[310,-220],[-465,-1151],[427,-367],[77,-1182],[-1055,-386],[-582,284],[-535,59],[-504,-211],[-210,-454],[-171,-34],[-295,247],[-814,204],[-924,-56],[-481,528],[-334,-136],[-543,217],[-745,-125],[683,-38],[372,-237],[544,-32],[489,-321],[1342,-96],[505,-338],[434,74],[473,544],[536,4],[179,-232],[-738,-286],[-279,-270],[210,-263],[139,354],[2429,809],[61,1089],[202,206],[466,93],[1405,-167],[636,308],[745,1200],[54,789],[-179,326],[-993,493],[-1956,216],[-372,260],[-365,624],[7,356],[450,696],[458,264],[862,32],[1071,-168],[1676,-752],[171,-272],[-46,-1320],[519,-577],[745,-312],[1568,88],[1529,497],[915,1181],[202,97],[187,-91],[-1110,-2431],[62,-675],[-520,285],[-388,-240],[272,-433],[116,556],[427,-408],[636,-1515],[-54,-532],[-396,-529],[-1109,-868],[-1831,-1038],[-334,-1108],[-1009,236],[-155,186],[-225,-170],[-442,20],[-94,1367],[-1086,749],[396,168],[-8,220],[-473,-142],[-8,-342],[1001,-588],[-62,-991],[-395,-191],[-249,207],[78,-269],[520,-36],[155,-245],[-248,-986],[-194,-129],[-233,37],[-776,762],[-1560,232],[-349,750],[-443,309],[-1450,256],[-420,-88],[-154,-462],[-839,-94],[-504,545],[-404,-249],[-1202,-137],[-760,-448],[-156,-215],[947,529],[1505,290],[311,-270],[-730,-498],[-791,-98],[-512,-364],[31,-508],[-201,-341],[-1149,-509],[-387,-637],[-714,-178],[-148,358],[-411,-52],[264,-86],[225,-343],[915,173],[512,652],[1048,548],[403,916],[1063,228],[613,492],[1179,64],[357,505],[1490,-219],[248,-212],[342,-868],[-1149,26],[-357,332],[-473,105],[-426,-155],[-117,-218],[178,-281],[311,-22],[-279,293],[294,230],[582,-221],[-77,-271],[1288,-52],[947,124],[970,-201],[519,-676],[567,-104],[558,194],[675,771],[225,90],[528,-100],[986,-1137],[729,-551],[3383,-1941],[-116,-858],[-241,-75],[78,-233],[-496,-828],[-800,-877],[-372,-951],[124,-1480],[218,-235],[325,-1206],[528,-712],[-256,-1728],[-504,-17],[-1148,778],[-885,117],[-721,623],[-730,344],[-294,599],[-373,89],[-729,623],[108,519],[342,361],[1140,388],[202,1012],[682,767],[-403,696],[-954,268],[-815,537],[-706,-57],[-140,-1308],[-535,-278],[-985,101],[-691,327],[-683,111],[-116,124],[302,1009],[-745,348],[-341,-159],[535,-23],[326,-341],[-225,-364],[39,-621],[993,-245],[544,-302],[1140,-135],[411,200],[179,201],[-32,855],[420,394],[302,-13],[590,-553],[1226,-359],[39,-364],[-916,-915],[-7,-716],[-1257,-565],[-419,-795],[-535,446],[-1002,390],[-403,426],[-481,113],[-877,518],[-1482,480],[-566,23],[-698,304],[-1529,79],[-768,222],[-341,-114],[-2925,75],[-2350,566],[-1475,561],[-2506,280],[-6098,140],[-1164,261],[-93,-196],[-427,-15],[-411,-322],[-280,27],[-31,666],[-551,-365],[-1350,-22],[-1047,303],[-548,371],[-229,-447],[-511,186],[-1226,43],[-3111,-163],[-1645,-315],[-3606,-1815],[-3584,-1179],[-340,-226],[-644,-1226],[-463,-2088],[78,-791],[-473,100],[-776,-148],[-2863,323],[-497,311],[217,463],[-442,-309],[350,-399],[-116,-110],[-1792,-322],[-2099,-769],[-1761,-132],[-990,104],[1533,-174],[-642,-105],[-259,-183],[74,-198],[1222,-14],[-703,-418],[346,-362],[1025,696],[3380,848],[1605,112],[1094,-153],[86,-215],[-1101,-1027],[-85,-420],[186,-172],[264,729],[1162,1005],[1327,107],[528,-189],[76,465],[280,18],[233,-230],[907,393],[225,-33],[1078,1013],[836,1580],[279,176],[-31,337],[588,1126],[962,862],[3436,1506],[946,263],[3010,270],[1513,-129],[3546,-794],[-372,-217],[-737,28],[-310,-171],[1039,39],[706,192],[194,282],[179,-20],[-39,-343],[163,-24],[162,480],[846,-234],[202,-253],