{"type":"Topology","transform":{"scale":[1.0E-6,1.0E-6],"translate":[-72.01839079633355,42.07001532823679]},"objects":{"MA":{"geometries":[{"arcs":[[8,9,10,11,12,13,14,15,16,17]],"id":663,"type":"Polygon","properties":{"bound":{"minx":-71.99464140351725,"miny":42.02387645786754,"maxx":-71.87899482978042,"maxy":42.09430247527081},"Geoid10":"25027755200"}},{"arcs":[[-7,18,19,20,-5,21,-8,-6,22,23]],"id":869,"type":"Polygon","properties":{"bound":{"minx":-72.09978926399381,"miny":42.026418386995665,"maxx":-71.98843037674295,"maxy":42.09788522048869},"Geoid10":"25027757500"}},{"arcs":[[24,25,-3,26,27]],"id":1225,"type":"Polygon","properties":{"bound":{"minx":-72.27064757021806,"miny":42.029416632766456,"maxx":-72.13498084477918,"maxy":42.0933508930957},"Geoid10":"25013813801"}},{"arcs":[[-4,28,-2,-1,29,30]],"id":1462,"type":"Polygon","properties":{"bound":{"minx":-72.13569783835317,"miny":42.02852921526247,"maxx":-72.06681305606311,"maxy":42.11559374569854},"Geoid10":"25027758101"}}],"type":"GeometryCollection"}},"arcs":[[[-116563,41486],[0,-20837]],[[-116563,20649],[-158,0],[-603,-60418]],[[-251704,22506],[-580,-60841]],[[-81420,-41292],[25310,29650],[8076,13712]],[[-38203,-1277],[-1181,533],[-494,14],[-678,-1499],[-1135,1590],[92,214],[-266,-262],[74,345],[-464,1669],[72,436]],[[17921,27238],[-1015,-1334],[-829,-1579],[-141,-424],[126,-816],[-700,-158],[-593,-322],[-1126,-1412],[-1263,-997],[-2026,-1245],[-2359,-1038],[-2905,-400],[-2184,-82],[-1284,-487],[-1653,-1702],[-876,-1230],[-1142,-763],[-116,-353],[-678,-713],[-506,-1437]],[[25288,-43087],[-1595,4096],[5653,13561],[949,9421],[-37,363],[-797,1457],[-1470,1366],[-1172,628],[-234,872],[-1526,6687],[597,7243]],[[-3349,10746],[-240,-658],[133,-297],[-1460,-2633],[205,-685],[-258,-340],[115,-235],[-1570,-1858],[-86,-740],[-1131,190],[546,-654],[-456,-578],[-721,-1679],[-2320,527],[-2290,-2014],[-1414,-461],[-1598,-213],[-603,-395],[-1054,-1168],[-394,-192]],[[136881,5877],[2426,-7716]],[[139307,-1839],[-15,-1226],[271,-792],[-291,-1074]],[[139272,-4931],[-491,-1189],[-608,-428],[-394,-23],[-1390,-721],[-221,-257],[-77,-604]],[[136091,-8153],[-377,-127],[-368,-4308],[54,-2081],[-414,-1139],[-7111,1891],[-1634,1417],[-1150,414],[-1805,-191],[-694,460],[-413,62],[-1724,-298],[-760,-686],[-334,-840],[-493,-354],[-1729,-440],[-5933,-1965],[-1499,-114],[260,-626],[-99,-2363],[948,-1040],[-1422,-538],[625,-335],[228,-384],[243,-1064],[603,-917],[36,-812],[795,-1031],[721,-560],[817,142],[420,401],[947,4],[671,-243],[408,-319],[-138,-158],[445,-207],[-1253,-3338],[1244,57],[1530,-483],[846,-406],[420,-439],[375,-99],[1192,-1032],[1486,-182],[729,-313],[1662,-1454],[508,115],[604,762],[111,1213],[737,1278],[390,219],[1325,-231],[235,-911],[441,-472],[470,-200]],[[129267,-32418],[-330,-1911],[597,-1734],[740,-1180],[441,-363],[-282,-1204],[441,-790],[514,-344],[94,-521],[-77,-502],[-362,-233],[113,-566],[2146,-3235],[576,-94],[1206,-611]],[[135084,-45706],[-7474,59],[-46145,1136],[-30471,803],[-3955,222],[-21751,399]],[[25288,-43087],[-1595,4096],[5653,13561],[949,9421],[-37,363],[-797,1457],[-1470,1366],[-1172,628],[-234,872],[-1526,6687],[597,7243]],[[25656,2607],[83499,18638]],[[109155,21245],[14122,2987],[3974,-21516],[9630,3161]],[[136881,5877],[0,0]],[[25288,-43087],[-30641,74],[-18735,367],[-21017,-22],[-9930,215],[-8340,469],[-8639,240],[-9406,452]],[[-81420,-41292],[25310,29650],[8076,13712]],[[-48034,2070],[663,60],[2179,631],[744,-186],[1797,-884],[468,72]],[[-38203,-1277],[2213,-1424],[1636,-154],[966,-770],[973,-378],[1338,118],[663,389],[1938,-756],[208,-1580],[933,186],[2588,-733],[3022,616],[2305,-416],[323,883],[991,1012],[161,947]],[[17921,27238],[2237,589],[2153,-10565],[2200,242],[-994,-2160],[1514,329],[696,-2544],[-3924,-1022],[842,-4673],[3244,737],[-233,-5564]],[[25656,2607],[0,0]],[[-116563,20649],[-158,0],[-603,-60418]],[[-117324,-39769],[-9083,375],[-3866,-91],[-21934,290],[-70694,554],[-7521,76],[-710,176],[-21152,54]],[[-251704,22506],[135141,-1857]],[[-116563,20649],[0,0]],[[-81420,-41292],[-18756,900],[-17148,623]],[[-116563,41486],[423,205],[2800,345],[463,-1740],[1134,-346],[272,-489],[435,-230],[833,405],[362,-136],[-148,559],[456,-928],[427,-203],[641,-50],[339,-351],[1604,689],[715,66],[678,-252],[317,-697],[332,-296],[929,-290],[810,335],[1436,1196],[965,319],[796,-159],[545,302],[110,905],[993,1301],[-288,1026],[633,1729],[368,356],[1097,275],[1614,-191],[605,-664],[1961,-454],[2601,-888],[413,-88],[884,132],[2911,-614],[303,-696],[2004,-1179],[641,373],[1504,-93],[1584,269],[1063,-726],[851,90],[1862,-98],[212,136],[-65,442],[5476,1101],[2898,-875],[866,-402],[1645,-1185],[-1911,-5037],[-1175,-4213],[409,-202],[-947,-3139],[2649,515],[914,-32],[1812,-510],[221,-511],[74,-1788],[-191,-675],[1576,-422],[435,-313],[-228,-1405],[1510,-1574],[162,-576],[-176,-609],[-788,-1114],[-1591,-3133],[-1075,-1596],[82,-1674],[-295,-872],[-832,-922],[-117,-1432],[346,-466],[1392,-412],[2460,-2392],[1392,-356],[1974,-1459],[1060,-340],[1701,-856],[1989,-560],[3387,423]],[[-48034,2070],[0,0]]]}