{"type":"Topology","transform":{"scale":[1.0E-6,1.0E-6],"translate":[-72.04499704279438,42.66598797863359]},"objects":{"MA":{"geometries":[{"arcs":[[9,10,11,-5,12,13,14]],"id":707,"type":"Polygon","properties":{"bound":{"minx":-72.08079009092766,"miny":42.601665578537734,"maxx":-71.98160076727292,"maxy":42.716665281288904},"Geoid10":"25027701100"}},{"arcs":[[-1,-4,15,-3,-9,-8,16,17]],"id":721,"type":"Polygon","properties":{"bound":{"minx":-72.28175334595507,"miny":42.622786381112626,"maxx":-72.05700433529452,"maxy":42.72285779710447},"Geoid10":"25027702200"}},{"arcs":[[-7,18,-6,19,-2,20,21]],"id":811,"type":"Polygon","properties":{"bound":{"minx":-71.98584206697318,"miny":42.594716397223785,"maxx":-71.85678010150946,"maxy":42.71375226090246},"Geoid10":"25027700100"}}],"type":"GeometryCollection"}},"arcs":[[[-29500,-41739],[-5586,11798],[-829,3037],[-281,6695],[116,1581],[2969,9477],[147,998],[-57,1417],[-1339,6948],[117,1129],[689,1250],[1495,1344],[3722,1809],[5293,3634],[236,130],[435,-109],[21,318],[-376,527],[71,197],[733,692],[464,1534],[932,949],[775,1119],[840,213],[1180,-332],[997,-3],[1386,280],[1457,546],[2209,188],[21,2454],[-2511,-77],[120,1440],[625,512],[-2834,2337],[2023,849],[1368,15],[-2405,4244],[-948,3104],[-272,2292],[-627,2404],[-1190,2816],[-225,1461],[352,389],[-4383,4899],[-1498,1335],[-2776,1597],[-6108,2538]],[[63422,47312],[-1368,-28291],[-3029,-55023]],[[-179841,-27006],[57425,7542],[2142,-10101],[993,-3854],[5933,643],[1697,-9611],[2076,214]],[[-94122,-42064],[22489,2684],[40882,-1372],[1251,-987]],[[-29500,-41739],[28425,-22413]],[[116975,-63978],[15089,5790],[-97,-417],[1638,426],[731,-1108],[14523,4634],[737,251],[-622,1159],[3128,1034],[756,-1312],[9088,2876],[-578,1008],[3028,989],[-1433,2572],[23422,9134]],[[186587,-32147],[1891,33846],[-1301,7300],[-6000,4500],[-2000,4700],[-4000,-500],[-4700,3305],[-22569,16834],[-1627,7592]],[[-237983,55561],[10986,-46890]],[[-226997,8671],[83,-355],[13529,1105],[996,-7454],[13892,1293],[1386,-7605],[12629,1024],[4641,-23685]],[[63422,47312],[-1368,-28291],[-3029,-55023]],[[59025,-36002],[-22409,-9606]],[[36616,-45608],[-24656,-10639],[-2913,-1443],[-10122,-6462]],[[-29500,-41739],[-5586,11798],[-829,3037],[-281,6695],[116,1581],[2969,9477],[147,998],[-57,1417],[-1339,6948],[117,1129],[689,1250],[1495,1344],[3722,1809],[5293,3634],[236,130],[435,-109],[21,318],[-376,527],[71,197],[733,692],[464,1534],[932,949],[775,1119],[840,213],[1180,-332],[997,-3],[1386,280],[1457,546],[2209,188],[21,2454],[-2511,-77],[120,1440],[625,512],[-2834,2337],[2023,849],[1368,15],[-2405,4244],[-948,3104],[-272,2292],[-627,2404],[-1190,2816],[-225,1461],[352,389],[-4383,4899],[-1498,1335],[-2776,1597],[-6108,2538]],[[-32952,50236],[67746,-2088],[9359,-56],[19269,-780]],[[63422,47312],[0,0]],[[-94122,-42064],[-3020,-276],[-12433,167]],[[-237983,55561],[33453,-922],[1552,84],[123450,-3074],[46576,-1413]],[[-32952,50236],[0,0]],[[186587,-32147],[-202,-4795]],[[116975,-63978],[-17770,-7131],[-4777,6830],[1762,814],[-2919,5036],[1406,542],[-1798,2597],[-4328,-425],[-19389,17180],[-10262,315],[125,2218]],[[63422,47312],[45499,-864],[37360,-1018]],[[146281,45430],[0,0]]]}