{"type":"Topology","transform":{"scale":[1.0E-6,1.0E-6],"translate":[-73.22973934909757,42.70394457716349]},"objects":{"MA":{"geometries":[{"arcs":[[1,2,3,4,5,6,7]],"id":71,"type":"Polygon","properties":{"bound":{"minx":-73.30681255053669,"miny":42.626670482251676,"maxx":-73.16880463670557,"maxy":42.72562500781242},"Geoid10":"25003920102"}},{"arcs":[[8,9,-1,10,11]],"id":72,"type":"Polygon","properties":{"bound":{"minx":-73.27211152509706,"miny":42.6866161044582,"maxx":-73.16365751282387,"maxy":42.74744076026252},"Geoid10":"25003920101"}}],"type":"GeometryCollection"}},"arcs":[[[-43421,19910],[2933,259],[1100,-277],[2484,-1939],[1969,-2243],[483,-316],[1331,-355],[657,-353],[1350,-1725],[185,-475],[149,-702],[-159,-957],[171,-606],[1443,-1383],[3160,-2221],[1984,-839],[1696,-1227],[765,-148],[1687,117],[741,-175],[1513,-1260],[1893,-462],[1611,-1113],[1705,-465],[1693,-834],[1681,-1914],[1224,-960],[344,-696],[24,-2176],[-950,53],[195,-314],[742,-32],[-30,-330],[-1227,-2644],[-593,-2238],[475,-2123],[961,-1488],[1004,-735],[2688,-539],[1676,-801],[1135,329],[1328,605],[1595,3353],[2590,4735],[1118,3435],[1713,2028],[988,6084],[1065,1917],[2121,1260],[2502,673],[2041,1379],[2511,611],[724,374],[6115,-1363],[4113,-1135],[4696,-990],[4726,-3370],[3159,-3132],[3594,-2051],[1403,-286],[6971,-427]],[[53545,-2697],[-1066,-14209],[9489,-384],[-1986,-26481]],[[59982,-43771],[-1451,-25714]],[[58531,-69485],[-371,-5752]],[[58160,-75237],[-135404,3939]],[[-77244,-71298],[13097,34806],[20726,56402]],[[-43421,19910],[2933,259],[1100,-277],[2484,-1939],[1969,-2243],[483,-316],[1331,-355],[657,-353],[1350,-1725],[185,-475],[149,-702],[-159,-957],[171,-606],[1443,-1383],[3160,-2221],[1984,-839],[1696,-1227],[765,-148],[1687,117],[741,-175],[1513,-1260],[1893,-462],[1611,-1113],[1705,-465],[1693,-834],[1681,-1914],[1224,-960],[344,-696],[24,-2176],[-950,53],[195,-314],[742,-32],[-30,-330],[-1227,-2644],[-593,-2238],[475,-2123],[961,-1488],[1004,-735],[2688,-539],[1676,-801],[1135,329],[1328,605],[1595,3353],[2590,4735],[1118,3435],[1713,2028],[988,6084],[1065,1917],[2121,1260],[2502,673],[2041,1379],[2511,611],[724,374],[6115,-1363],[4113,-1135],[4696,-990],[4726,-3370],[3159,-3132],[3594,-2051],[1403,-286],[6971,-427]],[[53545,-2697],[0,0]],[[66173,40038],[-2338,-32151]],[[63835,7887],[-9469,452],[-821,-11036]],[[-43421,19910],[8204,22085],[15403,-110],[4329,-320],[81658,-1527]],[[66173,40038],[0,0]]]}