{"type":"Topology","transform":{"scale":[1.0E-6,1.0E-6],"translate":[-73.31599372469562,42.15884770294777]},"objects":{"MA":{"geometries":[{"arcs":[[9,10,11,-9,12]],"id":110,"type":"Polygon","properties":{"bound":{"minx":-73.50697391557162,"miny":42.0492848069616,"maxx":-73.39253282368033,"maxy":42.296788348393235},"Geoid10":"25003934300"}},{"arcs":[[13,14,-8,15,16]],"id":111,"type":"Polygon","properties":{"bound":{"minx":-73.43656760127324,"miny":42.04474931514297,"maxx":-73.29237427905288,"maxy":42.16164332013809},"Geoid10":"25003926100"}},{"arcs":[[-5,17,-7,18,19,20]],"id":173,"type":"Polygon","properties":{"bound":{"minx":-73.30250765963474,"miny":42.04136253967796,"maxx":-73.17566316701479,"maxy":42.174042696861946},"Geoid10":"25003933300"}},{"arcs":[[-4,-3,-1,-2,-6,21]],"id":194,"type":"Polygon","properties":{"bound":{"minx":-73.2895280931508,"miny":42.147189528568155,"maxx":-73.16087800036011,"maxy":42.286598000098095},"Geoid10":"25003933200"}}],"type":"GeometryCollection"}},"arcs":[[[72057,98277],[-13278,-15954],[-32856,-40290],[-507,-16514],[1435,-12039]],[[155115,127750],[-65270,-8020],[-17788,-21453]],[[26851,13480],[5440,-2560],[2737,-440],[159,-187],[621,2],[614,-172],[613,-396],[1077,192],[229,-170],[810,-54],[447,-167],[-32,-114],[1084,-29],[383,-477],[1807,-1422],[1789,-642],[24287,2884],[22611,-20388],[38165,5378]],[[129692,-5282],[-412,2200],[20496,1540],[-607,5608],[4804,15646],[-77,18468],[51,6523],[193,2171],[279,41823]],[[143775,-115506],[-5962,47859],[-8121,62365]],[[154419,88697],[-79,2584],[775,36469]],[[18904,362],[5871,-38525],[-13143,-14024],[8096,-59622]],[[-72987,1244],[672,-4925],[-5128,-50],[374,-2486],[-13675,-4235],[2421,-16395],[-30534,362],[6083,-11060],[8757,-17551],[-8201,-21944],[-6366,-27054],[-2166,-4214]],[[-86493,99636],[2390,13981],[-15362,7327],[39,12227],[-15887,4124]],[[-86493,99636],[6249,-33446],[-18123,271],[477,-22373],[1366,-10821],[-1277,-471],[-150,-5283],[2184,227],[3383,-26301],[19397,-195]],[[-72987,1244],[672,-4925],[-5128,-50],[374,-2486],[-13675,-4235],[2421,-16395],[-30534,362],[6083,-11060],[8757,-17551],[-8201,-21944],[-6366,-27054],[-2166,-4214]],[[-120750,-108308],[-52780,-933],[-7355,69],[-11086,35332],[-177,1250],[8579,23733],[2475,6293],[13672,38165],[52109,141694]],[[-86493,99636],[0,0]],[[18904,362],[5871,-38525],[-13143,-14024],[8096,-59622]],[[19728,-111809],[-129902,3446],[-10576,55]],[[-72987,1244],[91891,-882]],[[18904,362],[0,0]],[[143775,-115506],[-57580,1536],[-25662,918],[-37926,995],[-2879,248]],[[18904,362],[9822,-82],[-1875,13200]],[[26851,13480],[5440,-2560],[2737,-440],[159,-187],[621,2],[614,-172],[613,-396],[1077,192],[229,-170],[810,-54],[447,-167],[-32,-114],[1084,-29],[383,-477],[1807,-1422],[1789,-642],[24287,2884],[22611,-20388],[38165,5378]],[[129692,-5282],[0,0]],[[154419,88697],[0,0]]]}