{"type":"Topology","transform":{"scale":[1.0E-6,1.0E-6],"translate":[-70.52561678133073,41.390018820153415]},"objects":{"MA":{"geometries":[{"arcs":[[3,-3,4,5,6],[7],[8,9,10],[11,12],[13],[14]],"id":1128,"type":"Polygon","properties":{"bound":{"minx":-70.62173427988718,"miny":41.413721479552535,"maxx":-70.5471095651934,"maxy":41.47104221781113},"Geoid10":"25007200200"}},{"arcs":[[15,-2,16],[17],[18],[19],[20],[-1,21,22],[23,24]],"id":1129,"type":"Polygon","properties":{"bound":{"minx":-70.61602727354679,"miny":41.34762423323755,"maxx":-70.44581614384333,"maxy":41.42151487588303},"Geoid10":"25007200300"}}],"type":"GeometryCollection"}},"arcs":[[[-28062,24033],[-53,940]],[[-46727,24584],[-222,-10],[-1121,-822],[-41431,-101]],[[-74762,39745],[55,-136],[-1383,-1457],[-1477,-378],[-31,-1234],[-10511,10773],[-1744,2076],[-5834,5755],[6186,-31493]],[[-46727,24584],[-222,-10],[-1121,-822],[-41431,-101]],[[-74762,39745],[317,-172],[372,27],[0,615],[320,258],[-14,280],[-774,620],[-66,258],[1006,1401],[65,527],[715,1070],[496,242],[313,505],[1918,1450],[772,1115],[95,977],[1772,884],[1517,1263],[437,901],[-212,505],[1415,99],[1116,648],[241,357],[65,1027],[1525,840],[780,1340],[1590,1663],[50,637],[-518,1027],[131,373],[1211,363],[956,549],[1335,1405],[175,379],[306,911],[218,2081],[-124,1164],[-197,208],[-1603,1112],[-959,348],[-1256,88],[-1021,-549],[-358,-39],[-768,372]],[[-61403,68874],[-1011,478]],[[-62414,69352],[-126,588],[255,143],[2438,-368],[1314,413],[1517,1125],[795,813],[387,670],[598,230],[788,593],[2510,2438],[1518,1005],[175,335],[759,560],[445,143],[189,401],[1095,554],[168,242],[365,16],[320,257],[497,106],[-22,126],[643,148],[1766,1241],[810,72],[2700,-384],[1636,-577],[831,-532],[2300,-2514],[1051,-1521],[1000,-2465],[985,-1795],[241,-307],[664,-286],[-1562,-472],[-416,1340],[-1000,527],[-649,-1159],[22,-455],[-489,-698],[-576,-1515],[65,-450],[1226,-576],[2007,214],[387,1658],[686,702],[29,226],[562,192],[175,-769],[1131,-1521],[1044,352],[496,-33],[438,455],[-314,-609],[-569,-170],[-117,154],[-956,-269],[372,-1148],[701,-1306],[693,-681],[-321,-143],[1043,-1844],[-197,-39],[182,-867],[584,-538],[-336,-50],[416,-2497],[-1073,-1664],[511,-922],[-423,-500],[817,-3370],[291,-2416],[-1415,374],[372,1224],[-146,384],[577,346],[-51,379],[-329,159],[73,247],[-576,1817],[58,845],[278,615],[-394,440],[-132,-160],[198,-340],[-307,-368],[-270,-1070],[335,-972],[336,-132],[190,-401],[-168,-203],[22,-472],[-474,-422],[321,-627],[-37,-318],[-285,-653],[-809,-544],[14,-587],[204,-181],[380,33],[73,307],[394,374],[985,-258],[-794,-209],[-1067,-659],[-262,-774],[-380,-5171],[-1868,-181],[81,444],[-577,928],[-1057,895],[-642,209],[-1277,-138],[-1080,-499],[-1422,-110],[-700,746],[-256,-126],[278,-642],[-358,-911],[-1114,-944],[-46,-325],[-948,-823],[-904,-1318],[58,-444],[744,-374],[-671,72],[88,-253],[-722,-159],[-124,-802],[715,-669],[1211,-330],[394,-422],[466,175],[1226,-109],[-722,-988],[386,-1159],[-153,-1109],[168,-455],[-1320,-763],[-693,-780],[-248,-577],[-1137,-378],[-766,142],[-423,-82],[-883,-472],[-240,-291],[-1065,-357],[-598,-571],[-102,-417],[1430,-1307],[-270,-324],[139,-395],[-1058,-505],[-659,-1502]],[[-52929,69195],[-956,-143],[-36,-230],[-518,-286],[963,-268],[1350,582],[-277,400],[-526,-55]],[[-23475,26378],[-437,-220]],[[-23912,26158],[-533,159],[-670,1724],[-1823,2124],[-576,1521],[-1102,911],[-466,1614],[22,928],[-343,802],[-817,966],[-1306,950],[-116,1224],[292,631],[80,1290],[-204,736],[-351,488],[8,363],[1641,164],[671,-4523],[620,-1620],[2443,-4271],[4149,-5248],[-637,-507]],[[-22930,26584],[-545,-206]],[[-28062,24033],[-53,940]],[[-28115,24973],[797,422],[452,785],[518,82],[138,-554],[-145,-269],[-518,-593],[-839,-258],[-350,-555]],[[-38025,38263],[-14,-149],[554,319],[431,-110],[-460,-1285],[-430,-71],[-482,505],[95,286],[-314,312],[0,538],[489,127],[131,-472]],[[-40016,39146],[-431,302],[650,374],[116,-264],[-335,-412]],[[-81157,-40842],[-10,121],[-277,3],[-2415,35539],[-5642,28830]],[[-46727,24584],[732,-30],[161,379],[-321,258],[539,911],[248,110],[1452,-774],[685,-109],[299,142],[671,665],[-15,263],[-773,983],[0,285],[292,297],[890,368],[1035,757],[1787,181],[715,555],[1181,384],[583,560],[8,1180],[2407,357],[525,-269],[2158,-1926],[-21,-352],[-1218,-735],[408,-517],[1524,-1048],[22,-1104],[-277,-367],[-1561,-1038],[-1218,-159],[-1057,-983],[1364,-214],[1939,-1477],[416,-10],[73,175],[948,395],[438,-269],[598,-44],[160,-252],[518,-72],[1006,-1097],[-955,-906],[94,-741],[481,-654],[868,-433],[591,-149],[1662,105],[504,526],[415,-38],[328,220],[576,5],[547,-445],[343,170],[314,-137],[568,-582],[-722,-143],[-277,-1251],[-591,-6],[-226,-208],[481,-313],[-240,-434],[131,-214],[335,121],[270,637],[686,-555],[-110,-928],[-627,0],[-73,-137],[1247,-681],[824,-153],[896,-407],[642,-77],[933,50],[2312,592],[1961,-72],[431,203],[641,939],[795,154],[292,867],[453,510],[-824,94],[-1181,659],[561,274],[-386,264],[-744,-33],[-780,-329],[196,-357],[715,-494],[-29,-225],[-708,357],[-605,-198],[-532,373],[-299,346],[-87,599],[459,560],[-189,483],[-1210,494],[-1313,950],[-1597,610],[-2486,3112],[-1203,1263],[-678,357],[175,264],[926,263],[270,-33],[1655,-1828],[4134,-3020],[5906,-3158],[6773,-2543],[3026,-841],[3002,-368],[4981,-260],[648,-154],[664,-467],[809,-247],[-555,-598],[-525,-154],[-393,297],[415,54],[132,220],[-168,154],[-372,-82],[-554,-571],[14,-472],[2085,-611],[1195,-988],[-686,11],[-212,-867],[-685,-631],[604,-747],[1217,-775],[313,-615],[343,-269],[860,-110],[2822,531],[1021,0],[382,484],[577,-307],[580,366],[587,-887],[486,-274],[478,51],[81,586],[401,78],[-801,1258],[-487,1372],[-510,363],[-1261,561],[-1050,93],[-1809,-488],[-605,-587],[-437,242],[197,296],[401,192],[2399,592],[2012,-346],[911,-511],[400,-1593],[1325,-1795],[1164,-2905],[1136,-1357],[102,-939],[-183,-856],[-642,-428],[-1100,808],[0,483],[650,1658],[-662,917],[-285,126],[-326,1378],[-408,297],[-29,263],[-205,22],[-58,-532],[510,-434],[319,-1427],[-118,-1444],[-394,-478],[-146,-647],[-846,-231],[-955,259],[-423,-77],[-788,-774],[146,-296],[-124,-87],[-364,235],[-226,-131],[-124,77],[-124,-116],[386,-301],[-131,-104],[-182,121],[-460,-93],[-51,-236],[204,-214],[-321,-231],[-328,220],[-241,-88],[175,-406],[-321,-104],[-226,296],[-226,-99],[-102,-126],[518,-302],[-146,-176],[-1130,627],[-1481,-1339],[846,-423],[-95,-104],[-831,445],[-81,-956],[299,-659],[1675,-1779],[997,-1900],[547,-467],[1413,-577],[998,-824],[276,-955],[772,-1389],[-271,-1351],[956,-2516],[-511,-1455],[874,-500],[167,-258],[-817,-933],[-357,-1081],[-511,-757],[617,-2482],[-591,-1460],[-190,-1235],[-61,-2295],[408,-1148],[1936,-1752],[2870,-1813],[1209,-379],[2753,-474],[416,-395],[88,-478],[-1345,-2762],[-451,-20],[-1348,-455],[-423,-472],[-707,-22],[-2092,-1234],[-743,127],[73,609],[-765,-532],[-1909,94],[-889,-208],[-445,-318],[-211,-412],[-394,-187],[-5,-215],[2136,125],[5344,-374],[3106,284],[1719,-118],[3292,423],[987,394],[1530,-257],[5384,-118],[5129,1215],[444,-44],[416,-334],[-44,-138],[-794,-219],[561,-291],[1166,187],[371,368],[933,209],[2357,-908],[3710,231],[1250,211],[827,291],[169,195],[889,-549],[1144,-137],[262,225],[925,154],[306,198],[7,291],[-379,472],[656,5],[72,511],[503,33],[116,785],[-277,137],[-1311,-220],[809,-719],[22,-395],[-612,49],[-131,406],[-642,505],[7,291],[-751,1526],[-161,1104],[-379,109],[-2442,2404],[-80,-198],[-517,-88],[-401,643],[-664,543],[-817,1647],[-1283,1476],[-3302,981],[-568,-126],[-1713,71],[-3054,679],[-3877,350],[-6595,155],[51,154],[568,-11],[233,165],[-1334,521],[-437,5],[-94,-236],[795,-576],[-562,82],[-671,554],[-606,1224],[-715,774],[-4146,2109],[-633,417],[-998,1099],[-430,214],[-138,253],[693,384],[160,247],[-195,1235],[248,659],[-152,736],[-233,444],[-1942,1540],[964,735],[6,-867],[270,313],[671,296],[-605,593],[154,142],[510,-38],[-248,-132],[233,-258],[663,126],[940,-341],[1064,-121],[-240,768],[307,363],[1029,459],[196,500],[-103,906],[218,829],[-379,735],[618,758],[233,588],[-474,499],[-678,291],[-575,-59],[-423,-236],[-547,-829],