{"type":"Topology","transform":{"scale":[1.0E-6,1.0E-6],"translate":[-70.28101589344617,41.640402549356914]},"objects":{"MA":{"geometries":[{"arcs":[[9,10,11,-6,12],[13]],"id":210,"type":"Polygon","properties":{"bound":{"minx":-70.32236134781006,"miny":41.62458616943713,"maxx":-70.27201441336982,"maxy":41.65139669959982},"Geoid10":"25001012502"}},{"arcs":[[14,15,-4,16],[17,18]],"id":214,"type":"Polygon","properties":{"bound":{"minx":-70.22376473611241,"miny":41.63697137533438,"maxx":-70.18263373133026,"maxy":41.6725372949477},"Geoid10":"25001012002"}},{"arcs":[[19,20,-8,21,-9,22],[23]],"id":217,"type":"Polygon","properties":{"bound":{"minx":-70.27497849410308,"miny":41.60955050625623,"maxx":-70.21956245086963,"maxy":41.66404042344563},"Geoid10":"25001012102"}},{"arcs":[[-5,-3,24,25,-2,-1,-7,26]],"id":276,"type":"Polygon","properties":{"bound":{"minx":-70.37602331647957,"miny":41.624771377778984,"maxx":-70.30979630078328,"maxy":41.65800307324377},"Geoid10":"25001012700"}}],"type":"GeometryCollection"}},"arcs":[[[-58966,16969],[-10043,-466]],[[-69009,16503],[-1825,-141],[-2378,-417],[-12186,-3360],[-2217,-457],[-3710,-285],[-3197,146]],[[-39631,-9129],[1318,338],[32,662],[-173,828],[-1154,-131],[-552,492],[-947,4074],[212,167],[597,56],[-255,1316],[9012,835],[1658,-257],[755,-341],[-1120,2715],[-370,3016],[-532,685],[-440,1062],[-736,783],[-252,1099],[-911,1385],[205,589]],[[69103,25335],[3086,-3494],[-1059,-43],[-505,-1235],[-7,-681],[-1039,-530],[-2954,-2029],[-3646,-1577],[-1039,-1052],[296,-1412],[-937,-848],[-693,-226],[-762,-531],[-355,-685],[-404,-78],[-156,-631],[-343,-476],[-58,-540],[-1030,-281],[188,-274]],[[-33284,10244],[-1068,463]],[[-15213,7393],[-1056,-288],[-2631,282],[-2323,-227],[-830,70],[-7207,1216],[-1912,568],[-2112,1230]],[[-34352,10707],[-6992,2652],[-6330,3058],[-2016,621],[105,202],[-474,37],[-120,545],[-2316,-543],[-6471,-310]],[[7229,8366],[-457,-810]],[[10890,19897],[-3507,-10696]],[[-1313,7625],[-875,-1570],[364,-119],[509,81],[652,533],[1532,264],[12,160],[1371,413],[1304,764],[423,-629],[336,82],[92,-268],[9,-197],[-781,-1002],[-124,-490],[461,-933],[1719,-735],[1792,170]],[[7483,4149],[-353,-1174],[-2144,-60],[-974,-482],[-644,-527],[-425,44],[-599,653],[-220,0],[-410,-362],[505,88],[410,-484],[1324,-247],[-278,-263],[-323,-835],[-88,-1942],[950,-2647],[599,-873],[505,-313],[3322,-1126],[22,-247],[-1304,-2339],[-132,50],[359,604],[-424,411],[-3007,1742],[-1719,642],[-915,226],[-2202,225],[-51,-285],[-1793,138],[-966,230],[-571,-115],[-1661,248],[-1324,-115],[-271,-708],[-366,-55],[29,373],[-176,137],[-1822,165],[-1983,-323],[-205,-77],[51,-154],[-1010,-33],[-3600,-1114],[-1713,-785],[-688,-532],[-578,-785],[1324,148],[8,-93],[-1398,-159],[-8,-1944],[4353,-4030],[3794,-1176],[-3845,1105],[-4485,4134],[-5444,-883],[-227,-165],[-4968,-906],[-856,-236],[-834,-554],[-2129,-961],[-1237,-330],[-278,-27],[15,165],[-1961,664],[-1208,2201],[-2371,2564],[-59,214],[168,148],[564,-192],[893,-807],[1032,-88],[300,-175],[922,-824],[-132,-670],[842,-565],[197,60],[402,676],[-768,356],[-505,725],[1068,-16],[2123,922],[775,39],[593,208],[1390,-417],[271,-681],[-381,-296],[557,0],[892,-1203],[1105,-104],[732,209],[-849,0],[-439,176],[-739,774],[-344,631],[22,379],[834,571],[-292,609],[468,1054],[-703,-681],[-578,-1180],[-607,324],[-1090,154],[-527,466],[80,225],[-483,286],[-29,664],[622,505],[220,110],[483,-55],[475,198],[-51,313],[-307,302],[-981,428],[-29,159],[344,198],[-103,153],[-468,-43],[-439,-506],[-1164,-549],[242,-285],[1075,-264],[-482,-900],[-1493,-494],[-1010,236],[-549,-686],[-124,-538],[-681,55],[-1178,-423],[-603,346]],[[-39631,-9129],[1318,338],[32,662],[-173,828],[-1154,-131],[-552,492],[-947,4074],[212,167],[597,56],[-255,1316],[9012,835],[1658,-257],[755,-341],[-1120,2715],[-370,3016],[-532,685],[-440,1062],[-736,783],[-252,1099],[-911,1385],[205,589]],[[-15213,7393],[-80,-277],[790,-181],[1948,665],[3128,-38],[6110,2728],[3367,800],[-364,-1255],[-999,-2210]],[[-33510,-8416],[329,-812],[-864,82],[-1917,-1081],[-505,-88],[-936,192],[-447,236],[432,225],[666,55],[849,511],[483,538],[768,66],[864,428],[278,-352]],[[91079,32079],[395,-848],[378,536],[1245,-1874],[1838,-1644],[904,-1135],[81,-760],[2278,-659]],[[98198,25695],[-756,-1259],[-417,-1186],[-1018,-747],[-1464,-346],[-813,-389],[-1171,-1263],[-169,-472],[-175,44],[-161,-286],[219,-104],[-293,-324],[-290,244],[-134,-74],[381,-351],[-410,-857],[-1157,-417],[-1581,-1312],[-2540,-1269],[-205,-505],[-1025,-516],[-520,-477],[-1126,-3053],[-652,-813],[-446,-1262],[117,-989],[842,-752],[-190,-1087],[564,-653],[-7,-258],[-213,0],[249,-126],[-21,-1208],[-125,143],[-476,-22],[-3630,-424],[-468,-98],[14,-149],[-1193,-181],[8,-110],[-666,71],[-542,-192],[-725,6],[-2290,-588],[-5100,-2180],[-505,-362],[-630,-154],[-3219,-1621],[-2546,-978],[-1303,-253],[-520,390],[666,720],[402,1416],[1134,77],[-15,176],[-900,-28],[197,599],[1135,158],[0,154],[-1098,-28],[-359,423],[241,219],[1347,138],[-22,192],[-1222,-60],[87,510],[974,226],[-52,170],[-900,-50],[-550,2954],[-828,702],[-637,1015],[-667,385],[-15,444],[988,292],[-307,587],[-1113,-313],[-124,516],[-376,192]],[[69103,25335],[4019,307],[1099,232],[2201,-226],[388,252],[541,6],[15,390],[1113,-374],[403,6],[1237,1010],[87,747],[345,236],[373,631],[1201,-186],[-279,-653],[945,-253],[556,231],[374,911],[842,242],[483,532],[1450,-197],[1230,231],[1508,1603],[754,137],[395,889],[403,183],[293,-143]],[[85604,7818],[2717,65]],[[88321,7883],[-2510,-835],[-542,-922],[-14,-1861],[-132,-11],[14,1872],[644,1087],[-519,192],[342,413]],[[31154,19391],[2117,126],[3398,847],[1593,-4023],[345,-1304],[256,-1665],[63,-3148],[9219,-513],[2328,-292],[4692,-886],[2447,163]],[[57612,8696],[238,-643],[585,-489],[1,-516],[556,-461],[352,-790],[-73,-604],[535,-126],[66,-253],[563,-65],[227,-357],[-724,-544],[732,-291],[-300,-137],[527,-746],[-131,-242],[256,-307],[-183,-187],[74,-324],[-469,-242],[147,-461],[-234,-368],[249,-657],[-87,-385],[-249,-159],[22,-747],[-871,231],[-819,-325],[-505,-16],[-418,93],[-659,516],[-746,38],[-454,-275],[-226,-389],[-314,-1115],[-1515,-813],[-139,137],[680,1175],[-44,829],[-652,911],[-1047,416],[-359,-274],[-402,0],[-841,-659],[-578,-132],[-549,-483],[-468,-890],[60,-1317],[124,-406],[923,-39],[329,-263],[190,286],[410,-88],[556,291],[856,-208],[1252,154],[1104,747],[666,242],[395,774],[-88,862],[87,143],[220,-11],[1471,-571],[1801,-5],[-775,-1444],[541,-329],[608,-1037],[-1441,-122],[-673,-208],[-1449,-72],[-3125,-660],[-1514,-638],[124,-318],[-5963,-1397],[-863,-439],[-124,-363],[-1032,-121],[-2897,-940],[-812,-66],[-2941,-886],[-3291,-1489],[-629,-522],[-2470,-1366],[-747,-483],[81,-93],[-1731,-1053],[117,-143],[-945,-609],[-29,-291],[-1025,-669],[-2497,-2140],[-542,-1274],[87,-680],[409,-456],[1244,-138],[205,-324],[-542,-455],[-571,-857],[-551,-1756],[-1457,-1976],[-454,-1081],[-820,-505],[-769,-812],[-1916,-137],[-2283,-526],[-541,0],[-578,-236],[-410,99],[-1426,1615],[206,1510],[-109,691],[-453,764],[-73,1065],[-438,478],[-190,730],[-505,401],[-102,620],[-460,451],[44,905],[498,472],[169,923],[271,373],[8,1087],[-212,675],[-1002,1724],[824,1532],[681,384],[307,730],[1347,373],[-564,-686],[439,5],[469,252],[315,659],[878,313],[1515,87],[2436,-358],[1303,280],[490,-39],[519,-632],[-197,-126],[-512,429],[-622,-99],[-242,-357],[73,-653],[-184,-379],[-929,-164],[-933,-653],[-1529,-488],[-542,-33],[-424,-247],[-1032,308],[-497,-11],[-718,-433],[-388,-637],[95,-346],[695,-340],[1302,318],[227,318],[549,-494],[292,-610],[658,-258],[1222,-121],[702,-281],[556,6],[388,219],[491,-55],[584,-642],[-139,-681],[241,-94],[417,258],[155,752],[-373,363],[-498,93],[96,286],[-227,445],[323,1372],[-138,823],[1474,389],[681,527],[183,873],[857,790],[-168,247],[-329,-11],[-410,-713],[-220,88],[726,1608],[286,1312],[1355,1520],[1164,702],[586,308],[483,65],[432,307],[373,-181],[775,-1049],[-1194,-795],[-124,-209],[197,-253],[-359,-439],[351,-5],[0,-214],[1098,-182],[468,329],[-65,571],[417,126],[257,291],[3707,-797],[2736,1028],[1595,