{"type":"Topology","transform":{"scale":[1.0E-6,1.0E-6],"translate":[-69.99053980194383,41.861132551786184]},"objects":{"MA":{"geometries":[{"arcs":[[2,3,4,5,6],[7,8],[9],[10],[11],[12],[13],[14,15],[16,17],[18]],"id":208,"type":"Polygon","properties":{"bound":{"minx":-70.0101669613713,"miny":41.79550431531223,"maxx":-69.93532892209863,"maxy":41.85920698713153},"Geoid10":"25001010304"}},{"arcs":[[19,20,-2,21],[22],[23],[24]],"id":216,"type":"Polygon","properties":{"bound":{"minx":-70.0792666611904,"miny":41.87727161804666,"maxx":-69.95457872462914,"maxy":41.966231763831956},"Geoid10":"25001010206"}},{"arcs":[[25,26,-1,27,28]],"id":219,"type":"Polygon","properties":{"bound":{"minx":-70.01031641182747,"miny":41.83845587210278,"maxx":-69.94747529073572,"maxy":41.87989929887183},"Geoid10":"25001010306"}}],"type":"GeometryCollection"}},"arcs":[[[33870,18891],[-24002,-2998],[-2153,361],[-1314,-225],[-3174,300],[-1293,-231],[-867,88],[-1673,-671],[-1777,-484],[-1521,378],[-1307,-314],[-353,61],[-970,230],[-22,280],[-448,-110],[-228,411],[-110,-604],[-323,-16],[-360,192],[-360,-215],[-162,159],[95,374],[-1296,572],[-771,-307],[-595,-43],[-323,384],[-287,-241],[-492,241],[-8,-450],[-469,390],[-427,-159],[-279,236],[-558,1],[-107,279],[-743,370],[544,863]],[[-6189,105661],[-31341,-2797],[-10730,-1129],[-38669,-5047]],[[39969,-1717],[2761,-8040],[1830,-4644],[1101,-3519],[228,-1587],[823,-1894],[639,-2515],[0,-790],[1183,-3777],[117,-1554],[1116,-4238],[287,-3898],[639,-4151],[-176,-1905],[-491,-439],[-155,-1142],[-1408,-813],[-1343,-1323],[-257,22],[-140,1142],[169,357],[1203,681],[1021,291],[-125,307],[-1402,5],[-316,220],[-139,417],[220,291],[1086,593],[52,242],[-625,1175],[206,324],[719,428],[433,1142],[-646,747],[-712,417],[-727,1993],[-352,22],[-198,-242],[-375,324],[52,362],[389,269],[-191,297],[198,604],[-140,1032],[-1659,2476],[-352,170],[-456,604],[-103,867],[-771,890],[-683,2141],[-1388,2651],[337,1647],[778,796],[404,747],[440,231],[-29,488],[690,1066],[51,631],[-257,461],[-264,154],[-749,-72],[-1116,242],[-1579,785],[-653,-341],[-947,126],[-566,-252],[-2414,-3119],[-206,-544],[-168,-1954],[-3537,-2312],[-1211,-1296],[-690,-242],[-1534,-127],[-1895,417],[-1746,-731],[-1454,-187],[-1637,873],[-698,724],[660,1423],[-191,345],[-1285,637],[-690,-440],[-1079,-165],[-580,-571],[-58,-560],[764,-1229],[455,-181],[389,33],[1153,478],[888,-884],[1873,-713],[513,44],[236,-214],[-221,-357],[-1218,-681],[0,-363],[301,-247],[-249,-137],[191,-554],[-257,-94],[96,-318],[-565,-132],[220,-242],[-249,-120],[-213,-440],[331,-845],[-587,-280],[36,-231],[492,6],[221,-527],[565,6],[-176,-242],[206,-121],[-154,-346],[183,-104],[-44,-417],[206,-39],[660,676],[-389,384],[-74,961],[-477,236],[-111,236],[15,274],[352,346],[250,-93],[1065,-1081],[1102,-2141],[-220,-637],[-426,-467],[272,-186],[66,-319],[1249,-850],[513,-55],[2019,-1032],[1798,-164],[537,-829],[308,66],[551,-813],[-579,-2591],[1329,-1543],[-198,-192],[-1402,-242],[-132,747],[139,368],[-315,-291],[-59,-401],[-1901,-846],[-330,686],[-639,220],[676,-697],[-169,-1098],[-1900,-1324],[44,527],[-1430,-1203],[-140,77],[440,1274],[-374,-126],[-851,-714],[-125,-407],[104,-2300],[331,-1027],[-176,-532],[-873,-335],[-1775,-1615],[-1343,-324],[-983,312],[-990,-406],[-902,-829],[-206,-593],[-983,-325],[-1107,-1713],[-2039,-687],[-1041,-1065],[-1511,-693],[-623,-736],[-315,-1493],[8,-846],[360,-708],[82,-922],[-899,-607]],[[8887,-66004],[-1231,1460]],[[7656,-64544],[-1871,2603],[-2655,3249],[-5826,-3834],[-851,77],[-1247,-177],[-1145,1120],[-338,10],[-616,-280],[-1108,214],[-257,-269],[-778,66],[-146,588],[-558,-296],[-455,220],[-411,-110],[221,390],[-125,280],[-404,-307],[-682,-28],[-1357,276]],[[-12953,-60752],[-858,401],[-506,911],[-213,99],[-469,-98],[-390,-412],[-521,-889],[-155,-642],[-469,27],[-990,748],[-1042,280],[-293,308],[-631,258],[925,549],[323,686],[1762,1322],[213,263],[273,1241],[697,285],[500,741],[1094,362],[1093,104],[991,455],[587,109],[808,642],[154,346],[-212,593],[-1225,369],[477,208],[125,428],[-1232,616],[81,153],[1966,-259],[512,-1581],[235,-198],[423,152],[659,747],[485,-104],[719,193],[22,-675],[-909,-352],[-455,-588],[558,-175],[954,253],[521,-242],[456,-905],[800,44],[785,-164],[646,165],[102,143],[-631,658],[234,154],[1248,-274],[602,-422],[492,-126],[352,153],[565,-389],[382,121],[410,-137],[-359,285],[-381,-49],[-500,450],[-455,-237],[-631,203],[-426,450],[-1306,170],[-455,-292],[529,-642],[-88,-109],[-440,-94],[-661,197],[-697,-44],[-434,812],[-492,318],[-1269,-225],[293,368],[946,505],[-7,659],[-331,329],[-675,-203],[-653,43],[-506,-642],[-466,-295],[-270,1642],[-337,197],[-932,105],[-836,297],[-536,-99],[-324,-559],[991,-473],[124,-242],[-448,-214],[-976,-76],[-132,-873],[726,-330],[-169,-115],[-551,61],[-1195,1044],[-1018,1675],[389,296],[-704,708],[125,709],[228,153],[470,-28],[1137,-340],[1123,548],[-58,587],[565,297],[1162,2151],[712,521],[978,1768],[682,548],[491,785],[1645,-773],[836,686],[132,-269],[-682,-604],[419,-417],[-7,-395],[1196,176],[228,-186],[381,66],[-580,340],[-389,-171],[-374,55],[-212,-159],[-45,483],[-301,181],[711,659],[-367,472],[146,137],[265,6],[-81,-346],[243,-120],[704,241],[-15,308],[-425,-379],[-250,-33],[36,428],[-455,60],[-557,-297],[-302,533],[-146,-149],[198,-686],[-454,-340],[-984,707],[-624,-11],[-477,-577],[-1063,-459],[-404,-335],[529,675],[23,280],[-242,620],[-382,187],[234,-1032],[-632,-785],[44,-911],[-500,-538],[-734,-137],[-345,-472],[-1263,-103],[-264,307],[-387,1818],[295,2179],[-204,1274],[156,2360],[258,698],[-56,4326],[-447,802],[200,1520],[-238,5090],[-227,889],[-130,2828],[-286,604],[-252,1951]],[[-14874,-18135],[2294,312],[-203,477],[6686,691],[35,923],[3641,277],[2949,811],[3103,1138],[6509,-6799],[1464,-978],[2551,-1182],[983,-641],[1921,144],[1178,631],[752,218],[1161,-37],[1668,-521],[2399,553],[2137,1134],[2066,489],[720,349],[825,786],[601,1243],[924,1077],[897,633],[1345,612],[4775,1030],[2084,-229],[1056,19],[565,176],[-84,886],[-1417,3991],[-2406,3386],[-869,4371],[-32,214],[107,-130],[456,82],[41,154],[1961,128]],[[43723,-49362],[-3318,552]],[[40405,-48810],[-558,1215],[601,702],[-344,-99],[-352,-461],[-265,-55],[-2760,2481],[-2180,384],[-1622,467],[-719,439],[-206,318],[66,676],[140,-445],[154,-11],[300,1987],[-705,1516],[851,-324],[272,-533],[624,-389],[132,120],[-95,637],[440,182],[235,296],[-969,-297],[-162,533],[-315,-192],[-1329,318],[-367,593],[36,1059],[308,286],[287,-302],[565,-170],[418,522],[367,-154],[499,22],[-110,225],[-345,-50],[-29,330],[-265,-159],[-264,252],[-301,-653],[-396,-50],[-154,341],[73,203],[1270,653],[689,687],[1102,-33],[161,-445],[-301,-582],[-278,-142],[95,-566],[183,132],[-102,318],[535,703],[294,-104],[242,-769],[221,-159],[-155,686],[-455,709],[-7,208],[271,132],[822,-110],[977,-428],[1211,-60],[1468,-615],[2400,-2124],[1226,-1345],[-102,-324],[-668,-104],[-1197,345],[-345,187],[-44,297],[-1049,5],[-888,-719],[-1130,-325],[-463,-494],[-697,-241],[551,60],[2040,818],[492,-16],[-22,467],[455,230],[2011,-922],[1431,181],[639,-1076],[440,-1526],[-1027,-214],[-499,115],[-551,-702],[-455,-138],[-447,-478],[110,-93],[345,170],[132,313],[425,33],[147,385],[404,291],[763,-22],[257,170],[411,-154],[103,-527],[-198,-807],[250,-1081],[-1328,-2757],[-403,-405]],[[37346,-27634],[2724,-1394],[1321,-883],[654,-648],[2445,-2860],[88,-917],[-514,-445],[-616,-269],[-727,-66],[-932,598],[-1270,445],[-375,269],[-991,66],[-139,192],[-1094,-39],[-2136,439],[-800,-110],[-844,263],[-478,418],[-286,873],[88,680],[293,-44],[162,-560],[257,39],[176,373],[-390,1301],[-352,193],[169,203],[873,154],[411,241],[220,1142],[404,-587],[507,115],[227,242],[-103,197],[-653,275],[110,269],[-309,379],[500,-231],[293,-428],[206,49],[-243,412],[-572,351],[132,105],[1564,-802]],[[38593,-24142],[448,72],[389,379],[345,-6],[565,-296],[52,-467],[-235,-198],[-1549,171],[616,-335],[507,55],[396,-143],[309,110],[102,-104],[15,-275],[507,-576],[624,-1444],[507,-703],[184,-1438],[-176,-132],[-1013,357],[-1337,1251],[191,280],[-1439,598],[-433,