{"type":"Topology","transform":{"scale":[1.0E-6,1.0E-6],"translate":[-70.56823311592946,41.44072271014359]},"objects":{"MA":{"geometries":[{"arcs":[[1,-1,2,3,4],[5],[6,7,8],[9,10],[11],[12]],"id":1128,"type":"Polygon","properties":{"bound":{"minx":-70.62173427988718,"miny":41.413721479552535,"maxx":-70.5471095651934,"maxy":41.47104221781113},"Geoid10":"25007200200"}}],"type":"GeometryCollection"}},"arcs":[[[-32145,-10958],[55,-136],[-1383,-1457],[-1477,-378],[-31,-1234],[-10511,10773],[-1744,2076],[-5834,5754],[6186,-31492]],[[-4110,-26119],[-222,-10],[-1121,-822],[-41431,-101]],[[-32145,-10958],[317,-172],[372,27],[0,615],[320,258],[-14,280],[-774,620],[-66,258],[1006,1401],[65,527],[715,1070],[496,242],[313,505],[1918,1450],[772,1115],[95,977],[1772,884],[1517,1262],[437,901],[-212,505],[1415,99],[1116,648],[241,357],[65,1027],[1525,840],[780,1340],[1590,1663],[50,637],[-518,1027],[131,373],[1211,363],[956,549],[1335,1405],[175,379],[306,911],[218,2081],[-124,1164],[-197,208],[-1603,1112],[-959,348],[-1256,88],[-1021,-549],[-358,-39],[-768,372]],[[-18786,18170],[-1011,478]],[[-19797,18648],[-126,588],[255,143],[2438,-368],[1314,413],[1517,1125],[795,813],[387,670],[598,230],[788,593],[2510,2438],[1518,1005],[175,335],[759,560],[445,143],[189,401],[1095,554],[168,242],[365,16],[320,257],[497,106],[-22,126],[643,148],[1766,1241],[810,72],[2699,-384],[1636,-577],[831,-532],[2300,-2514],[1051,-1521],[1000,-2465],[985,-1795],[241,-307],[664,-286],[-1562,-472],[-416,1340],[-1000,527],[-649,-1159],[22,-455],[-489,-698],[-576,-1515],[65,-450],[1226,-576],[2007,214],[387,1658],[686,702],[29,226],[562,192],[175,-769],[1131,-1521],[1044,352],[496,-33],[438,455],[-314,-609],[-569,-170],[-117,154],[-956,-269],[372,-1148],[701,-1306],[693,-681],[-321,-143],[1043,-1844],[-197,-39],[182,-867],[584,-538],[-336,-50],[416,-2497],[-1073,-1664],[511,-922],[-423,-500],[817,-3370],[291,-2415],[-1415,374],[372,1223],[-146,384],[577,346],[-51,379],[-329,159],[73,247],[-576,1817],[58,845],[278,615],[-394,440],[-132,-160],[198,-340],[-307,-368],[-270,-1070],[335,-972],[336,-132],[190,-401],[-168,-203],[22,-472],[-474,-422],[321,-627],[-37,-318],[-285,-652],[-809,-544],[14,-587],[204,-181],[380,33],[73,307],[394,374],[985,-258],[-794,-209],[-1067,-659],[-262,-774],[-380,-5171],[-1868,-181],[81,444],[-577,928],[-1057,895],[-642,209],[-1277,-138],[-1080,-499],[-1422,-110],[-700,746],[-256,-126],[278,-642],[-358,-911],[-1114,-944],[-46,-325],[-948,-823],[-904,-1318],[58,-444],[744,-374],[-671,72],[88,-253],[-722,-159],[-124,-802],[715,-669],[1211,-330],[394,-422],[466,175],[1226,-109],[-722,-988],[386,-1159],[-153,-1109],[168,-455],[-1320,-763],[-693,-780],[-248,-577],[-1137,-378],[-765,142],[-423,-82],[-883,-472],[-240,-291],[-1065,-357],[-598,-571],[-102,-417],[1430,-1307],[-270,-324],[139,-395],[-1058,-505],[-659,-1502]],[[-10312,18491],[-956,-143],[-36,-230],[-518,-286],[963,-268],[1350,582],[-277,400],[-526,-55]],[[19141,-24325],[-437,-220]],[[18704,-24545],[-533,159],[-670,1724],[-1823,2124],[-576,1521],[-1102,911],[-466,1614],[22,928],[-343,802],[-817,966],[-1306,950],[-116,1224],[292,631],[80,1290],[-204,736],[-351,488],[8,363],[1641,164],[671,-4523],[620,-1620],[2443,-4271],[4149,-5248],[-637,-507]],[[19686,-24119],[-545,-206]],[[14554,-26670],[-53,940]],[[14501,-25730],[797,422],[452,785],[518,82],[138,-554],[-145,-269],[-518,-593],[-839,-258],[-350,-555]],[[4591,-12440],[-14,-149],[554,319],[431,-110],[-460,-1285],[-430,-71],[-482,505],[95,286],[-314,312],[0,538],[489,127],[131,-472]],[[2600,-11557],[-431,302],[650,374],[116,-264],[-335,-412]]]}