{"type":"Topology","transform":{"scale":[1.0E-6,1.0E-6],"translate":[-70.16232736090275,41.74206724006053]},"objects":{"MA":{"geometries":[{"arcs":[[12,-7,-4,13,14,15]],"id":293,"type":"Polygon","properties":{"bound":{"minx":-70.1819343259305,"miny":41.70129647705775,"maxx":-70.12398025583161,"maxy":41.76033547781783},"Geoid10":"25001011400"}},{"arcs":[[-2,-5,-11,-8,16,-9,17,-10,18,19,20]],"id":294,"type":"Polygon","properties":{"bound":{"minx":-70.24101803608498,"miny":41.71340238721422,"maxx":-70.16784182024138,"maxy":41.75206544349531},"Geoid10":"25001011300"}},{"arcs":[[-6,-3,21,-1,11]],"id":296,"type":"Polygon","properties":{"bound":{"minx":-70.14664923059627,"miny":41.70628995057001,"maxx":-70.04376994356022,"maxy":41.77844822094439},"Geoid10":"25001010800"}}],"type":"GeometryCollection"}},"arcs":[[[77405,-16021],[299,958],[4039,6592],[4120,7652],[4504,8989],[1076,1980],[506,443],[9,605],[876,1839],[634,828],[4757,3650],[1629,939],[4731,3439],[7074,4613],[2489,1305],[4120,1569],[124,947],[-367,652],[-3109,-380],[-154,2095],[108,1480],[-288,981],[-82,1277]],[[-6177,-21812],[-1344,1294],[-1131,1759],[-3159,2452],[-1389,3283],[-374,505],[-707,529],[-89,929],[-462,921],[498,2030],[175,1966],[249,217],[-671,3496],[2321,831],[256,138],[-55,322],[-708,1547],[-355,3466],[-2958,1414],[-703,1752],[-1042,822],[-758,954],[209,219]],[[31384,10906],[-374,-82],[-103,-395],[315,-451],[418,-132],[-162,-532],[-476,264],[-521,-253],[124,-274],[-183,-82],[-337,433],[-388,-76],[-396,198],[-411,-505],[652,-34],[102,-527],[-1070,242],[-374,-263],[198,-395],[-425,0],[-220,181],[-158,-674],[-293,66],[-241,318],[-323,-49],[-484,-478],[-1020,-279],[184,-324],[-345,-236],[-425,39],[80,-495],[-982,17],[-469,187],[-323,-192],[-330,159],[73,-324],[-205,-263],[-220,0],[-95,390],[-631,-241],[-308,-604],[-660,159],[-609,-433],[-300,93],[-308,-247],[-1386,-307],[-1020,-1251],[315,-566],[-792,-697],[449,-168],[11553,-37753]],[[-6177,-21812],[1901,-3166],[110,-859],[-180,-1095],[490,-2336],[3889,461],[2559,-179],[3158,-857],[2711,308],[447,-2246],[3945,-2463],[8872,-2624],[1322,-741],[4417,-3082],[1562,-558],[1124,-104]],[[-22445,-29200],[752,123],[736,344],[2727,2269],[5359,2585],[1199,408],[3687,782],[1808,877]],[[28480,-35930],[37476,9864],[2321,8501],[7227,1439],[563,252],[1338,-147]],[[30150,-41353],[-1670,5423]],[[-50147,-17538],[404,-62],[-154,-460],[462,-318],[476,307],[324,-307],[518,-46],[215,278],[386,89],[-191,-390],[91,-206],[646,-276],[283,112],[-9,336],[437,345],[268,-565],[220,186],[-77,216],[732,67],[950,-222],[-29,-472],[454,159],[133,-417],[800,358],[330,-128],[629,191],[422,-112],[629,589],[-162,216],[754,51],[159,318],[330,-161],[288,165],[308,-212],[-110,-170],[337,81],[319,-410],[587,-12],[3280,-2065],[-1047,-2617],[-356,-442]],[[-51050,-18745],[98,-29]],[[-53926,-17130],[296,-67]],[[-36111,-23544],[12488,-5743],[1178,87]],[[77405,-16021],[0,0]],[[31384,10906],[-374,-82],[-103,-395],[315,-451],[418,-132],[-162,-532],[-476,264],[-521,-253],[124,-274],[-183,-82],[-337,433],[-388,-76],[-396,198],[-411,-505],[652,-34],[102,-527],[-1070,242],[-374,-263],[198,-395],[-425,0],[-220,181],[-158,-674],[-293,66],[-241,318],[-323,-49],[-484,-478],[-1020,-279],[184,-324],[-345,-236],[-425,39],[80,-495],[-982,17],[-469,187],[-323,-192],[-330,159],[73,-324],[-205,-263],[-220,0],[-95,390],[-631,-241],[-308,-604],[-660,159],[-609,-433],[-300,93],[-308,-247],[-1386,-307],[-1020,-1251],[315,-566],[-792,-697],[449,-168],[11553,-37753]],[[-6177,-21812],[-1344,1294],[-1131,1759],[-3159,2452],[-1389,3283],[-374,505],[-707,529],[-89,929],[-462,921],[498,2030],[175,1966],[249,217],[-671,3496],[2321,831],[256,138],[-55,322],[-708,1547],[-355,3466],[-2958,1414],[-703,1752],[-1042,822],[-758,954],[209,219]],[[-18374,9034],[2896,606],[3541,1153],[1892,729],[1180,648],[1356,88],[2875,944],[1452,642],[1539,-34],[873,-313],[2778,702],[1789,-296],[2449,526],[58,-571],[682,-308],[278,-411],[1767,-385],[608,-895],[-73,-478],[322,-236],[-242,-220],[-1166,-329],[-477,-1103],[-447,-258],[-81,-390],[190,-532],[-267,-1164],[205,-412],[220,-77],[895,615],[1052,2009],[807,1120],[198,982],[631,192],[-1166,539],[-1216,1186],[-857,1658],[344,-198],[1254,-258],[2493,301],[2537,916],[2655,1152],[1233,697],[755,16],[1995,532],[711,-313],[1129,-138],[652,-401],[499,-33],[1664,323],[1497,740],[498,94],[499,-264],[1884,-265],[814,-346],[1481,-132],[2558,-534],[646,107],[2280,-37],[60,-386],[-508,-492],[-265,-1032],[-1716,-148],[-1218,-828],[-484,-143],[-410,77],[-236,-488],[-1107,-697],[-176,-351],[-763,-329],[-309,-664],[557,-237],[455,6],[87,-390],[352,-77],[15,-127],[-1195,292]],[[31384,10906],[0,0]],[[-50147,-17538],[-277,-68],[-528,-1168]],[[-51050,-18745],[-472,505],[761,849],[-368,363],[-713,-436],[-710,177],[-119,317],[-234,69],[-571,-115],[-154,-181]],[[-53926,-17130],[-450,201],[-517,-584],[-766,-170],[-147,-561],[176,-555],[600,-229],[377,303],[298,-185],[-101,-254],[-531,-310],[-2277,-169],[-972,1239],[-249,23]],[[-58485,-18381],[339,1138],[258,-117],[200,462],[-476,785],[491,104],[-287,736],[293,5],[550,-395],[359,418],[323,82],[249,-439],[213,-44],[681,439],[-66,346],[-279,-357],[-469,-104],[-80,368],[-184,88],[-857,-484],[-359,362],[-301,77],[-344,-543],[235,-462],[-1928,390],[-44,488],[887,110],[212,769],[-784,44],[-323,345],[-205,604],[578,61],[1063,-472],[440,423],[22,247],[-528,-428],[-593,159],[-198,236],[-733,16],[-293,-187],[227,-757],[484,-461],[543,27],[7,-225],[-234,-329],[-550,60],[-205,-132],[15,-1054],[-827,-785],[-455,-215],[-916,362],[-1987,1328],[-733,768],[-81,511],[212,626],[850,604],[417,604],[1084,418],[1005,-197],[644,669],[176,879],[593,308],[249,433],[-176,138],[330,494],[-557,-522],[117,-192],[-161,-269],[-615,-286],[-66,-713],[-483,-511],[-308,-160],[-792,143],[-1135,-363],[-1831,-1741],[-411,434],[-1019,526],[-1789,461],[-645,-50],[-857,-571],[-337,44],[-147,312],[425,478],[-103,170],[-264,11],[-505,-379],[37,-466],[433,-407],[-66,-230],[-380,422],[-364,-242],[162,-292],[487,-25],[-161,-171],[-227,66],[88,-423],[-489,290],[-253,-202],[221,-250],[492,47],[-51,-329],[-829,82],[-381,367],[549,1357],[-411,115],[-753,-1653],[176,-165],[1920,-603],[96,-203],[-293,-944],[-798,-429],[-2162,71],[-1430,455],[-396,296],[-279,834],[-176,-351],[-1898,493],[109,785],[505,802],[2717,2774],[2168,1790],[872,209],[1429,654],[7063,3714],[-132,247],[1275,286],[256,198],[-154,170],[1715,495],[4257,2422],[2155,873],[21843,7327],[2385,990],[3578,1208],[147,-94],[-565,-208],[-29,-149],[990,-472],[557,-609],[1517,-318],[2786,186],[2552,459]],[[-18374,9034],[0,0]],[[31384,10906],[-81,-121],[389,-203],[872,-275],[264,192],[81,390],[-469,516],[-762,154],[-81,220],[184,208],[682,231],[484,636],[1995,839],[448,483],[873,406],[1780,53],[271,642],[931,385],[1054,1313],[638,49],[909,303],[1158,796],[1473,578],[1144,231],[1576,-494],[741,264],[-28,-1120],[-469,-450],[-470,-105],[-366,93],[-176,-115],[74,-560],[198,-203],[-301,-231],[-28,-576],[609,-900],[836,-181],[-103,-231],[-732,-478],[-29,-329],[146,-49],[491,192],[-432,-55],[-74,121],[587,379],[307,439],[-396,280],[-491,-22],[-632,922],[73,395],[323,297],[-235,680],[821,122],[630,565],[-37,451],[263,691],[-242,231],[-784,-335],[219,774],[3577,1209],[1115,132],[1188,-197],[2397,600],[4788,1605],[95,-99],[4018,1363],[117,-66],[1613,742],[95,-110],[565,209],[997,576],[1576,434],[1657,759],[822,82],[2500,-296],[1042,94],[938,-93],[1973,577],[1012,16],[2529,1060],[3227,1845],[117,-71],[1159,385],[147,-72],[1085,396],[264,-66],[1093,604],[674,-143],[1775,198],[580,-637],[1085,-417],[1687,121],[2031,428],[8699,2981],[1642,434],[2318,1048],[565,17],[1005,346],[374,291],[880,87],[1989,666]]]}