{"type":"Topology","transform":{"scale":[1.0E-6,1.0E-6],"translate":[-72.80176099250035,42.62831221201314]},"objects":{"MA":{"geometries":[{"arcs":[[7,8,-6,9,10,11,-7,12,13,14,15]],"id":73,"type":"Polygon","properties":{"bound":{"minx":-73.09501754860416,"miny":42.540074697564506,"maxx":-72.94964855701139,"maxy":42.7427729188945},"Geoid10":"25003931300"}},{"arcs":[[16,17,18,19,20]],"id":520,"type":"Polygon","properties":{"bound":{"minx":-72.84832960492308,"miny":42.551093798078455,"maxx":-72.63294199986099,"maxy":42.645363000046125},"Geoid10":"25011041502"}},{"arcs":[[21,22,23,24,25,-4,26]],"id":523,"type":"Polygon","properties":{"bound":{"minx":-72.87484251845162,"miny":42.44462120533999,"maxx":-72.6497439623843,"maxy":42.58620018866361},"Geoid10":"25011041501"}},{"arcs":[[27,-1,-3,-2,28,-5,29,30]],"id":554,"type":"Polygon","properties":{"bound":{"minx":-73.01976300705115,"miny":42.5393584971572,"maxx":-72.62137317679863,"maxy":42.745720859571705},"Geoid10":"25011040100"}}],"type":"GeometryCollection"}},"arcs":[[[168818,17050],[12314,1524]],[[-75187,-87099],[-29,14243],[28477,3606]],[[-46739,-69250],[16752,57565],[8087,1998],[1181,173],[1816,-209],[3706,-1448],[1910,-391],[2539,32],[1556,220],[2420,-3],[5423,-374],[5207,983],[8957,2552],[5404,1136],[5187,-239],[5512,-922],[8560,-707],[2302,339],[2751,107],[3879,953],[1251,152],[1042,-355],[877,-565],[2038,-1827],[547,-182],[1211,-12],[2031,858],[1073,775],[-251,1673],[-1361,1377],[-104,856],[275,594],[809,611],[1003,1332],[1548,998],[2072,369],[1486,-227],[1456,52],[177,-181],[1281,-104],[-145,1898],[689,1778],[-3,627],[263,780],[709,557],[366,526],[102068,12175]],[[126308,-75294],[-356,25],[-1778,1920],[-665,606],[-417,137],[-232,343],[-402,994],[-325,2160],[201,2490],[-743,1029],[-1500,206],[-2056,-343],[-1550,-50],[-2834,648],[-2762,940],[-1853,256],[-2070,-29],[-4011,-742],[-1460,-52],[-1953,499],[-1552,692],[-1640,1448],[-875,1238],[-402,1038],[-491,3120],[89,1246],[569,103],[-36,320],[-757,68],[309,1257],[-31,800],[263,-343],[355,617],[108,709],[-139,319],[-2167,1337],[-2552,514],[-1856,811],[-944,629],[-1207,331],[-1981,1908],[-1085,2548],[-1094,721],[-22871,-2408],[-3213,-18808],[-29953,3753],[-73128,-8961]],[[-221142,112820],[-806,-38443],[25831,-1426],[48136,3839],[973,-966],[-138,-888],[-901,-1574],[-796,-680],[-929,-414],[-2244,-1995],[-43,-429],[2192,-2650],[124,-1413],[-451,-1421],[-1704,-1932],[-949,-635],[-2796,41],[-982,-144],[-2469,-1539],[-1219,-577],[-1082,-232],[-2090,-5],[-6057,1358],[-1938,-55],[-1464,-293],[-1318,-2298],[-1541,-701],[528,-2608],[1562,-2535],[-82,-797],[-619,-608],[-4649,-67],[-1783,183],[-2270,-44],[-2070,-218],[-2452,-459],[-373,-289],[1212,-2402],[135,-984],[-223,-401],[-1442,-312],[-4836,254],[-794,-580],[85,-452],[1207,-1238],[5837,-4787],[3671,-1488],[2446,-550],[1400,-546],[2116,-1428],[2086,-1822],[1186,-565],[552,-8],[535,214],[837,591],[1350,1325],[2174,896],[1912,288],[2097,-241],[2211,267],[767,565],[913,2009],[1452,504],[3838,-529],[1937,-930],[471,-825],[111,-2712],[-1213,-3928],[153,-3805],[1444,-3186],[501,-380],[818,-167],[1787,-9860],[-11350,-39026],[-12990,-46046]],[[-283663,-68811],[106443,-17870]],[[-260065,46951],[-1455,-20561]],[[-221142,112820],[-806,-38443],[25831,-1426],[48136,3839],[973,-966],[-138,-888],[-901,-1574],[-796,-680],[-929,-414],[-2244,-1995],[-43,-429],[2192,-2650],[124,-1413],[-451,-1421],[-1704,-1932],[-949,-635],[-2796,41],[-982,-144],[-2469,-1539],[-1219,-577],[-1082,-232],[-2090,-5],[-6057,1358],[-1938,-55],[-1464,-293],[-1318,-2298],[-1541,-701],[528,-2608],[1562,-2535],[-82,-797],[-619,-608],[-4649,-67],[-1783,183],[-2270,-44],[-2070,-218],[-2452,-459],[-373,-289],[1212,-2402],[135,-984],[-223,-401],[-1442,-312],[-4836,254],[-794,-580],[85,-452],[1207,-1238],[5837,-4787],[3671,-1488],[2446,-550],[1400,-546],[2116,-1428],[2086,-1822],[1186,-565],[552,-8],[535,214],[837,591],[1350,1325],[2174,896],[1912,288],[2097,-241],[2211,267],[767,565],[913,2009],[1452,504],[3838,-529],[1937,-930],[471,-825],[111,-2712],[-1213,-3928],[153,-3805],[1444,-3186],[501,-380],[818,-167],[1787,-9860],[-11350,-39026],[-12990,-46046]],[[-173618,-72379],[-3752,-14240],[150,-62]],[[-283663,-68811],[-10129,1739],[15067,12383],[-3826,21103]],[[-282551,-33586],[16764,-706],[1290,18341]],[[-264497,-15951],[2977,42341]],[[-260065,46951],[1396,20265],[193,200],[764,12666]],[[-257712,80082],[10955,33097]],[[-246757,113179],[25615,-359]],[[-221142,112820],[0,0]],[[164939,-50327],[-2058,-7967],[-13095,-1388],[-3370,-13395],[-20108,-2217]],[[126308,-75294],[-356,25],[-1778,1920],[-665,606],[-417,137],[-232,343],[-402,994],[-325,2160],[201,2490],[-743,1029],[-1500,206],[-2056,-343],[-1550,-50],[-2834,648],[-2762,940],[-1853,256],[-2070,-29],[-4011,-742],[-1460,-52],[-1953,499],[-1552,692],[-1640,1448],[-875,1238],[-402,1038],[-491,3120],[89,1246],[569,103],[-36,320],[-757,68],[309,1257],[-31,800],[263,-343],[355,617],[108,709],[-139,319],[-2167,1337],[-2552,514],[-1856,811],[-944,629],[-1207,331],[-1981,1908],[-1085,2548],[-1094,721],[-22871,-2408],[-3213,-18808],[-29953,3753],[-73128,-8961]],[[-46739,-69250],[16752,57565],[8087,1998],[1181,173],[1816,-209],[3706,-1448],[1910,-391],[2539,32],[1556,220],[2420,-3],[5423,-374],[5207,983],[8957,2552],[5404,1136],[5187,-239],[5512,-922],[8560,-707],[2302,339],[2751,107],[3879,953],[1251,152],[1042,-355],[877,-565],[2038,-1827],[547,-182],[1211,-12],[2031,858],[1073,775],[-251,1673],[-1361,1377],[-104,856],[275,594],[809,611],[1003,1332],[1548,998],[2072,369],[1486,-227],[1456,52],[177,-181],[1281,-104],[-145,1898],[689,1778],[-3,627],[263,780],[709,557],[366,526],[102068,12175]],[[168818,17050],[-16987,-68488],[13108,1111]],[[164939,-50327],[0,0]],[[126308,-75294],[753,-486],[1699,-667],[3756,-412],[1878,-1026],[2666,-1007],[1048,-617],[1403,-2093],[1231,-2523],[1320,-1063],[3419,-2145],[629,-567],[3423,-6588],[3519,-4464],[-12203,-49112],[-1858,-10986],[6539,752]],[[145530,-158298],[-1144,-4005],[1658,-4758],[-1612,-2872],[-43631,-5469]],[[100801,-175402],[-56756,-6950],[591,6437],[-8836,-759],[830,4199],[6074,634],[754,4468],[-6008,-860],[564,3531],[-9799,1884],[284,1305],[-58208,10221],[-5,-628],[-24169,4588]],[[-53883,-147332],[-15513,3193],[-3998,23076],[4835,17901],[-5141,747],[-1197,5836],[-290,9480]],[[-75187,-87099],[-29,14243],[28477,3606]],[[126308,-75294],[0,0]],[[127183,104576],[1846,-9843],[347,-636],[-27,-834],[458,-2067],[360,-741],[1712,-1686],[267,-582],[-11,-1040],[-549,-2148],[-479,-310],[-1440,-380],[-473,-1737],[-898,-186],[-1028,-2389],[528,-158],[2573,-6],[822,-238],[127,-663],[-364,-1748],[118,-2056],[995,-889],[1553,-819],[1043,-923],[838,-306],[638,-605],[440,-1392],[1539,-1242],[83,-1210],[342,-262],[998,-1494],[-447,-584],[268,-959],[699,-444],[1505,-557],[3133,-713],[1942,-1298],[204,-651],[-1200,-2081],[-29,-571],[839,-433],[2961,-416],[435,-365],[25,-240],[-592,-1178],[-1688,-208],[-865,-608],[-275,-880],[-28,-925],[1979,-989],[506,-411],[391,-913],[302,-1827],[451,-559],[2003,-1150],[3210,-690],[869,-558],[2700,-1183],[638,-627],[966,-1551],[404,-285],[589,-170],[3580,-359],[637,-547],[1000,-1574],[1720,-1457],[-32,-920],[424,-172],[1225,-107],[683,-364],[126,-571],[-382,-1291],[-370,-447],[-1206,-744],[-59,-583],[466,-376],[1829,-557],[3404,-626],[1046,-771],[762,-843],[857,-1392],[157,-686],[-339,-331],[-835,-390],[-400,-903],[1339,-1963],[174,-902],[1209,-432],[1129,482],[590,-307],[208,-739],[509,-665],[977,-524],[235,-651],[-1019,-938],[-106,-583],[158,-155]],[[-75187,-87099],[-37599,5492],[-60832,9228]],[[-221142,112820],[99340,-1969],[114450,-2583],[134535,-3692]],[[127183,104576],[0,0]]]}