{"type":"Topology","transform":{"scale":[1.0E-6,1.0E-6],"translate":[-72.9698115416738,42.11791757739586]},"objects":{"MA":{"geometries":[{"arcs":[[7,8,9,10,-6,11]],"id":171,"type":"Polygon","properties":{"bound":{"minx":-73.18358908178963,"miny":42.03801727804056,"maxx":-73.00824156365793,"maxy":42.254147043333774},"Geoid10":"25003933400"}},{"arcs":[[-4,12,13,14,15,16,-5,-7,17,18]],"id":865,"type":"Polygon","properties":{"bound":{"minx":-73.0733455786336,"miny":42.03368115471894,"maxx":-72.7839979481016,"maxy":42.34588989966005},"Geoid10":"25013813000"}},{"arcs":[[-1,19,-3,-2,20]],"id":1174,"type":"Polygon","properties":{"bound":{"minx":-72.83733374097453,"miny":41.997355994536875,"maxx":-72.76336466803146,"maxy":42.1030564159895},"Geoid10":"25013813102"}}],"type":"GeometryCollection"}},"arcs":[[[199289,-115322],[-1604,2427],[-747,5003],[338,2209],[1818,7366],[-8202,433],[-1298,205],[-459,277],[-1604,1792],[-3943,3249],[915,2235],[330,1532],[580,8442],[-327,3750],[582,4494],[629,611],[4223,1362],[2339,1349],[7692,6223],[1694,2638],[-2037,663],[-212,807],[91,144],[2588,-851],[1169,1933],[-740,282],[-357,443],[349,1426],[777,174],[1099,-149],[426,903],[392,2989],[-404,2969],[-1372,2582],[-2660,2601],[-226,474],[-21,827],[123,1397],[1668,4542],[3805,7802]],[[206703,-27767],[-74104,12068]],[[132599,-15699],[3777,-7669],[1250,-10307],[-3628,-9621],[-3040,-5072],[2160,-6576],[2720,-4095],[-918,-22166]],[[156395,127089],[-44225,-4516],[-6667,-8400],[-7872,-15652],[-40122,22694],[31700,26249],[-4606,67230]],[[-38181,120491],[126,-1],[-27053,-94756],[-36279,4562],[1078,-2165],[-55,-625],[-138,-552],[-1635,-1197],[2,-586],[1290,-2773],[1707,-1744],[-20,-1071],[461,-1436],[-55,-494],[-846,-571],[-413,-1497],[324,-2181],[1180,-1722],[566,-1657],[671,-1052],[355,-1735],[455,-831],[2013,-1480],[708,-1102],[2196,-2261],[295,-906],[-140,-529],[-620,-880],[-1533,-1316],[-2765,-1214],[-3147,-757],[-2109,-1122],[-1163,-917],[-288,-396],[-170,-844],[1128,-1149],[0,-1288],[-309,-495],[-818,-724],[-1851,-798],[-235,-509],[7,-734],[906,-3036],[1085,-7682],[10219,-21356],[984,-2389],[550,-177],[1086,-1506],[1563,-1109],[430,-656],[-89,-665],[-309,-436],[-722,-609],[-973,-335],[-633,-872],[-243,-1063],[-236,-307],[162,-709],[413,-647],[793,-561],[893,-462],[811,-167],[1205,-870],[2488,-753],[400,-441],[423,-161],[130,-353],[332,-2582],[-941,-2087],[-246,-1883],[-279,-772],[-864,-768],[-1051,-1472],[168,-1079],[1689,-1966],[110,-2256],[1565,-2855]],[[-38181,120491],[-28379,-2265],[-461,4039],[-54165,-6021],[-1666,11337],[-28087,-2321],[211,971],[-599,744],[-383,1200],[-499,490],[-902,1437],[-330,996],[2133,1695],[118,835],[-299,1060],[-20854,-2519],[-19419,-2542]],[[-30255,194775],[-310,-342],[-1469,-61261],[-2414,250],[-1400,-4388],[-2333,-8543]],[[-38181,120491],[126,-1],[-27053,-94756],[-36279,4562],[1078,-2165],[-55,-625],[-138,-552],[-1635,-1197],[2,-586],[1290,-2773],[1707,-1744],[-20,-1071],[461,-1436],[-55,-494],[-846,-571],[-413,-1497],[324,-2181],[1180,-1722],[566,-1657],[671,-1052],[355,-1735],[455,-831],[2013,-1480],[708,-1102],[2196,-2261],[295,-906],[-140,-529],[-620,-880],[-1533,-1316],[-2765,-1214],[-3147,-757],[-2109,-1122],[-1163,-917],[-288,-396],[-170,-844],[1128,-1149],[0,-1288],[-309,-495],[-818,-724],[-1851,-798],[-235,-509],[7,-734],[906,-3036],[1085,-7682],[10219,-21356],[984,-2389],[550,-177],[1086,-1506],[1563,-1109],[430,-656],[-89,-665],[-309,-436],[-722,-609],[-973,-335],[-633,-872],[-243,-1063],[-236,-307],[162,-709],[413,-647],[793,-561],[893,-462],[811,-167],[1205,-870],[2488,-753],[400,-441],[423,-161],[130,-353],[332,-2582],[-941,-2087],[-246,-1883],[-279,-772],[-864,-768],[-1051,-1472],[168,-1079],[1689,-1966],[110,-2256],[1565,-2855]],[[-83442,-78056],[-14409,286],[-19392,733],[-85163,2461]],[[-202406,-74576],[-5962,47859],[-8121,62364]],[[-216489,35647],[-412,2200],[20496,1540],[-607,5609],[4804,15646],[-77,18468],[51,6523],[193,2171],[279,41823]],[[-38181,120491],[0,0]],[[156395,127089],[957,-10031],[19045,1878],[1427,-19552],[9876,-31],[1072,-17522]],[[188772,81831],[-4723,725],[-12130,-34613],[-4614,-2975],[-5008,-5546],[-5361,-1492],[-281,-328]],[[156655,37602],[-15750,-18508],[-1141,917],[-1336,302],[-3073,-435],[-1697,-623],[-353,-640],[597,-1757],[-208,-438],[-487,-393],[-1072,-411],[-1539,-158],[-1127,-953],[-489,-227],[-2597,137],[-375,-66],[-264,-292],[-144,-775],[89,-1419],[510,-1367],[714,-1090],[100,-455],[-215,-437],[-389,-268],[-509,-106],[-2300,437],[-807,-82],[-2071,-1260],[-1521,-71],[-682,-423],[-128,-1150],[-448,-602],[-2029,-7900],[14557,-3313],[437,-1729],[-3492,-5095],[5183,-2651]],[[132599,-15699],[3777,-7669],[1250,-10307],[-3628,-9621],[-3040,-5072],[2160,-6576],[2720,-4095],[-918,-22166]],[[134920,-81205],[-12251,182],[-14707,800],[-12921,-42],[-65283,529],[-4268,523],[-21961,-324],[-33266,273],[-30514,544],[-21974,525],[-1217,139]],[[-30255,194775],[522,572],[1094,748],[44637,29855],[58176,-3059],[877,-9335],[9552,1138]],[[84603,214694],[0,0]],[[199289,-115322],[-46219,-5000],[3200,38899],[-21350,218]],[[206703,-27767],[0,0]]]}