{"type":"Topology","transform":{"scale":[1.0E-6,1.0E-6],"translate":[-70.07550634973762,42.01185463930547]},"objects":{"MA":{"geometries":[{"arcs":[[0,1,2,3,4]],"id":215,"type":"Polygon","properties":{"bound":{"minx":-70.1565148769187,"miny":41.958777724297065,"maxx":-69.99417194102621,"maxy":42.07487801067959},"Geoid10":"25001010208"}}],"type":"GeometryCollection"}},"arcs":[[[78777,-45060],[-31341,-2797],[-10730,-1129],[-38668,-5047]],[[-1962,-54033],[-114,1881],[419,1526],[359,5193],[-268,11491],[-435,3480],[72,3750],[-229,1603],[-920,2355],[-950,1460],[-59,752],[1155,132],[310,-461],[1008,-335],[611,154],[596,533],[2530,-445],[-59,-241],[-331,159],[-331,-66],[-478,-730],[257,-28],[744,330],[198,-132],[74,-549],[942,-126],[206,-176],[-390,-730],[-787,-395],[7,-456],[-375,-450],[148,-225],[412,-115],[-302,-412],[405,60],[331,456],[-788,247],[427,307],[110,500],[832,560],[279,802],[802,-286],[250,-477],[126,461],[-45,725],[-809,137],[-677,417],[14,785],[-316,681],[1008,291],[522,-105],[486,330],[832,60],[765,291],[1906,1252],[493,176],[-494,71],[891,1318],[2626,544],[-192,166],[153,113],[-1204,-87],[-1152,-403],[-732,-372],[-382,-708],[-920,-670],[-4408,-1532],[-1862,1559],[-2546,2695],[0,-543],[876,-527],[-243,-176],[125,-433],[-139,-187],[-310,71],[-1465,3041],[-346,335],[-257,-1306],[361,-3135],[633,-604],[1406,-153],[-383,-248],[-1493,-99],[-846,-532],[-74,-291],[-758,-88],[537,324],[22,1230],[-1428,7167],[-3493,11198],[-1473,4062],[-3522,7356],[-1659,2799],[-3146,4441],[-3242,3595],[-5202,4681],[-4369,3528],[-2498,1833],[-6824,3927],[-8540,4092],[-9495,3596],[-4117,1297],[-390,429],[-1001,478],[-1038,961],[-1672,665],[-1451,335],[-1244,830],[-2534,790]],[[-71903,49797],[51,2219],[814,1367],[-7473,11631]],[[-78511,65014],[3529,-546],[3654,-913],[2026,-127],[2910,-939],[4679,-1183],[2902,-1049],[2504,-660],[5636,-1288],[3762,-632],[863,-450],[5424,-1364],[1886,-746],[1651,-466],[4290,-1881],[6219,-1809],[1209,-669],[1657,-620],[1194,-148],[472,-505],[1525,-724],[2049,-642],[2704,-1278],[6469,-2661],[619,-417],[1186,-313],[1878,-1015],[1481,-599],[6482,-3946],[4331,-2206],[1820,-1280],[6062,-3700],[2651,-1965],[2231,-2097],[4477,-3251],[3210,-3074],[2408,-1774],[1818,-1960],[3769,-3388],[6219,-6309],[1575,-1812],[2251,-2724],[714,-1115],[1317,-1190],[2390,-2839],[1545,-2120],[1030,-1785],[3346,-4025],[431,-738],[1824,-1911],[1449,-2383],[191,-648],[2213,-2663],[132,-527],[757,-1005],[1633,-1643],[1962,-3772],[5027,-7386],[2182,-2856],[133,390],[140,-55],[330,-956],[1249,-2208],[3611,-5509]],[[78777,-45060],[0,0]]]}