{"type":"Topology","transform":{"scale":[1.0E-6,1.0E-6],"translate":[-69.97488979337344,41.666247183499884]},"objects":{"MA":{"geometries":[{"arcs":[[4,5,-3,-1,6],[7],[8],[9],[10],[11]],"id":297,"type":"Polygon","properties":{"bound":{"minx":-70.04127618799647,"miny":41.54259571010577,"maxx":-69.94487138969922,"maxy":41.69955131331217},"Geoid10":"25001010700"}},{"arcs":[[12,-2,13],[-4,14],[15],[16],[17],[18],[19]],"id":298,"type":"Polygon","properties":{"bound":{"minx":-70.01466597555056,"miny":41.640057338102054,"maxx":-69.92747258482275,"maxy":41.724096233954704},"Geoid10":"25001010600"}}],"type":"GeometryCollection"}},"arcs":[[[-38385,33667],[-1236,543],[-1153,-126]],[[-18146,47616],[-45,-1330],[-593,-444],[-1674,-543],[-1514,-898],[-407,-462],[-1165,-679],[-831,-948],[-2216,-1210],[-2387,-2112],[-1165,-424],[-1055,-1211],[-708,-388],[-1625,-321],[-1148,-686],[-490,-131],[-3216,-2162]],[[-40774,34084],[-2782,-687],[-2917,587],[-2379,288],[-3545,-649],[-4580,-21439],[-704,-632],[-250,-660],[-372,-209],[-135,-304],[-303,-213],[-394,51],[-431,-221],[-964,-1673],[-476,-289],[-318,-857],[-750,-493],[-247,-941],[-1018,-980],[62,-479],[-196,-227],[338,-150],[-203,-403],[308,-420],[-58,-457],[374,-183],[113,-1378]],[[46534,56219],[-2699,327]],[[-38151,33512],[2459,-1367],[2216,-828],[1483,-384],[3759,-383],[2849,-667],[890,65],[1529,406],[763,-270],[3489,-598],[2603,443],[769,-23],[610,-178],[910,-651],[1669,-795],[945,-273],[1439,22],[1159,-243],[2164,63],[866,-168],[5835,-2873],[1026,-872],[748,-1139],[-388,-1894],[3189,-524],[1316,-622],[1560,-902],[1399,-2059],[325,-235],[703,-264],[841,-88],[1970,139],[256,144],[-5,-180],[183,73],[1344,-243],[887,-444],[481,-857],[2039,-1390],[3770,-1128],[2403,-1237],[1384,-276],[1620,810],[1902,572]],[[29208,12194],[271,-1036],[-117,-1109],[-285,-1027],[-432,-406],[-644,-2581],[-286,-241],[0,-352],[-615,-851],[-666,-499],[-578,-808],[-139,-697],[-542,-1016],[-2379,-1882],[-88,-253],[-1406,-346],[-885,-489],[-176,-247],[-630,401],[-227,-44],[-703,725],[-307,-171],[783,-774],[-1479,-670],[-358,-335],[-732,-225],[-51,-165],[380,-444],[681,187],[454,318],[1267,72],[1318,-730],[227,-423],[-1098,-2015],[-2005,-1889],[-563,-1543],[-1786,-1367],[-1405,-824],[-1383,-1697],[-396,-143],[-629,225],[-960,692],[74,-401],[-212,-28],[-579,802],[-988,120],[-191,-164],[242,-418],[813,-576],[-1010,258],[-271,208],[-308,1142],[-923,269],[-922,-94],[-2335,-857],[-2416,-259],[-3674,136],[-2073,1614],[-1508,784],[-411,1071],[256,340],[995,638],[469,49],[454,-686],[1113,-417],[1788,-1443],[1917,-1054],[2182,105],[1493,281],[995,269],[754,434],[66,527],[-696,544],[-454,746],[95,253],[-447,203],[-462,982],[-645,1817],[22,456],[410,209],[505,-197],[565,-1911],[610,52],[225,249],[-462,18],[-696,1932],[446,291],[900,1219],[1859,1324],[1186,-527],[3025,-1817],[659,-735],[425,-99],[190,99],[373,747],[418,170],[343,555],[278,1043],[-469,1026],[-798,1104],[-44,345],[966,60],[286,-109],[286,-402],[156,335],[380,-44],[125,316],[-1775,367],[-1070,-148],[360,1255],[834,923],[124,417],[-351,785],[-916,390],[-44,148],[1786,555],[960,93],[314,176],[81,407],[593,-187],[959,22],[1296,346],[484,-55],[1354,506],[417,467],[51,593],[-417,867],[-1135,955],[483,1093],[-66,274],[-403,253],[-982,82],[-571,-264],[-454,-488],[-139,-352],[352,-604],[359,-274],[769,-126],[-469,-500],[-519,-247],[-2519,-434],[-593,-747],[-388,-143],[-95,-533],[-1033,-104],[-1156,-352],[-410,-933],[103,-906],[476,-395],[710,-176],[-227,-247],[-1259,-341],[-139,132],[-249,-66],[249,-467],[893,-318],[15,-192],[-2233,-978],[-878,-269],[-491,16],[-73,-214],[-381,-143],[-146,-493],[-351,427],[-1055,6],[-747,-143],[-36,-362],[-139,214],[-403,65],[-455,333],[-2203,704],[-1509,406],[-1025,-39],[-1514,-736],[-2100,-2476],[-761,-253],[-615,-28],[-3121,1734],[-1714,459],[-1018,1219],[-1201,356],[-2388,1487],[-308,236],[-147,511],[175,389],[2131,710],[585,379],[1280,1576],[842,549],[849,890],[1464,693],[2027,1625],[740,248],[432,-49],[66,-1098],[880,-747],[974,-32],[798,318],[168,632],[497,516],[-73,456],[-938,845],[212,285],[440,-65],[915,-988],[630,-176],[673,11],[1033,187],[1135,457],[1266,154],[1773,-11],[1567,561],[2819,204],[424,779],[-37,1345],[-476,714],[-1084,675],[-1275,-440],[-871,-126],[-3596,48],[-1201,148],[-981,-384],[-703,-835],[-373,-132],[-1845,620],[-1963,-265],[-644,-434],[-36,-439],[-344,-49],[-15,-176],[-432,-44],[-66,-121],[769,-466],[557,-143],[88,-362],[-725,-319],[-710,-105],[-827,-472],[-227,148],[-1347,-923],[-1003,230],[-1085,999],[-710,-165],[-257,423],[-527,-203],[623,-407],[908,177],[601,-643],[-264,-450],[630,-82],[139,192],[674,-236],[-117,-422],[-1259,-561],[-1456,-1000],[-2379,-2191],[-1420,-292],[-131,-286],[-615,-285],[-103,186],[-608,-220],[125,-104],[-381,-165],[191,-181],[-351,-428],[-256,-1137],[31,-1230],[417,-241],[1304,-268],[1084,-417],[1158,-1147],[1751,-954],[608,-675],[1135,-521],[974,-197],[249,-439],[-1171,-1132],[703,648],[681,363],[688,-576],[623,-181],[864,-862],[-29,-280],[-205,-115],[-652,148],[-1566,-1],[117,-131],[2145,-258],[213,-576],[-58,-851],[-344,-390],[-3139,-2137],[-300,-55],[-322,132],[-1048,1108],[-3077,2387],[-2616,2601],[-2073,1553],[-5590,3241],[-3028,1396],[-622,555],[-784,357],[-380,544],[-878,495],[-1164,313],[-220,187],[-7,318],[433,373],[864,560],[835,318],[571,-170],[608,-440],[-8,-478],[-235,-329],[-622,-148],[-1025,341],[-916,-247],[630,-252],[1691,-172],[235,39],[571,532],[375,1092],[907,-566],[188,74],[845,634],[514,1635],[702,1302],[936,818],[1099,171],[454,-82],[-308,362],[22,428],[-477,527],[-2592,-248],[-1517,-690],[-572,-741],[-1781,-993],[175,-878],[615,-813],[-8,-286],[579,-88],[776,406],[242,-225],[-44,-209],[-777,-60],[-498,-335],[-73,-236],[-806,418],[-1091,-49],[-1450,-916],[-469,-565],[-462,-198],[44,-307],[329,-182],[2262,-434],[1500,-1193],[-205,-186],[-549,105],[-944,620],[-2613,924],[-2614,616],[-1706,166],[-1691,33],[-982,-219],[-2153,-175],[-234,-351],[-879,-604],[-228,-499],[-278,181],[-263,917],[176,280],[-66,318],[410,44],[118,253],[-535,137],[-468,-104],[-206,-302],[-432,72],[389,1548],[-1237,396],[-607,587],[337,642],[-58,928],[469,725],[747,285],[1794,-193],[323,225],[-66,483],[-490,659],[-373,187],[-2271,83],[-505,-351],[-176,-637],[285,-230],[813,82],[205,-242],[-694,-455],[-262,-504],[-107,-1082],[-418,-559],[73,-321],[-195,-249],[-830,-310],[-975,-741],[-88,-702],[-916,-434],[-711,-1372],[469,340],[257,609],[307,225],[528,44],[476,258],[169,664],[417,154],[212,-126],[367,98],[197,236],[147,-93],[-81,-165],[879,-143],[937,488],[-337,-894],[366,-528],[1010,-516],[102,-566],[461,-565],[-147,-456],[-864,302],[-2416,128],[-3163,-329],[-1165,-389],[-51,-214],[-476,-33],[-674,-307],[-1091,-126],[-439,-198],[65,-115],[-1508,-357],[-66,-307],[-1303,116],[-74,-149],[-681,132],[-878,-186],[-1648,302],[-2584,100],[-557,197],[-461,445],[-139,-477],[220,16],[344,-264],[-374,-384],[95,-878],[-315,616]],[[-38385,33667],[234,-155]],[[6640,-22221],[447,-895],[118,-977],[-226,-3563],[-2646,-5843],[-1367,-2570],[-1513,-3706],[-381,-1602],[-585,-972],[-1359,-1598],[-643,-1488],[-927,-4151],[-1147,-1796],[-1744,-6452],[23,-933],[-372,-1614],[-181,-2504],[-1811,-4766],[1,-1077],[-387,-1713],[-86,-1449],[-693,-2059],[-1745,-3899],[-810,-3311],[-625,-3992],[-532,-1927],[1,-2405],[420,-3113],[-299,-1109],[220,-1345],[-543,-5617],[-16,-7357],[-714,-3602],[-1890,-3136],[-2731,-3131],[-1855,-1423],[-3111,-2807],[-1000,-676],[-3164,-953],[-1776,-301],[-2558,-32],[-3412,282],[-2404,918],[-3016,3109],[-1335,2668],[-219,1335],[154,867],[878,1466],[1039,449],[2543,-127],[534,-192],[94,-209],[-234,-88],[-1330,193],[-190,-33],[15,-214],[2178,-149],[738,236],[585,499],[3337,4363],[1294,686],[1281,1652],[2158,1964],[724,939],[550,1295],[2828,3178],[576,1357],[658,802],[1349,3674],[1461,1702],[1036,2279],[400,1686],[-168,593],[634,1554],[146,900],[70,3893],[-339,3179],[806,5633],[-272,2290],[71,1658],[-544,4095],[576,1511],[402,538],[-31,1372],[504,857],[790,368],[308,-274],[-564,-22],[140,-516],[285,148],[468,-280],[666,1],