{"type":"Topology","transform":{"scale":[1.0E-6,1.0E-6],"translate":[-70.21760250513864,41.29018966898898]},"objects":{"MA":{"geometries":[{"arcs":[[0,1,2,3,4],[5],[6],[7],[8],[9],[10],[11],[12],[13],[14],[15],[16],[17],[18]],"id":674,"type":"Polygon","properties":{"bound":{"minx":-70.3154769461702,"miny":41.25565370279486,"maxx":-70.1179346660186,"maxy":41.337074194687624},"Geoid10":"25019950307"}}],"type":"GeometryCollection"}},"arcs":[[[94758,3738],[21,-320],[508,-105],[674,-3359],[644,-1008],[-287,-1367],[1597,-1459],[627,-925],[-139,-2038],[-386,-1074],[-1969,300],[-2311,693],[-5847,-400],[-83,-1787],[-1105,-1125]],[[86702,-10236],[-464,-600],[-1332,-266],[-966,-847],[-12,-1214],[-1079,-854],[-10,-726],[-177,-250]],[[82662,-14993],[-871,-346],[-2169,-2787],[-108,-777],[-633,-873],[-2202,-1949],[-853,-1443],[-502,-199],[-899,-1553],[-550,-423],[-120,-886],[-942,-1473],[-330,-104],[-283,154],[680,943],[-19,378],[-139,-430],[-943,-360],[-138,-216],[-1395,89],[-17,-305],[-553,-158],[-292,64],[-136,215],[-350,-130],[219,-452],[-93,-675],[-577,-397],[-669,-20],[-312,-146],[-558,315],[-601,-263],[-436,349],[-1333,70],[394,-1188],[-603,-1681],[-447,-291],[-207,-357],[-1162,-481],[-943,-732],[-508,-108],[509,-39],[371,227],[-297,-288],[-541,-42],[-169,107],[-282,-155],[566,8],[-85,-77],[-765,31],[-235,271],[145,-264],[-1977,-211],[-1400,154],[-1069,-120],[-1449,250],[-335,-99],[-573,-501],[-404,-65],[-2287,250],[-749,1091],[-360,-146],[908,-1379],[2643,31],[404,-261],[1268,144]],[[54899,-34702],[-1838,-1516]],[[53061,-36218],[-9126,2729],[-1034,623],[-5403,1924],[-2003,971],[-6501,2661],[-6279,2408],[-11998,5244],[-2062,382],[-1910,632],[-1360,836],[-3004,1335],[-2435,1360],[39,179],[-5587,2678],[-1753,225],[-3033,960],[-3216,2035],[-607,572],[-1820,594],[-880,480],[-304,572],[364,297],[2001,641],[546,-389],[92,-389],[516,-433],[1607,-229],[2894,-1100],[5186,-1460],[2957,-337],[2347,-670],[719,-635],[1082,-534],[27,-370],[-1162,-324],[-947,-79],[-549,537],[-91,481],[-60,378],[515,59],[326,243],[-482,226],[-458,-118],[367,-86],[7,-130],[-380,22],[-1138,-619],[-440,32],[-328,-186],[-327,-313],[189,-438],[215,-212],[7362,-2455],[1611,-27],[2031,-663],[819,46],[1122,434],[273,275],[1273,504],[758,503],[1395,92],[1274,686],[394,137],[364,-91],[0,-320],[-516,-526],[-1537,-1030],[182,-33],[103,-435],[-527,-312],[721,-267],[347,78],[-4,-205],[164,129],[118,-226],[-1583,98],[1443,-200],[-106,-141],[-860,25],[793,-78],[-759,-399],[-208,178],[49,-196],[-555,-238],[-177,6],[139,212],[-433,-341],[-250,-43],[-288,228],[-576,-293],[149,-139],[-126,-228],[459,-377],[812,309],[-158,224],[304,124],[243,-366],[758,115],[2910,1624],[1671,439],[348,479],[-69,600],[382,-646],[146,97],[1,741],[531,-47],[691,291],[43,252],[1100,321],[147,202],[235,-144],[-196,181],[94,108],[-260,39],[375,102],[1344,1192],[586,251],[210,-214],[-164,225],[524,275],[66,-178],[382,110],[-122,51],[115,264],[609,451],[139,-183],[-161,-245],[346,334],[717,14],[687,417],[187,-85],[-67,267],[-574,-498],[-767,-87],[-373,115],[332,185],[-801,-360],[-523,608],[1388,793],[-1172,-278],[-312,-363],[-403,-28],[76,-249],[-378,-463],[103,-425],[-984,-317],[24,-157],[-862,-599],[-183,227],[138,-252],[-318,-103],[-244,-333],[-454,209],[-83,333],[-56,-203],[-302,60],[-446,-257],[-919,-1086],[-773,52],[-824,-139],[-543,-546],[-453,-110],[-292,-360],[-331,-15],[936,754],[312,595],[1806,1733],[1265,911],[1568,640],[1122,892],[1092,1213],[485,1556],[-152,1487],[-91,686],[-849,2036],[-1153,1716],[-1062,983],[-1547,617],[-1486,366],[-789,-23],[-1122,-458],[152,-754],[-273,-297],[-4731,-1717],[-637,-46],[-1365,298],[-455,274],[-637,732],[-273,892],[30,823],[485,618],[970,457],[9949,1832],[303,297],[30,549],[-242,366],[333,92],[1911,206],[2396,549],[668,0],[1638,-366],[1668,-732],[2669,-434],[2033,-46],[1273,-389],[851,-92],[7401,503],[20190,-532],[9141,-94],[13953,338],[2639,-162],[4938,109]],[[17728,1519],[-144,-296],[-226,74],[56,173],[-1254,19],[-439,-151],[-389,57],[-164,-156],[-1977,-158],[-215,-456],[-187,104],[-15,-124],[-1283,-275],[-506,-256],[348,-399],[-468,-58],[-73,-318],[622,-397],[1045,-245],[2295,370],[488,286],[247,-70],[-339,579],[225,-83],[79,-375],[109,261],[888,242],[343,324],[-236,121],[-413,-234],[136,244],[226,107],[338,-159],[705,631],[-94,159],[-311,-122],[-660,32],[157,375],[118,-329],[303,62],[89,369],[29,-400],[501,168],[525,-82],[678,298],[-401,191],[-756,-103]],[[-56409,17821],[306,-45],[516,366],[1213,252],[2155,1417],[3319,1107],[3029,372],[698,-37],[2560,-827],[4233,-1102],[9220,-3219],[2492,-1556],[1379,-1252],[687,-856],[649,-1803],[-294,-536],[-474,-111],[-242,138],[-58,576],[-543,461],[2,438],[-632,1243],[-1115,1291],[-3292,2009],[-393,1],[-57,-477],[-1209,31],[905,-539],[618,-737],[518,-1732],[-19,-1472],[287,-86],[1899,130],[939,187],[226,-187],[-445,105],[-280,-236],[-904,-134],[-780,176],[-354,-173],[-643,22],[-368,300],[274,346],[-216,144],[214,153],[11,911],[-231,-246],[-198,185],[-265,-245],[284,-692],[-359,-843],[295,123],[829,-343],[860,170],[1808,-121],[464,213],[-260,-349],[-422,-116],[-153,-664],[1070,-94],[366,208],[487,48],[1520,-727],[2250,-2915],[-104,-1850],[239,-438],[-277,-487],[-1497,-700],[-2960,-435],[-2594,-159],[-915,-7],[-3495,433],[-1183,-45],[-2336,-365],[-1031,1],[-2153,298],[-1123,-22],[-424,92],[-698,503],[-394,115],[-637,-69],[-182,-160],[515,-480],[2972,-1351],[2001,-1099],[393,-549],[30,-1235],[-212,69],[-2880,2059],[-4457,2335],[-3032,1923],[-2092,1625],[-2394,2678],[-2759,3753],[-545,1258],[-455,594],[-3123,2632],[-859,1497],[740,3078],[728,686],[577,297],[1426,-366],[237,-317],[-155,-180],[-741,-198],[-744,-629],[-383,-1686],[523,-530],[2077,-1220]],[[-79050,47438],[2471,-46],[2155,206],[1335,-504],[1791,-321],[334,-184],[30,-343],[-243,-412],[-607,-435],[-918,-1128],[-1379,-2356],[-2068,-735],[-3217,-87],[-2355,173],[-2477,-713],[-1639,0],[-2063,482],[-364,251],[-30,390],[364,46],[666,-477],[459,-87],[1178,281],[57,-346],[230,-173],[747,-43],[574,216],[15,173],[-1092,454],[-890,11],[-1106,286],[-962,449],[-489,524],[-1077,719],[-1694,865],[-893,-78],[-183,-137],[-667,-891],[-91,-481],[485,-731],[1245,-1143],[880,-503],[1579,-685],[1092,-46],[1032,-617],[91,-251],[-364,-160],[-789,-23],[-728,205],[-2398,1005],[-1974,1213],[-2670,2812],[-730,1554],[545,2950],[578,275],[1032,182],[3157,-70],[5583,-871],[6452,-645]],[[-82768,38393],[758,-183],[1305,22],[1154,481],[-152,572],[334,91],[1760,-458],[1305,-137],[-456,-435],[-1062,-480],[-1335,-297],[-1426,-46],[-2003,252],[-1791,618],[-1031,824],[-31,388],[364,0],[2307,-1212]],[[-30686,-901],[364,-434],[31,-549],[-424,-641],[-334,-23],[-811,412],[-749,734],[0,274],[1256,-70],[667,297]],[[12526,-392],[-769,754],[761,72],[485,-543],[-477,-283]],[[14781,830],[-373,-15],[-69,116],[378,75],[64,-176]],[[61645,-33962],[119,-175],[-522,241],[403,-66]],[[-30691,12088],[-134,160],[127,57],[7,-217]],[[-30776,12431],[5,202],[-5,-202]],[[-30489,12271],[-66,-121],[-54,228],[120,-107]],[[15742,148],[-183,-77],[183,77]],[[-30895,12337],[0,0]],[[-30960,12533],[47,123],[-47,-123]]]}