{"type":"Topology","transform":{"scale":[1.0E-6,1.0E-6],"translate":[-70.58223280759665,41.9083988527742]},"objects":{"MA":{"geometries":[{"arcs":[[7,8,9,10,11]],"id":304,"type":"Polygon","properties":{"bound":{"minx":-70.60175994238284,"miny":41.84544108897633,"maxx":-70.53470086318438,"maxy":41.9238155707776},"Geoid10":"25023530801"}},{"arcs":[[12,13,-7,-3,14,-6,11]],"id":322,"type":"Polygon","properties":{"bound":{"minx":-70.62069253419634,"miny":41.80403476978073,"maxx":-70.53382938064077,"maxy":41.866483832730104},"Geoid10":"25023530902"}},{"arcs":[[-2,-4,15,16,17]],"id":327,"type":"Polygon","properties":{"bound":{"minx":-70.57118297776877,"miny":41.839071633713125,"maxx":-70.52442224247419,"maxy":41.9335496918044},"Geoid10":"25023530802"}},{"arcs":[[-1,-5,18,19,20],[21,22],[23]],"id":359,"type":"Polygon","properties":{"bound":{"minx":-70.65550718831274,"miny":41.87409652155838,"maxx":-70.55931311119782,"maxy":42.01319196454847},"Geoid10":"25023530700"}}],"type":"GeometryCollection"}},"arcs":[[[12289,15709],[657,1904],[1090,1519],[3420,2182],[359,1452],[588,726],[2728,1424],[616,537]],[[40333,-63444],[1530,-2058],[-866,-2058],[577,-353],[489,-972],[1884,-595],[1065,-128],[1328,1646]],[[-34508,-73737],[10833,-2393],[1885,-782],[1757,-18],[7794,-1677],[4698,-1236],[413,-2880],[1076,360],[913,724],[670,2890],[537,618],[763,228],[2849,148],[705,643],[157,816],[-715,1018],[-225,646],[243,527],[857,440],[2028,-80],[675,200],[513,-944],[2030,-1379],[973,-278],[1015,95],[902,-187],[1451,-846],[1033,-143],[2519,12],[1509,-485],[1616,504],[2000,-954],[1821,-451],[445,-328],[1005,-1303],[1319,-736],[979,-1003],[906,-1616],[1574,-655],[2454,-2617],[384,-1961],[211,-171],[-111,-666],[167,-956],[1080,-1632],[1317,-2757],[662,-3032],[1332,-2494],[1858,-4437]],[[12289,15709],[3233,-2523],[1282,-2266],[581,-593],[1411,-710],[3882,-367],[2010,-536],[3692,-2681],[2188,-2293],[566,-982],[232,-1082],[235,-1463],[-70,-1852],[-152,-693],[-1560,-3444],[77,-863],[409,-435],[1912,-1265],[274,-461],[215,-1334],[302,-470],[978,-778],[1657,-879],[1888,-1347],[1812,-2573],[2074,-1454],[1841,-2560],[534,-477],[1293,-662],[926,-1368],[205,-1443],[-446,-2349],[131,-2978],[-711,-3300],[158,-737],[1233,-2244],[110,-1619],[-1011,-2371],[-579,-1914],[-1516,-2719],[-604,-4455],[1430,-3343],[1313,-6168],[-248,-870],[-628,-884],[-4515,-3348]],[[-19129,-34715],[2759,2283],[1298,2172],[5149,4913],[1019,772],[4604,2750],[1891,2295],[1913,1593],[341,754],[674,3214],[352,855],[2303,2058],[3072,5221],[468,1681],[420,3673],[1850,3673],[385,1582],[-30,595],[-520,1109],[-75,604],[553,2714],[293,2625],[490,852],[2209,2436]],[[40333,-63444],[-2598,1776],[-526,1524],[-932,1187],[-724,479],[-1148,1343],[-909,523],[-1917,743],[-1392,1324],[-3022,1985],[-3055,1337],[-2318,1245],[-1154,1084],[-1124,447],[-426,373],[-224,1263],[124,1257],[-445,992],[318,1000],[-271,230],[-2336,-9],[-1681,240],[-1002,261],[-1541,775],[-1751,460],[-3114,-142],[-575,-245],[-1378,-1239],[-1900,-290],[-436,-357],[-646,-967],[-1800,-612],[-1648,-1137],[-544,-579],[-813,-1532],[-633,-526]],[[36369,-104965],[8362,7242]],[[40333,-63444],[-2598,1776],[-526,1524],[-932,1187],[-724,479],[-1148,1343],[-909,523],[-1917,743],[-1392,1324],[-3022,1985],[-3055,1337],[-2318,1245],[-1154,1084],[-1124,447],[-426,373],[-224,1263],[124,1257],[-445,992],[318,1000],[-271,230],[-2336,-9],[-1681,240],[-1002,261],[-1541,775],[-1751,460],[-3114,-142],[-575,-245],[-1378,-1239],[-1900,-290],[-436,-357],[-646,-967],[-1800,-612],[-1648,-1137],[-544,-579],[-813,-1532],[-633,-526]],[[-3208,-49231],[-15921,14516]],[[-19129,-34715],[2759,2283],[1298,2172],[5149,4913],[1019,772],[4604,2750],[1891,2295],[1913,1593],[341,754],[674,3214],[352,855],[2303,2058],[3072,5221],[468,1681],[420,3673],[1850,3673],[385,1582],[-30,595],[-520,1109],[-75,604],[553,2714],[293,2625],[490,852],[2209,2436]],[[12289,15709],[3233,-2523],[1282,-2266],[581,-593],[1411,-710],[3882,-367],[2010,-536],[3692,-2681],[2188,-2293],[566,-982],[232,-1082],[235,-1463],[-70,-1852],[-152,-693],[-1560,-3444],[77,-863],[409,-435],[1912,-1265],[274,-461],[215,-1334],[302,-470],[978,-778],[1657,-879],[1888,-1347],[1812,-2573],[2074,-1454],[1841,-2560],[534,-477],[1293,-662],[926,-1368],[205,-1443],[-446,-2349],[131,-2978],[-711,-3300],[158,-737],[1233,-2244],[110,-1619],[-1011,-2371],[-579,-1914],[-1516,-2719],[-604,-4455],[1430,-3343],[1313,-6168],[-248,-870],[-628,-884],[-4515,-3348]],[[40333,-63444],[0,0]],[[40333,-63444],[1530,-2058],[-866,-2058],[577,-353],[489,-972],[1884,-595],[1065,-128],[1328,1646]],[[46340,-67962],[528,203],[856,-320],[275,-480],[-1254,-458],[-520,-548],[-796,-2105],[-154,-2150],[-795,-800],[-490,-69],[-887,-457],[-550,-480],[-490,-69],[-1560,-960],[-336,-480],[-551,-1762],[-582,-3225],[335,-4940],[733,-3065],[1100,-2517],[3529,-5079]],[[-34508,-73737],[369,1055],[-177,1484],[-710,606],[-2154,1055],[-528,1128],[-220,1567],[370,705],[84,1038],[425,506],[1050,535],[1821,73],[940,-326],[681,-22],[2994,1334],[2835,276],[1792,446],[2976,1813],[648,217],[700,58],[1477,-160],[1894,811],[1207,319],[2998,225],[1641,419],[725,528],[583,1328],[458,2206],[14,1974],[1333,1452],[1002,1484],[493,172],[1311,-436],[683,-44],[540,102],[1045,578]],[[12289,15709],[657,1904],[1090,1519],[3420,2182],[359,1452],[588,726],[2728,1424],[616,537]],[[21747,25453],[2600,-1601],[2926,-1551],[171,-394],[532,-69],[3119,-1584],[4162,-1626],[2037,-612],[963,-136],[2786,778],[2000,-284],[394,-361],[-688,-266],[-300,-277],[-105,-822],[316,-544],[110,-1414],[1592,-2143],[-1387,-988],[-1403,-136],[-682,-524],[-877,36],[-2294,-450],[-802,-662],[-1385,-2037],[-286,-1007],[-364,-2194],[60,-1961],[247,-1154],[1094,-2710],[1982,-3295],[5289,-6668],[2356,-2606],[1639,-1459],[2599,-3562],[19,-988],[-876,-2032],[-55,-1309],[511,-2109],[1056,-1860],[-191,-3698],[-431,-2468],[34,-1254],[1039,-3430],[-642,-412],[-184,-297],[60,-2082],[245,-915],[3058,-3615],[1192,-2036],[1346,-1441],[336,-892],[-307,-1510],[-918,-1235],[-1684,-1555],[-275,-503],[-246,-1395],[305,-1601],[-796,-1372],[-1316,-1647],[-430,-4369],[-949,-1074],[-397,-732],[29,-1510],[-672,23],[-1743,961],[-765,138],[-214,160],[31,594],[-214,229],[-306,23],[-490,-2058],[611,-23],[421,162]],[[46340,-67962],[0,0]],[[-19129,-34715],[-1758,1600],[-158,-48],[927,-1185],[-3849,3555],[-2318,2780],[-1473,2440],[-931,2173],[-9642,28694],[-1365,2781],[-2097,2888],[-1530,1613],[-3892,3440],[-1323,1003],[-2043,1241],[-2234,1057],[-13699,5671],[-3039,1062],[-2911,747],[1580,-244]],[[-70884,26553],[5147,-1224],[3839,-587],[4130,-235],[5416,140],[2810,397],[2408,598],[6404,2518],[4108,892],[-95,273],[-524,401],[-2030,451],[-1117,666],[-338,668],[652,606],[-172,1476],[-795,672],[-2689,1329],[-844,1032],[-1392,1048],[-226,348]],[[-46192,38022],[-150,282],[-1001,462],[-919,-66],[-396,1485],[-1099,1039],[-697,1336],[-1332,1235],[-414,895],[-836,45],[-31,639],[-1369,263],[-266,306],[307,1821],[-199,417],[-1663,2265],[-2216,1845],[-760,2516],[-1349,1320],[-2468,5137],[-3127,4779],[-750,635],[-1301,423],[-1832,1773],[-430,1362],[52,480],[218,99],[384,27],[801,-266],[2330,-2557],[1666,-1405],[501,-145],[166,-208],[846,-1729],[181,-785],[2423,-4659],[2661,-3489],[2027,-3124],[714,-1546],[1596,-2364],[4906,-6489],[1048,-1224],[2265,-1991],[2830,-2923],[3237,-2121],[2488,-1099],[2216,-738],[1322,-264],[2826,733],[3490,-252],[1363,105],[3072,1279],[2395,1516],[1264,971],[3357,3305],[3789,1089],[6012,1005],[1998,-55],[2707,196],[1568,-1034],[546,-815],[1389,-1126],[244,17],[622,524],[-769,-1301],[360,-696],[-117,790],[731,1133],[-31,-517],[1714,-89],[2903,-441],[-242,-125],[-1081,4],[-2781,473],[-803,-571],[-8,-623],[328,-103],[465,187],[1498,-517],[106,-212],[-356,-551],[145,-120],[245,-13],[541,462],[1643,-605],[1800,-1396],[2137,-875],[2029,-1591],[1480,-2677],[478,-421],[2797,-1279],[1323,-944],[2182,-1103]],[[-26531,105189],[1042,-319],[2270,-1294],[2955,-1271],[1400,-1318],[1608,-2908],[51,-1970],[-1329,-1148],[-1867,-555],[-2025,1855],[-1389,834],[-879,784],[-1780,804],[-699,