{"type":"Topology","transform":{"scale":[1.0E-6,1.0E-6],"translate":[-72.84787462874564,42.6655347185675]},"objects":{"MA":{"geometries":[{"arcs":[[6,7,-5,8,9,10,-6,11,12,13,14]],"id":73,"type":"Polygon","properties":{"bound":{"minx":-73.09501754860416,"miny":42.540074697564506,"maxx":-72.94964855701139,"maxy":42.7427729188945},"Geoid10":"25003931300"}},{"arcs":[[15,-1,-3,-2,16,-4,17,18]],"id":554,"type":"Polygon","properties":{"bound":{"minx":-73.01976300705115,"miny":42.5393584971572,"maxx":-72.62137317679863,"maxy":42.745720859571705},"Geoid10":"25011040100"}}],"type":"GeometryCollection"}},"arcs":[[[214932,-20171],[12314,1524]],[[-29073,-124321],[-29,14243],[28477,3606]],[[-625,-106472],[16751,57565],[8087,1998],[1181,173],[1816,-209],[3706,-1448],[1910,-391],[2539,32],[1556,220],[2420,-3],[5423,-374],[5208,983],[8957,2552],[5404,1136],[5187,-239],[5512,-922],[8560,-707],[2302,339],[2751,107],[3879,953],[1251,152],[1042,-355],[877,-565],[2038,-1827],[547,-182],[1211,-12],[2031,858],[1073,775],[-251,1673],[-1361,1377],[-104,856],[275,594],[809,611],[1003,1332],[1548,998],[2072,369],[1486,-227],[1456,52],[177,-181],[1281,-104],[-145,1899],[689,1778],[-3,627],[263,780],[709,557],[366,526],[102068,12175]],[[-175028,75598],[-806,-38443],[25831,-1426],[48136,3839],[973,-966],[-138,-888],[-901,-1574],[-796,-680],[-929,-414],[-2244,-1995],[-43,-429],[2192,-2650],[124,-1413],[-451,-1421],[-1704,-1932],[-949,-635],[-2796,41],[-982,-144],[-2469,-1539],[-1219,-577],[-1082,-232],[-2090,-5],[-6057,1358],[-1938,-55],[-1464,-293],[-1318,-2298],[-1541,-701],[528,-2608],[1562,-2535],[-82,-797],[-619,-608],[-4649,-67],[-1783,183],[-2270,-44],[-2070,-218],[-2452,-459],[-373,-289],[1212,-2402],[135,-984],[-223,-401],[-1442,-312],[-4836,254],[-794,-580],[85,-452],[1207,-1238],[5837,-4787],[3671,-1488],[2446,-549],[1400,-546],[2116,-1428],[2086,-1822],[1186,-565],[552,-8],[535,214],[837,591],[1350,1325],[2174,896],[1912,288],[2097,-241],[2211,267],[767,565],[913,2008],[1452,504],[3838,-529],[1937,-930],[471,-824],[111,-2712],[-1213,-3928],[153,-3805],[1444,-3186],[501,-380],[818,-167],[1787,-9860],[-11350,-39027],[-12990,-46046]],[[-237549,-106033],[106443,-17870]],[[-213951,9729],[-1455,-20560]],[[-175028,75598],[-806,-38443],[25831,-1426],[48136,3839],[973,-966],[-138,-888],[-901,-1574],[-796,-680],[-929,-414],[-2244,-1995],[-43,-429],[2192,-2650],[124,-1413],[-451,-1421],[-1704,-1932],[-949,-635],[-2796,41],[-982,-144],[-2469,-1539],[-1219,-577],[-1082,-232],[-2090,-5],[-6057,1358],[-1938,-55],[-1464,-293],[-1318,-2298],[-1541,-701],[528,-2608],[1562,-2535],[-82,-797],[-619,-608],[-4649,-67],[-1783,183],[-2270,-44],[-2070,-218],[-2452,-459],[-373,-289],[1212,-2402],[135,-984],[-223,-401],[-1442,-312],[-4836,254],[-794,-580],[85,-452],[1207,-1238],[5837,-4787],[3671,-1488],[2446,-549],[1400,-546],[2116,-1428],[2086,-1822],[1186,-565],[552,-8],[535,214],[837,591],[1350,1325],[2174,896],[1912,288],[2097,-241],[2211,267],[767,565],[913,2008],[1452,504],[3838,-529],[1937,-930],[471,-824],[111,-2712],[-1213,-3928],[153,-3805],[1444,-3186],[501,-380],[818,-167],[1787,-9860],[-11350,-39027],[-12990,-46046]],[[-127504,-109601],[-3752,-14240],[150,-62]],[[-237549,-106033],[-10129,1739],[15067,12383],[-3826,21103]],[[-236437,-70808],[16764,-706],[1290,18341]],[[-218383,-53173],[2977,42342]],[[-213951,9729],[1396,20265],[193,200],[764,12666]],[[-211598,42860],[10955,33097]],[[-200643,75957],[25615,-359]],[[-175028,75598],[0,0]],[[173297,67354],[1846,-9843],[347,-636],[-27,-834],[458,-2067],[360,-741],[1712,-1686],[267,-582],[-11,-1040],[-549,-2148],[-479,-310],[-1440,-380],[-473,-1737],[-898,-186],[-1028,-2389],[528,-158],[2573,-6],[822,-238],[127,-663],[-364,-1748],[118,-2056],[995,-889],[1553,-819],[1043,-923],[838,-306],[638,-605],[440,-1392],[1539,-1242],[83,-1210],[342,-262],[998,-1494],[-447,-584],[268,-959],[699,-444],[1505,-557],[3133,-713],[1942,-1298],[204,-651],[-1200,-2081],[-29,-571],[839,-433],[2961,-416],[435,-365],[25,-240],[-592,-1178],[-1688,-208],[-865,-608],[-275,-880],[-28,-925],[1979,-989],[506,-411],[391,-913],[302,-1827],[451,-559],[2003,-1150],[3210,-690],[869,-558],[2700,-1183],[638,-627],[966,-1551],[404,-285],[589,-170],[3580,-359],[637,-547],[1000,-1574],[1720,-1457],[-32,-919],[424,-172],[1225,-107],[683,-364],[126,-571],[-382,-1291],[-370,-447],[-1206,-744],[-59,-583],[466,-376],[1829,-557],[3404,-626],[1046,-771],[762,-843],[857,-1392],[157,-686],[-339,-331],[-835,-390],[-400,-903],[1339,-1963],[174,-902],[1209,-432],[1129,482],[590,-307],[208,-739],[509,-665],[977,-524],[235,-651],[-1019,-938],[-106,-583],[158,-155]],[[-29073,-124321],[-37599,5492],[-60832,9228]],[[-175028,75598],[99340,-1969],[114449,-2583],[134536,-3692]],[[173297,67354],[0,0]]]}