{"type":"Topology","transform":{"scale":[1.0E-6,1.0E-6],"translate":[-72.52291478515001,42.638931439515474]},"objects":{"MA":{"geometries":[{"arcs":[[13,14,15,16]],"id":551,"type":"Polygon","properties":{"bound":{"minx":-72.51476119312332,"miny":42.60380160460563,"maxx":-72.37839136932594,"maxy":42.72966443774247},"Geoid10":"25011040300"}},{"arcs":[[17,-11,-13,-12,-7,-10,18,-4,19,20]],"id":552,"type":"Polygon","properties":{"bound":{"minx":-72.50244931838456,"miny":42.50018160405796,"maxx":-72.27263079748721,"maxy":42.72644986845685},"Geoid10":"25011040400"}},{"arcs":[[-3,-2,-9,-8,-6,-5,-1,21,22]],"id":555,"type":"Polygon","properties":{"bound":{"minx":-72.67238252921608,"miny":42.595130000964815,"maxx":-72.46631264978795,"maxy":42.734815857642594},"Geoid10":"25011040200"}}],"type":"GeometryCollection"}},"arcs":[[[-151662,93957],[1846,-9843],[347,-636],[-27,-834],[458,-2067],[360,-741],[1712,-1686],[267,-582],[-11,-1040],[-549,-2148],[-479,-310],[-1440,-380],[-473,-1737],[-898,-186],[-1028,-2389],[528,-158],[2573,-6],[822,-238],[127,-663],[-364,-1748],[118,-2056],[995,-889],[1553,-819],[1043,-923],[838,-306],[638,-605],[440,-1392],[1539,-1242],[83,-1210],[342,-262],[998,-1494],[-447,-584],[268,-959],[699,-444],[1505,-557],[3133,-713],[1942,-1298],[204,-651],[-1200,-2081],[-29,-571],[839,-433],[2961,-416],[435,-365],[25,-240],[-592,-1178],[-1688,-208],[-865,-608],[-275,-880],[-28,-925],[1979,-989],[506,-411],[391,-913],[302,-1827],[451,-559],[2003,-1150],[3210,-690],[869,-558],[2700,-1183],[638,-627],[966,-1551],[404,-285],[589,-170],[3580,-359],[637,-547],[1000,-1574],[1720,-1457],[-32,-920],[424,-172],[1225,-107],[683,-364],[126,-571],[-382,-1291],[-370,-447],[-1206,-744],[-59,-583],[466,-376],[1829,-557],[3404,-626],[1046,-771],[762,-843],[857,-1392],[157,-686],[-339,-331],[-835,-390],[-400,-903],[1339,-1963],[174,-902],[1209,-432],[1129,482],[590,-307],[208,-739],[509,-665],[977,-524],[235,-651],[-1019,-938],[-106,-583],[158,-155]],[[25843,-41362],[641,447],[5430,5992]],[[31914,-34923],[960,1187],[1463,2573],[1162,744],[3592,1308],[1854,1596],[419,595],[1622,3999],[31,1190],[-519,2107],[-7439,12185],[-1239,1645],[-454,1045],[311,1282],[516,906],[1526,1755],[4332,3492],[1938,1341],[8115,4399],[2430,1836],[3832,3303],[1164,1186],[232,625],[-75,1900],[-129,577],[-718,1291],[-4271,4512],[-1137,1782],[-567,4564],[238,1169],[-3276,733],[-703,-156],[-986,1700],[-1942,2503],[-1952,2170],[-1834,1043],[-2550,-632],[-307,-1722],[-1184,-2469],[-2832,758],[-737,5965],[-6120,-1455],[-20540,49990]],[[110899,86503],[34884,-86127],[-86287,-19324],[1767,-13503],[-29349,-2472]],[[-97713,7955],[24612,2773],[42698,5109]],[[-30403,15837],[9669,1091],[-421,-595],[3494,422],[-442,-1842],[-68,-1890],[260,-501],[930,-691],[-966,-1131],[-425,-1034],[297,-676],[11,-718],[657,-1254],[-102,-977],[-287,-156],[-306,129],[-611,-37],[-360,347],[-238,24],[-1062,-734],[-752,-296],[-599,-93],[-563,150],[-858,-33],[-934,-1039],[-761,-1276],[-1294,-746],[-75,-1537],[297,-964],[-184,-701],[211,-702],[605,-980],[637,-545],[657,-232],[196,-394],[-426,-926],[-1139,-1589],[-507,-388],[-934,-205],[-408,-837],[-845,-509],[-216,-419],[-22,-361],[527,-709],[71,-447],[-1056,-1802],[773,-552],[1547,44],[580,-681],[-275,-394],[-948,-698],[-173,-433],[491,-1759],[-188,-1782],[619,-838],[-481,-1758],[386,-623],[-781,-901],[-2089,-1513],[-576,-1801],[89,-1081]],[[63273,-122504],[20034,2159],[-1322,-8175],[82747,-9065],[1392,47356]],[[-29771,-26736],[4,-1337],[754,-1056],[2507,-2330],[2381,-1328],[901,-778],[358,-603],[414,-1961],[-89,-2870],[177,-1384],[640,-1058],[1167,-707],[1678,-379],[696,-5],[1926,352]],[[-16257,-42180],[7263,2595],[3022,1488],[5121,3081],[1694,480],[1479,107],[7210,-195],[106,141],[6972,-792],[676,-629],[122,-1074],[1050,-2063],[1460,-1400],[2690,-1719],[1685,86],[1550,712]],[[25843,-41362],[693,-673],[222,-598],[4,-1156],[-271,-1267],[307,-401],[1039,-745],[-81,-219],[-2279,-2212],[-419,-610],[-369,-879],[614,-1621],[-53,-772],[-264,-472],[-3585,-3277],[-2205,-1713],[208,-586],[1262,-754],[1307,-134],[1397,130],[1936,499],[1444,187],[466,312],[1471,150],[1081,-59],[1289,-511],[1812,-1388],[2212,-446],[3674,140],[1197,644],[1534,64],[1374,-370],[931,-574],[1876,-1582],[901,-1331],[834,-711],[764,-427],[1194,-251],[622,-11],[2500,567],[4328,2206],[253,-528],[1887,-2184],[-265,-845],[446,-1256],[-491,-1171],[903,-954],[230,-731],[616,-846],[90,-1176],[679,-435],[802,-994],[42,-765],[975,-527],[755,-1143],[926,-538],[539,-595],[1514,-653],[864,-629],[1279,-1715],[73,-1324],[737,-1943],[565,-750],[-6956,-38589]],[[228668,16598],[-1157,5287],[12198,1686],[-2331,10889],[13541,1267]],[[166124,-90229],[3000,49280]],[[169124,-40949],[-1529,515],[-2063,356],[-1671,-135],[-1184,-1098],[-209,-644],[-850,-784],[-351,-573],[-640,-336],[-2413,14093],[46272,5525],[-3139,16577],[10380,1358],[-1636,7965],[10937,625],[-1494,7414],[10308,1756],[-1174,4933]],[[110899,86503],[34884,-86127],[-86287,-19324],[1767,-13503],[-29349,-2472]],[[31914,-34923],[960,1187],[1463,2573],[1162,744],[3592,1308],[1854,1596],[419,595],[1622,3999],[31,1190],[-519,2107],[-7439,12185],[-1239,1645],[-454,1045],[311,1282],[516,906],[1526,1755],[4332,3492],[1938,1341],[8115,4399],[2430,1836],[3832,3303],[1164,1186],[232,625],[-75,1900],[-129,577],[-718,1291],[-4271,4512],[-1137,1782],[-567,4564],[238,1169],[-3276,733],[-703,-156],[-986,1700],[-1942,2503],[-1952,2170],[-1834,1043],[-2550,-632],[-307,-1722],[-1184,-2469],[-2832,758],[-737,5965],[-6120,-1455],[-20540,49990]],[[6140,89599],[104759,-3096]],[[110899,86503],[0,0]],[[239933,82617],[10986,-46890]],[[25843,-41362],[641,447],[5430,5992]],[[110899,86503],[129034,-3886]],[[239933,82617],[0,0]],[[-151662,93957],[50042,-1255],[8042,-345],[17855,-365],[81863,-2393]],[[6140,89599],[0,0]]]}