{"type":"Topology","transform":{"scale":[1.0E-6,1.0E-6],"translate":[-72.31106812620999,42.11074809225051]},"objects":{"MA":{"geometries":[{"arcs":[[5,6,7,8,-4,9]],"id":1223,"type":"Polygon","properties":{"bound":{"minx":-72.32391398236034,"miny":42.03130897521454,"maxx":-72.2707338489046,"maxy":42.14517932274609},"Geoid10":"25013813701"}},{"arcs":[[-1,10,11,12,13,-5,-3,14]],"id":1224,"type":"Polygon","properties":{"bound":{"minx":-72.38725001806925,"miny":42.031491284213615,"maxx":-72.3069232828558,"maxy":42.16202753259021},"Geoid10":"25013813702"}},{"arcs":[[15,16,-2,17,18]],"id":1225,"type":"Polygon","properties":{"bound":{"minx":-72.27064757021806,"miny":42.029416632766456,"maxx":-72.13498084477918,"maxy":42.0933508930957},"Geoid10":"25013813801"}}],"type":"GeometryCollection"}},"arcs":[[[-10188,-78760],[-935,3472],[-493,4014],[-904,3825],[-536,4538],[184,1946],[432,1091],[1383,1678],[191,591],[29,859],[-400,1921],[358,1591],[111,1726],[583,2179],[1859,1909],[1314,2120],[3505,3478],[1662,2506],[920,2171],[636,8078],[1356,4965],[-262,1773],[-2468,8184],[-5780,5494],[-167,827],[1473,4353],[1481,2338],[489,1969],[1991,4520],[1173,2050],[1103,1256],[3776,5228],[451,1020],[254,1979],[-123,761],[-1701,4406],[-2330,7816],[-372,599],[-2315,1930],[-448,881]],[[40973,-18226],[-580,-60842]],[[-2708,33282],[-165,150],[143,1967],[-1214,1497],[-544,336],[-480,-16],[-1184,-384],[-992,-1376],[-480,-16],[-1600,560],[-640,1312],[-1136,1216],[-656,144],[-896,-368],[-816,352],[-624,1136],[-448,448],[-3542,521],[-584,228],[-717,786],[-1216,2719],[-740,1113],[-1112,873],[-91,641],[-1761,1059],[-3218,468],[-1265,-127],[-1056,-319],[-448,208],[-674,1684],[-688,416],[-1024,-239],[-241,-383],[-656,-446],[-434,1041],[-928,513],[-609,-96],[-1280,-781],[-481,208]],[[36728,33104],[-1014,178],[-2288,-589],[-1578,243],[-644,-79],[-806,-350],[-971,-1787],[-3287,-319],[-959,132],[-379,409],[-735,207],[-1328,-157],[-1232,298],[-1393,93],[-730,329],[-1431,1363],[-705,72],[-1282,-572],[-807,-63],[-1130,1168],[-1346,306],[-3937,-578],[-1663,365],[-1795,-51],[-1888,447],[-1071,-180],[-2644,-1477],[-1605,343],[-788,427]],[[-37205,50327],[-634,-628],[-1488,544],[-1422,-242],[-2386,-2],[-1251,-296],[-5743,-2276],[-4817,-3305],[-3302,-1069],[-6008,-478],[-5346,-1287],[-687,4],[-1801,370],[-3298,-197],[-2483,167]],[[36728,33104],[112,-2955],[4133,-48375]],[[40973,-18226],[-580,-60842]],[[40393,-79068],[-50581,308]],[[-10188,-78760],[-935,3472],[-493,4014],[-904,3825],[-536,4538],[184,1946],[432,1091],[1383,1678],[191,591],[29,859],[-400,1921],[358,1591],[111,1726],[583,2179],[1859,1909],[1314,2120],[3505,3478],[1662,2506],[920,2171],[636,8078],[1356,4965],[-262,1773],[-2468,8184],[-5780,5494],[-167,827],[1473,4353],[1481,2338],[489,1969],[1991,4520],[1173,2050],[1103,1256],[3776,5228],[451,1020],[254,1979],[-123,761],[-1701,4406],[-2330,7816],[-372,599],[-2315,1930],[-448,881]],[[36728,33104],[0,0]],[[-10188,-78760],[-17669,128],[-9482,290],[-18583,299]],[[-55922,-78043],[-7615,43106],[7,1924],[-1098,4248],[-985,5089],[-2801,16059]],[[-68414,-7617],[-1188,6979],[-8084,41230]],[[-77686,40592],[-185,1040]],[[-2708,33282],[0,0]],[[176114,-20083],[-158,0],[-603,-60419]],[[175353,-80502],[-9083,375],[-3866,-91],[-21934,290],[-70694,554],[-7521,76],[-710,176],[-21152,54]],[[40973,-18226],[135141,-1857]],[[176114,-20083],[0,0]]]}