{"type":"Topology","transform":{"scale":[1.0E-6,1.0E-6],"translate":[-72.28655987803046,42.61397194148053]},"objects":{"MA":{"geometries":[{"arcs":[[12,13,14,15,16,-11,17,18,19]],"id":522,"type":"Polygon","properties":{"bound":{"minx":-72.35676181185367,"miny":42.54662709879518,"maxx":-72.22526098413412,"maxy":42.67562156183169},"Geoid10":"25011040502"}},{"arcs":[[20,-9,-12,-10,-6,-7,21,-5,22,23]],"id":552,"type":"Polygon","properties":{"bound":{"minx":-72.50244931838456,"miny":42.50018160405796,"maxx":-72.27263079748721,"maxy":42.72644986845685},"Geoid10":"25011040400"}},{"arcs":[[-1,-3,24,-2,-8,-4,25,26]],"id":721,"type":"Polygon","properties":{"bound":{"minx":-72.28175334595507,"miny":42.622786381112626,"maxx":-72.05700433529452,"maxy":42.72285779710447},"Geoid10":"25027702200"}}],"type":"GeometryCollection"}},"arcs":[[[212061,10276],[-5586,11798],[-829,3037],[-281,6695],[116,1581],[2969,9477],[147,998],[-57,1417],[-1339,6949],[117,1129],[689,1250],[1495,1344],[3722,1809],[5293,3634],[236,130],[435,-109],[21,318],[-376,527],[71,197],[733,692],[464,1534],[932,949],[775,1119],[840,213],[1180,-332],[997,-3],[1386,280],[1457,546],[2209,188],[21,2454],[-2511,-77],[120,1440],[625,512],[-2834,2337],[2023,849],[1368,15],[-2405,4244],[-948,3104],[-272,2292],[-627,2404],[-1190,2816],[-225,1461],[352,389],[-4383,4899],[-1498,1335],[-2776,1597],[-6108,2538]],[[61720,25009],[57425,7542],[2142,-10101],[993,-3854],[5933,643],[1697,-9611],[2076,214]],[[147439,9951],[22489,2684],[40882,-1372],[1251,-987]],[[3578,107577],[10986,-46890]],[[-125455,111463],[34884,-86127],[-86287,-19325],[1767,-13502],[-29349,-2472]],[[-173081,-97544],[20034,2159],[-1322,-8175],[82747,-9065],[1392,47356]],[[-210511,-16402],[693,-673],[222,-598],[4,-1156],[-271,-1267],[307,-401],[1039,-745],[-81,-219],[-2279,-2212],[-419,-610],[-369,-879],[614,-1621],[-53,-772],[-264,-472],[-3585,-3277],[-2205,-1713],[208,-586],[1262,-754],[1307,-134],[1397,130],[1936,499],[1444,187],[466,312],[1471,150],[1081,-59],[1289,-511],[1812,-1388],[2212,-446],[3674,140],[1197,644],[1534,64],[1374,-370],[931,-574],[1876,-1582],[901,-1331],[834,-711],[764,-427],[1194,-251],[622,-11],[2500,567],[4328,2206],[253,-528],[1887,-2184],[-265,-845],[446,-1256],[-491,-1171],[903,-954],[230,-731],[616,-846],[90,-1176],[679,-435],[802,-994],[42,-765],[975,-527],[755,-1143],[926,-538],[539,-595],[1514,-653],[864,-629],[1279,-1715],[73,-1324],[737,-1943],[565,-750],[-6956,-38589]],[[14564,60687],[83,-355],[13529,1105],[996,-7454],[13892,1293],[1386,-7606],[12629,1024],[4641,-23685]],[[-7686,41558],[-1157,5287],[12197,1686],[-2331,10889],[13541,1267]],[[-70230,-65269],[3000,49280]],[[-7686,41558],[1217,-786],[626,-651],[5764,-7671],[4192,-3282],[48,-2622],[-480,-1552],[-259,-4931],[-105,-4968],[184,-2357],[-502,-808],[-1591,-1657],[-542,-352],[311,-511],[545,-2365],[490,-3540],[635,-2758],[275,-129],[3591,213],[-222,-6777],[-463,-4732],[-907,-3266],[-454,-577],[-3095,-1865],[218,-2013],[-174,-1092],[-1823,-3372],[-3096,-2168],[-1120,-1108],[-1314,34],[668,-730],[26,-748],[-168,-185],[-3302,77],[-3191,-344],[-1259,43],[-372,-3086],[941,-390],[1052,-95],[1170,-823],[742,-256],[731,-2034],[-343,-593],[120,-766],[-500,-912],[214,-605],[-126,-434],[-654,-797],[-437,-901],[-1049,-1078],[-462,-854],[-1016,-727],[-831,-1745],[1421,-534],[-405,-346],[-1302,520],[-995,-1377],[-758,-56],[-648,231],[-1199,-386],[-123,-2330],[174,-1069],[2627,-5964],[-9541,5364],[-2912,1810],[-6508,4837],[-1096,978],[-1085,1284],[45,1964],[-479,2543],[916,2564],[227,403],[469,321],[2506,270],[-1003,6283],[-361,735],[-754,818],[-817,2021],[-367,407],[-1100,501],[-3043,526],[-4884,-25],[-76,360],[669,751],[17,389],[-431,802],[-2021,-486],[-1535,246],[-2197,-349],[-413,60],[-478,406],[-1711,2821],[-1139,651],[-3097,1153],[-2627,402],[-1472,436],[-1820,-112],[-1156,-260],[-387,-393],[-233,-589],[-933,-576],[-775,-146],[-637,240]],[[-67230,-15989],[-1529,515],[-2063,356],[-1671,-135],[-1184,-1098],[-209,-644],[-850,-784],[-351,-573],[-640,-336],[-2413,14093],[46272,5524],[-3139,16577],[10380,1358],[-1636,7966],[10937,625],[-1494,7414],[10308,1756],[-1174,4933]],[[61720,25009],[-4209,-656],[533,-1066],[124,-798],[2090,-1964],[70,-708],[300,-421],[-252,-929],[305,-420],[-179,-331],[447,-634],[124,-939],[-1160,-1381],[-185,-590],[55,-789],[-271,-466],[-1563,-849],[-1276,35],[-1084,-257],[-603,-391],[-91,-341],[184,-906],[731,-512],[339,138],[991,3],[248,-124],[-30,-601],[-643,-967],[46,-208],[1300,-386],[698,337],[320,-98],[-964,-2958],[71,-354],[411,-482],[-155,-798],[177,-431],[-94,-442],[215,-373],[-444,-624],[-1598,-1025],[-291,-10],[-287,402],[-303,18],[-663,-730],[-404,-108],[-1536,355],[-3891,-162],[-839,545],[-1402,-963],[-571,-162],[-839,477],[-743,65],[-572,-103],[-491,-599],[-9080,-1160],[111,-114],[-185,-85],[-2866,-307],[1474,-6349],[-3090,-162],[-803,-882],[-1678,-520],[-433,-1469],[-799,-1118],[-526,-274],[-1753,-559],[-3126,657],[-1617,-144],[5743,-24945]],[[25238,-38103],[-2138,-8],[-637,349],[-583,835],[-483,341],[-1333,296],[-1555,113],[-1123,-142],[-965,-1278],[-562,-267],[-655,14],[-656,684],[156,1027],[-292,729],[-450,424],[-998,329],[-430,-32],[-180,-171],[-65,-855],[253,-468],[-611,-1130],[-892,-43],[-932,235],[-208,-6412],[1352,-4163],[174,-103],[-39,-302],[1073,-3302]],[[12459,-51403],[510,-1569],[1293,-7067],[828,-6702]],[[15090,-66741],[-85320,1472]],[[-70230,-65269],[3000,49280]],[[-7686,41558],[-1157,5287],[12197,1686],[-2331,10889],[13541,1267]],[[14564,60687],[83,-355],[13529,1105],[996,-7454],[13892,1293],[1386,-7606],[12629,1024],[4641,-23685]],[[61720,25009],[0,0]],[[3578,107577],[10986,-46890]],[[-210511,-16402],[641,447],[5430,5992]],[[-125455,111463],[129033,-3886]],[[3578,107577],[0,0]],[[147439,9951],[-3020,-276],[-12433,167]],[[3578,107577],[33453,-922],[1552,84],[123450,-3074],[46576,-1413]],[[208609,102252],[0,0]]]}