{"type":"Topology","transform":{"scale":[1.0E-6,1.0E-6],"translate":[-73.34326843804058,42.13742964049185]},"objects":{"MA":{"geometries":[{"arcs":[[4,5,6,-4,7]],"id":110,"type":"Polygon","properties":{"bound":{"minx":-73.50697391557162,"miny":42.0492848069616,"maxx":-73.39253282368033,"maxy":42.296788348393235},"Geoid10":"25003934300"}},{"arcs":[[8,9,-3,10,11]],"id":111,"type":"Polygon","properties":{"bound":{"minx":-73.43656760127324,"miny":42.04474931514297,"maxx":-73.29237427905288,"maxy":42.16164332013809},"Geoid10":"25003926100"}},{"arcs":[[-1,12,-2,13,14,15]],"id":173,"type":"Polygon","properties":{"bound":{"minx":-73.30250765963474,"miny":42.04136253967796,"maxx":-73.17566316701479,"maxy":42.174042696861946},"Geoid10":"25003933300"}}],"type":"GeometryCollection"}},"arcs":[[[171050,-94088],[-778,6208],[-1049,9209],[-825,6007],[-3310,26435],[-800,5619],[-1202,9596],[-1496,11184],[-921,7721],[-1169,8550],[-2533,19694]],[[46179,21780],[203,-789],[952,-6810],[665,-3998],[1847,-12060],[608,-4402],[1596,-10466],[-13143,-14024],[47,-168],[1401,-10574],[185,-901],[829,-6699],[2494,-18069],[1198,-9468],[824,-5726],[1065,-7816],[53,-201]],[[-45712,22662],[672,-4926],[-5128,-50],[374,-2486],[-13675,-4235],[2421,-16394],[-13276,176],[-17258,186],[3954,-7272],[407,-670],[1722,-3118],[4924,-9717],[3833,-7834],[-5426,-14380],[-2775,-7564],[-6366,-27054],[-2166,-4214]],[[-59218,121054],[2390,13981],[-15362,7327],[-29,4045],[68,8182],[-3046,804],[-4878,1222],[-7963,2098]],[[-59218,121054],[643,-3172],[5606,-30274],[-3973,68],[-997,-19],[-1283,33],[-3949,9],[-698,36],[-4891,58],[-2332,86],[477,-22373],[180,-1658],[366,-2537],[-19,-134],[154,-1273],[685,-5219],[-1277,-471],[-150,-5283],[1219,125],[175,46],[790,56],[132,-1050],[148,-330],[3103,-24921],[7685,-101],[11710,-36],[2,-58]],[[-45712,22662],[672,-4926],[-5128,-50],[374,-2486],[-13675,-4235],[2421,-16394],[-13276,176],[-17258,186],[3954,-7272],[407,-670],[1722,-3118],[4924,-9717],[3833,-7834],[-5426,-14380],[-2775,-7564],[-6366,-27054],[-2166,-4214]],[[-93475,-86890],[-30195,-518],[-10387,-220],[-5398,-41],[-4590,-122],[-2210,-32],[-7355,69],[-2187,7075],[-499,1187],[-3906,12736],[-17,363],[-4477,13971],[-177,1250],[8579,23733],[2475,6293],[2421,6804],[1548,4579],[4297,11767],[5406,15014],[1082,2866],[3350,9194],[4003,10783],[4303,11778],[7204,19507],[12500,34203],[7858,21239],[11809,32125]],[[-59218,121054],[0,0]],[[46179,21780],[203,-789],[952,-6810],[665,-3998],[1847,-12060],[608,-4402],[1596,-10466],[-13143,-14024],[47,-168],[1401,-10574],[185,-901],[829,-6699],[2494,-18069],[1198,-9468],[824,-5726],[1065,-7816],[53,-201]],[[47003,-90391],[-31463,922],[-8235,177],[-4119,148],[-5561,89],[-10727,340],[-18190,390],[-461,-18],[-16644,453],[-13440,413],[-21062,532],[-6644,103],[-3932,-48]],[[-45712,22662],[14423,-58],[9988,-139],[3689,-21],[939,29],[1075,-46],[7012,-91],[54765,-556]],[[46179,21780],[0,0]],[[171050,-94088],[-20857,613],[-17906,476],[-15843,398],[-2974,49],[-3146,198],[-4509,69],[-4754,199],[-7325,207],[-5928,245],[-1198,-10],[-31842,947],[-4886,58],[-2507,236],[-372,12]],[[46179,21780],[9822,-82],[-621,4615],[-359,2272],[-895,6313]],[[54126,34898],[786,-461],[1640,-750],[1786,-739],[217,-177],[413,-225],[598,-208],[530,-154],[401,-77],[422,-6],[226,-55],[664,-66],[243,-60],[251,-22],[53,-28],[-31,-102],[137,-57],[353,-43],[268,45],[102,-100],[179,-26],[128,23],[205,-69],[428,-303],[185,-93],[236,6],[583,153],[258,33],[229,-170],[324,11],[486,-65],[318,-149],[129,-18],[-32,-114],[369,8],[207,-100],[276,53],[232,10],[231,-125],[-3,-215],[155,-137],[900,-686],[265,-313],[642,-423],[302,-138],[310,-55],[450,-143],[273,-137],[199,-22],[140,-49],[115,-98],[24287,2884],[22611,-20389],[38165,5378]],[[156967,16135],[0,0]]]}