{"type":"Topology","transform":{"scale":[1.0E-6,1.0E-6],"translate":[-73.05393784583028,42.127251668590056]},"objects":{"MA":{"geometries":[{"arcs":[[6,7,8,9,-4,10]],"id":171,"type":"Polygon","properties":{"bound":{"minx":-73.18358908178963,"miny":42.03801727804056,"maxx":-73.00824156365793,"maxy":42.254147043333774},"Geoid10":"25003933400"}},{"arcs":[[-2,11,-6,12,13,14]],"id":173,"type":"Polygon","properties":{"bound":{"minx":-73.30250765963474,"miny":42.04136253967796,"maxx":-73.17566316701479,"maxy":42.174042696861946},"Geoid10":"25003933300"}},{"arcs":[[-1,15,16,17,18,19,-3,-5,20,21]],"id":865,"type":"Polygon","properties":{"bound":{"minx":-73.0733455786336,"miny":42.03368115471894,"maxx":-72.7839979481016,"maxy":42.34588989966005},"Geoid10":"25013813000"}}],"type":"GeometryCollection"}},"arcs":[[[240521,117755],[-44225,-4516],[-6667,-8400],[-4110,-8343],[-3762,-7309],[-40122,22694],[2975,2496],[133,79],[28592,23674],[-236,2651],[39,503],[-653,9070],[-3732,55009],[-24,-3]],[[-118280,-83910],[-778,6208],[-1049,9209],[-825,6007],[-3310,26435],[-800,5619],[-1202,9596],[-1496,11184],[-921,7721],[-1169,8549],[-2533,19695]],[[45944,111157],[126,-1],[-27053,-94756],[-26982,3413],[-9296,1149],[75,-203],[192,-229],[267,-454],[319,-1073],[225,-206],[-87,-220],[32,-405],[-28,-85],[-98,-107],[-12,-360],[-1218,-808],[-417,-389],[2,-586],[74,-213],[210,-278],[107,-209],[310,-964],[392,-592],[197,-517],[534,-657],[263,-248],[622,-492],[288,-347],[75,-262],[-95,-809],[57,-172],[247,-414],[157,-850],[19,-270],[-74,-224],[-159,-128],[-572,-328],[-115,-115],[-304,-1283],[-109,-214],[-2,-401],[66,-721],[73,-357],[179,-431],[8,-271],[742,-980],[438,-742],[371,-951],[195,-706],[162,-291],[344,-424],[165,-336],[296,-1013],[59,-722],[197,-426],[258,-405],[148,-143],[906,-528],[295,-221],[664,-588],[199,-282],[184,-382],[325,-438],[1562,-1494],[634,-767],[221,-324],[74,-582],[-140,-529],[-111,-205],[-509,-676],[-582,-625],[-634,-489],[-317,-202],[-1010,-501],[-1755,-713],[-1289,-379],[-767,-122],[-560,-171],[-361,-39],[-170,-46],[-870,-486],[-324,-129],[-494,-330],[-421,-177],[-434,-313],[-729,-604],[-288,-396],[-141,-484],[-29,-360],[148,-246],[752,-589],[228,-314],[104,-452],[0,-356],[-104,-480],[-132,-259],[-177,-236],[-405,-398],[-413,-326],[-627,-278],[-353,-62],[-162,-60],[-480,-244],[-229,-154],[-132,-205],[-103,-304],[-37,-450],[44,-284],[177,-179],[-22,-346],[751,-2511],[1085,-7682],[10219,-21356],[984,-2389],[235,-39],[315,-138],[256,-264],[455,-760],[375,-482],[301,-292],[225,-161],[1037,-656],[256,-259],[174,-397],[15,-266],[-104,-399],[-110,-210],[-199,-226],[-472,-348],[-250,-261],[-471,-195],[-354,-70],[-148,-70],[-272,-302],[-361,-570],[-103,-214],[-44,-495],[-96,-354],[-236,-307],[162,-709],[222,-423],[191,-224],[793,-561],[531,-302],[362,-160],[811,-167],[272,-244],[933,-626],[290,-96],[718,-140],[538,-207],[448,-239],[494,-71],[400,-441],[422,-161],[50,-208],[80,-145],[52,-884],[81,-231],[66,-86],[118,-687],[15,-694],[-940,-2087],[-59,-1245],[-187,-638],[-279,-772],[-864,-768],[-684,-802],[-367,-670],[38,-640],[130,-439],[1021,-1287],[668,-679],[-52,-605],[36,-876],[126,-775],[307,-743],[1257,-2112]],[[45944,111157],[-28379,-2265],[-461,4039],[-54164,-6021],[-1666,11337],[-28087,-2321],[98,379],[-10,153],[121,304],[2,135],[-378,371],[-221,373],[-112,448],[-271,752],[-126,182],[-373,308],[-48,122],[-272,369],[-582,946],[-330,996],[9,108],[419,277],[427,358],[850,504],[230,172],[198,276],[120,443],[-2,392],[-48,366],[-111,384],[-140,310],[-4852,-608],[-16002,-1911],[-19419,-2542]],[[53870,185441],[-310,-342],[-1081,-47154],[-388,-14107],[-2414,250],[-459,-1252],[-941,-3136],[-2333,-8543]],[[-243151,31958],[203,-789],[952,-6810],[665,-3998],[1847,-12061],[608,-4402],[1596,-10465],[-13143,-14024],[47,-168],[1401,-10574],[185,-901],[829,-6699],[2494,-18069],[1198,-9468],[824,-5726],[1065,-7816],[53,-201]],[[45944,111157],[126,-1],[-27053,-94756],[-26982,3413],[-9296,1149],[75,-203],[192,-229],[267,-454],[319,-1073],[225,-206],[-87,-220],[32,-405],[-28,-85],[-98,-107],[-12,-360],[-1218,-808],[-417,-389],[2,-586],[74,-213],[210,-278],[107,-209],[310,-964],[392,-592],[197,-517],[534,-657],[263,-248],[622,-492],[288,-347],[75,-262],[-95,-809],[57,-172],[247,-414],[157,-850],[19,-270],[-74,-224],[-159,-128],[-572,-328],[-115,-115],[-304,-1283],[-109,-214],[-2,-401],[66,-721],[73,-357],[179,-431],[8,-271],[742,-980],[438,-742],[371,-951],[195,-706],[162,-291],[344,-424],[165,-336],[296,-1013],[59,-722],[197,-426],[258,-405],[148,-143],[906,-528],[295,-221],[664,-588],[199,-282],[184,-382],[325,-438],[1562,-1494],[634,-767],[221,-324],[74,-582],[-140,-529],[-111,-205],[-509,-676],[-582,-625],[-634,-489],[-317,-202],[-1010,-501],[-1755,-713],[-1289,-379],[-767,-122],[-560,-171],[-361,-39],[-170,-46],[-870,-486],[-324,-129],[-494,-330],[-421,-177],[-434,-313],[-729,-604],[-288,-396],[-141,-484],[-29,-360],[148,-246],[752,-589],[228,-314],[104,-452],[0,-356],[-104,-480],[-132,-259],[-177,-236],[-405,-398],[-413,-326],[-627,-278],[-353,-62],[-162,-60],[-480,-244],[-229,-154],[-132,-205],[-103,-304],[-37,-450],[44,-284],[177,-179],[-22,-346],[751,-2511],[1085,-7682],[10219,-21356],[984,-2389],[235,-39],[315,-138],[256,-264],[455,-760],[375,-482],[301,-292],[225,-161],[1037,-656],[256,-259],[174,-397],[15,-266],[-104,-399],[-110,-210],[-199,-226],[-472,-348],[-250,-261],[-471,-195],[-354,-70],[-148,-70],[-272,-302],[-361,-570],[-103,-214],[-44,-495],[-96,-354],[-236,-307],[162,-709],[222,-423],[191,-224],[793,-561],[531,-302],[362,-160],[811,-167],[272,-244],[933,-626],[290,-96],[718,-140],[538,-207],[448,-239],[494,-71],[400,-441],[422,-161],[50,-208],[80,-145],[52,-884],[81,-231],[66,-86],[118,-687],[15,-694],[-940,-2087],[-59,-1245],[-187,-638],[-279,-772],[-864,-768],[-684,-802],[-367,-670],[38,-640],[130,-439],[1021,-1287],[668,-679],[-52,-605],[36,-876],[126,-775],[307,-743],[1257,-2112]],[[683,-87390],[-6148,164],[-8260,122],[-8781,391],[-10611,342],[-30704,916],[-2467,33],[-4326,168],[-2697,57],[-20924,643],[-10467,214],[-13578,430]],[[-118280,-83910],[-778,6208],[-1049,9209],[-825,6007],[-3310,26435],[-800,5619],[-1202,9596],[-1496,11184],[-921,7721],[-1169,8549],[-2533,19695]],[[-132363,26313],[-412,2200],[20496,1540],[-607,5609],[504,1320],[4300,14326],[-17,9934],[-60,8534],[51,6523],[193,2171],[391,40983],[-112,840]],[[45944,111157],[0,0]],[[-118280,-83910],[-20857,613],[-17906,476],[-15843,398],[-2974,49],[-3146,198],[-4509,69],[-4754,199],[-7325,207],[-5928,245],[-1198,-10],[-31842,947],[-4886,58],[-2507,236],[-372,12]],[[-243151,31958],[9822,-82],[-621,4615],[-359,2272],[-895,6313]],[[-235204,45076],[786,-461],[1640,-750],[1786,-739],[217,-177],[413,-225],[598,-208],[530,-154],[401,-77],[422,-6],[226,-55],[664,-66],[243,-60],[251,-22],[53,-28],[-31,-102],[137,-57],[353,-43],[268,45],[102,-100],[179,-26],[128,23],[205,-69],[428,-303],[185,-93],[236,6],[583,153],[258,33],[229,-170],[324,11],[486,-65],[318,-149],[129,-18],[-32,-114],[369,8],[207,-100],[276,53],[232,10],[231,-125],[-3,-215],[155,-137],[900,-686],[265,-313],[642,-423],[302,-138],[310,-55],[450,-143],[273,-137],[199,-22],[140,-49],[115,-98],[24287,2884],[22611,-20389],[38165,5378]],[[-132363,26313],[0,0]],[[240521,117755],[116,-854],[841,-9177],[19045,1878],[1427,-19552],[9876,-31],[1072,-17522]],[[272898,72497],[-4723,725],[-12130,-34613],[-4614,-2975],[-5008,-5546],[-5361,-1492],[-281,-328]],[[240781,28268],[-485,-573],[-140,-73],[-1250,-1562],[-13875,-16300],[-449,442],[-438,349],[-254,126],[-707,217],[-629,85],[-507,-23],[-1183,-160],[-277,-11],[-1106,-241],[-430,-114],[-461,-223],[-645,-206],[-161,-80],[-177,-172],[-130,-194],[-46,-274],[177,-314],[65,-273],[365,-859],[-10,-311],[-70,-214],[-138,-224],[-272,-250],[-215,-143],[-446,-216],[-626,-195],[-914,-5],[-625,-153],[-318,-176],[-227,-187],[-226,-215],[-217,-272],[-139,-103],[-184,-117],[-305,-110],[-480,-45],[-484,21],[-622,81],[-1011,80],[-375,-66],[-140,-98],[-124,-194],[-118,-420],[-26,-355],[5,-533],[84,-886],[152,-559],[358,