{"type":"Topology","transform":{"scale":[1.0E-6,1.0E-6],"translate":[-70.15772875733975,42.03591141042442]},"objects":{"MA":{"geometries":[{"arcs":[[1,2,3,4,5]],"id":215,"type":"Polygon","properties":{"bound":{"minx":-70.1565148769187,"miny":41.958777724297065,"maxx":-69.99417194102621,"maxy":42.07487801067959},"Geoid10":"25001010208"}},{"arcs":[[-1,6],[7],[8],[9]],"id":242,"type":"Polygon","properties":{"bound":{"minx":-70.24657764827333,"miny":42.02041261556065,"maxx":-70.14619200315543,"maxy":42.081808801007085},"Geoid10":"25001010100"}}],"type":"GeometryCollection"}},"arcs":[[[10318,25740],[51,2219],[814,1367],[-4835,7384],[-1818,2854],[-820,1393]],[[160999,-69117],[-17367,-1580],[-13974,-1217],[-10730,-1129],[-38669,-5047]],[[80259,-78090],[-113,678],[-1,1203],[419,1526],[110,1449],[191,1763],[-45,1438],[103,543],[-1,2010],[-44,1608],[-67,741],[-15,1324],[-59,653],[-82,5155],[-103,571],[-82,1191],[-250,1718],[72,3750],[-89,961],[-140,642],[-309,708],[-611,1647],[-265,472],[-353,527],[-251,291],[-81,170],[-59,752],[1155,132],[148,-291],[162,-170],[316,-181],[375,-115],[317,-39],[316,44],[295,110],[213,154],[287,340],[96,39],[2318,-324],[213,-121],[88,-131],[-44,-77],[-103,-33],[-331,159],[-154,0],[-177,-66],[-338,-362],[-140,-368],[103,-44],[154,16],[221,105],[243,170],[280,55],[103,-44],[95,-88],[30,-428],[44,-121],[81,-55],[471,-76],[390,5],[110,-49],[96,-127],[-22,-208],[-132,-269],[-236,-253],[-221,-121],[-463,-148],[-103,-126],[-52,-198],[59,-258],[-279,-280],[-96,-170],[15,-115],[133,-110],[412,-115],[7,-61],[-250,-181],[-66,-110],[7,-60],[96,-22],[309,82],[73,247],[258,209],[-133,82],[-618,110],[-37,55],[427,307],[110,500],[707,412],[125,148],[213,456],[66,346],[110,27],[471,-159],[221,-154],[250,-477],[67,22],[59,439],[22,648],[-67,77],[-331,27],[-478,110],[-361,153],[-316,264],[-52,176],[66,609],[-59,187],[-257,367],[0,127],[95,88],[913,203],[117,-11],[251,-94],[154,0],[486,330],[257,55],[398,-33],[177,38],[257,165],[508,126],[677,445],[596,335],[633,472],[493,176],[-8,60],[-59,17],[-390,-50],[-37,44],[288,242],[331,708],[272,368],[198,55],[1156,143],[861,307],[309,60],[102,-21],[-192,166],[153,113],[-151,28],[-1053,-115],[-1152,-403],[-732,-372],[1,-60],[-185,-346],[-198,-302],[-346,-340],[-574,-330],[-1310,-516],[-1288,-428],[-404,-176],[-552,-170],[-331,-137],[-523,-105],[-184,110],[-758,758],[-501,312],[-419,379],[-155,242],[-405,499],[-161,170],[-464,352],[-1244,1356],[-118,76],[-52,-33],[118,-313],[-66,-197],[155,-170],[721,-357],[-22,-49],[-191,-44],[-30,-83],[110,-230],[15,-203],[-139,-187],[-162,-6],[-148,77],[-95,132],[-125,472],[-118,253],[-494,620],[-324,889],[-309,675],[-162,275],[-118,71],[-66,-11],[-59,-110],[-37,-554],[-161,-642],[44,-379],[192,-730],[59,-1713],[66,-313],[206,-308],[170,-159],[257,-137],[265,-71],[324,-22],[795,22],[22,-82],[-184,-160],[-199,-88],[-890,6],[-603,-105],[-214,-87],[-353,-341],[-279,-104],[0,-148],[-74,-143],[-758,-88],[66,66],[383,159],[88,99],[22,1230],[-207,818],[-59,647],[-162,593],[-199,1345],[-221,1175],[-572,2342],[-8,247],[-1591,4738],[-103,625],[-244,912],[-125,285],[0,137],[-199,698],[-656,1635],[-73,571],[-325,698],[-44,433],[-133,467],[-243,368],[-420,1339],[-88,489],[-428,982],[-29,214],[-177,374],[-88,296],[-413,631],[-147,533],[-251,373],[-155,456],[-574,1262],[-266,390],[-103,340],[-287,670],[-287,505],[-118,346],[-641,1114],[-126,401],[-154,335],[-782,1295],[-177,352],[-449,598],[-251,554],[-1282,1894],[-1864,2547],[-317,296],[-184,269],[-434,456],[-840,982],[-479,456],[-155,241],[-833,895],[-641,521],[-331,313],[-207,252],[-287,247],[-376,253],[-228,290],[-3132,2804],[-2962,2447],[-1407,1081],[-1054,741],[-1444,1092],[-1577,922],[-833,543],[-1584,872],[-74,77],[-324,153],[-332,209],[-1076,565],[-390,170],[-634,416],[-1098,532],[-287,94],[-2867,1442],[-921,395],[-825,395],[-413,148],[-973,532],[-678,285],[-478,269],[-5850,2227],[-51,-5],[-471,192],[-1223,407],[-802,302],[-442,220],[-656,253],[-1937,643],[-1730,484],[-450,170],[-139,99],[-125,203],[-126,127],[-184,104],[-559,204],[-258,170],[-655,714],[-383,247],[-1009,368],[-663,297],[-1451,335],[-1244,830],[-1407,489],[-214,38],[-346,121],[-567,142]],[[10318,25740],[51,2219],[814,1367],[-4835,7384],[-1818,2854],[-820,1393]],[[3710,40957],[523,-161],[1046,-165],[1960,-220],[987,-204],[1135,-335],[700,-148],[832,-226],[663,-71],[995,-12],[368,-44],[1172,-335],[729,-319],[1009,-285],[406,-77],[412,-149],[715,-170],[891,-275],[958,-247],[1297,-265],[898,-313],[788,-330],[1216,-406],[1886,-473],[618,-187],[619,-99],[752,-187],[1068,-210],[339,-110],[2858,-682],[1709,-259],[594,-138],[346,-16],[1113,-219],[524,-335],[339,-115],[1208,-345],[2565,-658],[825,-191],[413,-55],[413,-115],[1083,-450],[803,-296],[1128,-290],[523,-176],[907,-400],[1142,-582],[2241,-899],[2159,-674],[2542,-735],[729,-148],[789,-252],[693,-329],[516,-340],[1142,-456],[515,-164],[722,-60],[472,-88],[280,-335],[192,-170],[928,-395],[597,-329],[442,-176],[811,-208],[796,-258],[1996,-872],[708,-406],[847,-286],[626,-307],[391,-93],[1488,-609],[803,-472],[722,-247],[1592,-647],[265,-154],[354,-263],[817,-187],[369,-126],[1878,-1015],[1481,-599],[501,-334],[693,-406],[626,-324],[1289,-873],[590,-324],[987,-604],[191,-164],[391,-225],[398,-181],[368,-237],[309,-153],[140,-121],[236,-121],[383,-137],[1400,-818],[942,-400],[914,-516],[456,-214],[1820,-1280],[1002,-620],[412,-187],[737,-417],[1252,-829],[486,-285],[324,-258],[744,-362],[449,-396],[656,-346],[1487,-1054],[1164,-911],[1009,-1010],[670,-527],[552,-560],[714,-461],[862,-659],[331,-291],[1237,-867],[634,-532],[699,-440],[560,-609],[1252,-1087],[198,-203],[133,-203],[1067,-972],[251,-181],[699,-621],[751,-401],[707,-571],[964,-1087],[714,-626],[140,-247],[140,-121],[228,-126],[692,-665],[1465,-1224],[1030,-1082],[214,-170],[522,-642],[1112,-1131],[545,-495],[1810,-1916],[1472,-1356],[758,-769],[324,-428],[338,-346],[199,-297],[714,-741],[228,-335],[507,-544],[405,-576],[736,-797],[375,-472],[714,-1115],[787,-653],[478,-516],[52,-22],[279,-401],[670,-741],[470,-703],[971,-994],[398,-571],[198,-220],[508,-796],[441,-533],[250,-384],[309,-714],[471,-687],[963,-1109],[471,-664],[574,-687],[250,-236],[507,-670],[581,-659],[431,-738],[979,-939],[603,-637],[242,-335],[846,-1559],[603,-824],[14,-368],[177,-280],[617,-675],[405,-621],[647,-835],[390,-324],[154,-208],[132,-527],[191,-226],[324,-296],[242,-483],[1104,-1050],[529,-593],[507,-884],[955,-1949],[500,-939],[1940,-2845],[529,-856],[353,-478],[324,-363],[661,-884],[213,-373],[301,-374],[206,-307],[500,-906],[727,-885],[1029,-1362],[316,-527],[110,-82],[74,5],[59,72],[0,313],[74,16],[66,-71],[154,-313],[176,-643],[426,-675],[823,-1533],[551,-708],[183,-368],[837,-1269],[206,-373],[715,-1032],[700,-1191],[419,-568]],[[160999,-69117],[0,0]],[[10318,25740],[-663,188],[-1017,231],[-139,66],[-1835,247],[-957,72],[-951,-27],[-796,44],[-2784,-10],[-391,-93],[-875,-148],[-708,-176],[-523,-203],[-1179,-219],[-375,-116],[-391,-82],[-1017,-120],[-2136,-379],[-1518,-345],[-2048,-351],[-862,-236],[-921,-154],[-1746,-571],[-110,-82],[-346,-154],[-501,-120],[-1172,-379],[-921,-346],[-898,-296],[-1069,-417],[-2637,-1307],[-1598,-955],[-89,-22],[-162,-126],[-66,-11],[-8,-38],[-169,-110],[-199,-77],[-1296,-933],[-847,-840],[-339,-253],[-361,-219],[-405,-374],[397,-417],[74,33],[250,-280],[-66,-33],[52,-71],[-155,-55],[-685,752],[-74,-49],[-272,-330],[-170,-148],[-117,-55],[987,-543],[1900,-1181],[140,94],[700,-461],[272,214],[140,-110],[-52,-72],[-545,-433],[-132,110],[110,82],[-567,362],[-294,-203],[-126,66],[243,236],[-1899,1263],[-111,-55],[-759,-659],[1981,-1257],[-66,-71],[-1989,1235],[-81,-44],[-132,66],[-1076,658],[-434,-274],[-273,-269],[-427,-565],[1363,-791],[-81,-104],[-486,269],[-59,-66],[-899,516],[-700,-796],[-582,-824],[-530,-609],[-176,-159],[-796,-1076],[-162,-302],[-66,-203],[-125,-165],[206,-77],[-88,-176],[-207,94],[-228,-313],[2386,-884],[-66,-93],[-2401,856],[-184,-269],[162,-55],[-81,-159],[-192,60],[-279,-505],[184,-77],[-59,-137],[-214,71],[-243,