{"type":"Topology","transform":{"scale":[1.0E-6,1.0E-6],"translate":[-70.16291697354637,41.7424075482698]},"objects":{"MA":{"geometries":[{"arcs":[[12,-7,-4,13,14,15]],"id":293,"type":"Polygon","properties":{"bound":{"minx":-70.1819343259305,"miny":41.70129647705775,"maxx":-70.12398025583161,"maxy":41.76033547781783},"Geoid10":"25001011400"}},{"arcs":[[-2,-5,-11,-8,16,-9,17,-10,18,19,20]],"id":294,"type":"Polygon","properties":{"bound":{"minx":-70.24101803608498,"miny":41.71340238721422,"maxx":-70.16784182024138,"maxy":41.75206544349531},"Geoid10":"25001011300"}},{"arcs":[[-6,-3,21,-1,11]],"id":296,"type":"Polygon","properties":{"bound":{"minx":-70.14664923059627,"miny":41.70628995057001,"maxx":-70.04376994356022,"maxy":41.77844822094439},"Geoid10":"25001010800"}}],"type":"GeometryCollection"}},"arcs":[[[77994,-16361],[195,350],[79,274],[25,334],[1540,2567],[2499,4025],[4120,7652],[693,1305],[1561,3297],[89,97],[120,295],[211,342],[116,333],[386,795],[313,349],[222,462],[213,562],[497,766],[83,386],[118,135],[59,179],[117,66],[88,100],[186,478],[508,1022],[167,111],[339,332],[9,605],[542,1032],[334,807],[634,828],[3002,2413],[1755,1237],[1629,939],[4731,3439],[3063,1978],[2209,1365],[1802,1270],[2489,1305],[4120,1569],[141,638],[-17,309],[-367,652],[-3109,-380],[-154,2095],[74,344],[46,713],[-12,423],[-71,491],[-217,490],[-82,1277]],[[-5588,-22152],[-1089,1009],[-255,285],[-925,1486],[-206,273],[-257,222],[-1767,1237],[-669,504],[-466,489],[-459,882],[-581,1346],[-349,1055],[-374,505],[-264,244],[-443,285],[8,97],[-98,348],[1,484],[-67,174],[-236,364],[-159,383],[129,588],[211,635],[18,226],[140,581],[47,1273],[128,693],[35,60],[214,157],[-671,3496],[1700,572],[621,259],[256,138],[-55,322],[-257,399],[-451,1148],[-126,599],[-136,1281],[-112,1422],[19,164],[-2452,1269],[-267,99],[-239,46],[-463,1267],[-240,485],[-138,135],[-364,207],[-540,480],[-417,562],[-341,392],[209,219]],[[31973,10566],[-117,39],[-117,-22],[-140,-99],[-117,-126],[14,-269],[37,-149],[278,-302],[154,-55],[227,-33],[37,-44],[-154,-318],[36,-148],[-44,-66],[-88,-27],[-125,38],[-109,176],[-154,77],[-103,-44],[-132,-159],[-286,-50],[-52,-71],[140,-104],[36,-99],[-66,-66],[-117,-16],[-132,93],[-117,280],[-88,60],[-388,-76],[-323,214],[-73,-16],[-382,-379],[-29,-126],[117,-72],[433,71],[102,-33],[117,-373],[-15,-154],[-183,33],[-403,171],[-234,55],[-250,-17],[-374,-263],[110,-280],[88,-115],[-425,0],[-96,165],[-124,16],[-99,-180],[81,-286],[-73,-175],[-67,-33],[-139,5],[-154,61],[-241,318],[-125,17],[-198,-66],[-484,-478],[-140,-54],[-227,11],[-124,-50],[-52,-88],[-110,-60],[-293,0],[-74,-38],[-29,-50],[22,-98],[191,-176],[-81,-121],[-191,-33],[-73,-82],[-352,104],[-73,-65],[-15,-99],[110,-297],[-15,-99],[-982,17],[-242,44],[-227,143],[-206,-38],[-80,-143],[-37,-11],[-205,165],[-125,-6],[-15,-82],[88,-132],[0,-110],[-44,-115],[-161,-148],[-169,-27],[-51,27],[-51,165],[51,121],[-7,98],[-88,6],[-176,-88],[-74,-77],[-154,-65],[-161,16],[-66,-27],[-169,-165],[-95,-390],[-44,-49],[-110,0],[-154,110],[-227,-28],[-169,77],[-198,-175],[-161,0],[-81,-33],[-169,-225],[-88,0],[-212,93],[-125,-33],[-183,-214],[-81,17],[-264,-55],[-154,-93],[-124,16],[-382,-153],[-154,33],[-227,-72],[-242,-197],[-154,-214],[-257,-516],[-110,-116],[-220,-115],[-37,-93],[308,-428],[7,-138],[-256,-258],[-301,-197],[-235,-242],[7,-27],[184,-77],[154,0],[36,-57],[68,-7],[11553,-37753]],[[-5588,-22152],[345,-399],[650,-1343],[771,-1166],[135,-258],[117,-507],[-7,-352],[-172,-856],[-8,-239],[31,-264],[459,-2072],[3072,429],[817,32],[2089,-110],[470,-69],[546,-139],[2078,-628],[534,-90],[838,43],[1873,265],[406,-1722],[41,-524],[1648,-1030],[200,-88],[1068,-743],[1029,-602],[421,-158],[7899,-2270],[552,-196],[765,-375],[557,-366],[3108,-2205],[1309,-877],[624,-286],[938,-272],[305,-63],[819,-41]],[[-21856,-29540],[752,123],[482,197],[254,147],[231,168],[1892,1708],[604,393],[363,197],[4996,2388],[740,286],[459,122],[3687,782],[754,295],[1054,582]],[[29069,-36270],[10053,2672],[7974,2054],[864,293],[811,219],[6328,1569],[7435,2005],[4011,1052],[1073,3700],[1248,4801],[7087,1432],[140,7],[292,172],[271,80],[161,9],[1017,-116],[160,-40]],[[30739,-41693],[-1759,5399],[89,24]],[[-49558,-17878],[53,33],[84,3],[267,-98],[6,-149],[-197,-196],[37,-115],[300,-247],[162,-71],[132,16],[271,269],[73,22],[180,-84],[144,-223],[120,-29],[181,14],[217,-31],[215,278],[386,89],[51,-119],[-44,-83],[-161,-103],[-37,-85],[91,-206],[301,-196],[345,-80],[73,4],[210,108],[-9,336],[437,345],[70,0],[66,-44],[-37,-186],[30,-264],[139,-71],[147,33],[73,153],[-77,216],[220,74],[237,18],[275,-25],[246,-57],[154,-83],[381,-33],[169,-49],[36,-93],[-87,-236],[22,-143],[132,5],[65,132],[125,55],[132,-33],[80,-121],[-11,-252],[64,-44],[93,1],[91,61],[75,148],[63,21],[159,-26],[115,16],[129,123],[75,14],[267,-124],[63,-4],[228,113],[249,-12],[152,90],[422,-112],[76,62],[22,124],[53,65],[174,22],[80,43],[47,148],[112,52],[65,73],[-162,216],[48,23],[272,-18],[434,46],[112,132],[47,186],[72,-1],[187,-147],[71,-13],[207,72],[81,93],[80,-64],[-16,-65],[244,-83],[-26,-38],[-67,-8],[-17,-124],[40,-11],[98,110],[38,-105],[161,87],[29,-126],[160,-31],[1,-84],[77,23],[47,-30],[-30,-68],[35,-94],[97,-28],[290,34],[200,-18],[1488,-820],[1792,-1245],[-1047,-2617],[-356,-442]],[[-50461,-19085],[98,-29]],[[-53337,-17470],[181,-96],[115,29]],[[-35522,-23884],[2942,-1302],[1493,-741],[8053,-3700],[1178,87]],[[77994,-16361],[0,0]],[[31973,10566],[-117,39],[-117,-22],[-140,-99],[-117,-126],[14,-269],[37,-149],[278,-302],[154,-55],[227,-33],[37,-44],[-154,-318],[36,-148],[-44,-66],[-88,-27],[-125,38],[-109,176],[-154,77],[-103,-44],[-132,-159],[-286,-50],[-52,-71],[140,-104],[36,-99],[-66,-66],[-117,-16],[-132,93],[-117,280],[-88,60],[-388,-76],[-323,214],[-73,-16],[-382,-379],[-29,-126],[117,-72],[433,71],[102,-33],[117,-373],[-15,-154],[-183,33],[-403,171],[-234,55],[-250,-17],[-374,-263],[110,-280],[88,-115],[-425,0],[-96,165],[-124,16],[-99,-180],[81,-286],[-73,-175],[-67,-33],[-139,5],[-154,61],[-241,318],[-125,17],[-198,-66],[-484,-478],[-140,-54],[-227,11],[-124,-50],[-52,-88],[-110,-60],[-293,0],[-74,-38],[-29,-50],[22,-98],[191,-176],[-81,-121],[-191,-33],[-73,-82],[-352,104],[-73,-65],[-15,-99],[110,-297],[-15,-99],[-982,17],[-242,44],[-227,143],[-206,-38],[-80,-143],[-37,-11],[-205,165],[-125,-6],[-15,-82],[88,-132],[0,-110],[-44,-115],[-161,-148],[-169,-27],[-51,27],[-51,165],[51,121],[-7,98],[-88,6],[-176,-88],[-74,-77],[-154,-65],[-161,16],[-66,-27],[-169,-165],[-95,-390],[-44,-49],[-110,0],[-154,110],[-227,-28],[-169,77],[-198,-175],[-161,0],[-81,-33],[-169,-225],[-88,0],[-212,93],[-125,-33],[-183,-214],[-81,17],[-264,-55],[-154,-93],[-124,16],[-382,-153],[-154,33],[-227,-72],[-242,-197],[-154,-214],[-257,-516],[-110,-116],[-220,-115],[-37,-93],[308,-428],[7,-138],[-256,-258],[-301,-197],[-235,-242],[7,-27],[184,-77],[154,0],[36,-57],[68,-7],[11553,-37753]],[[-5588,-22152],[-1089,1009],[-255,285],[-925,1486],[-206,273],[-257,222],[-1767,1237],[-669,504],[-466,489],[-459,882],[-581,1346],[-349,1055],[-374,505],[-264,244],[-443,285],[8,97],[-98,348],[1,484],[-67,174],[-236,364],[-159,383],[129,588],[211,635],[18,226],[140,581],[47,1273],[128,693],[35,60],[214,157],[-671,3496],[1700,572],[621,259],[256,138],[-55,322],[-257,399],[-451,1148],[-126,599],[-136,1281],[-112,1422],[19,164],[-2452,1269],[-267,99],[-239,46],[-463,1267],[-240,485],[-138,135],[-364,207],[-540,480],[-417,562],[-341,392],[209,219]],[[-17785,8694],[549,90],[2347,516],[865,307],[2676,846],[843,345],[931,335],[22,33],[96,16],[1180,648],[154,33],[374,-55],[433,16],[395,94],[2875,944],[1254,592],[198,50],[190,-28],[272,55],[293,-60],[337,0],[191,32],[256,-33],[565,-274],[308,-39],[365,33],[851,187],[1100,334],[117,11],[345,137],[403,-5],[1386,-291],[506,32],[616,187],[637,137],[543,165],[147,5],[58,-38],[-36,-324],[36,-209],[103,-93],[176,-83],[271,-66],[132,-66],[168,-329],[110,-82],[411,-127],[88,-60],[212,-44],[888,-72],[168,-82],[117,-110],[279,-401],[212,-384],[-117,-187],[-15,-170],[59,-121],