{"type":"Topology","transform":{"scale":[1.0E-6,1.0E-6],"translate":[-70.61583723956578,41.96227138212389]},"objects":{"MA":{"geometries":[{"arcs":[[-1,-2,2,3,4],[5,6],[7]],"id":359,"type":"Polygon","properties":{"bound":{"minx":-70.65550718831274,"miny":41.87409652155838,"maxx":-70.55931311119782,"maxy":42.01319196454847},"Geoid10":"25023530700"}}],"type":"GeometryCollection"}},"arcs":[[[45894,-38163],[333,787],[324,1117],[131,249],[959,1270],[387,334],[2045,1122],[988,726],[98,109],[115,277],[77,817],[69,249],[224,358],[364,368],[252,192],[307,180],[1234,569],[935,483],[616,537]],[[14475,-88588],[2759,2283],[296,396],[269,658],[251,469],[482,649],[5149,4913],[561,466],[458,306],[4080,2363],[524,387],[566,555],[1059,1443],[266,297],[509,418],[693,463],[252,206],[178,163],[281,343],[206,365],[135,389],[675,3214],[176,519],[176,336],[403,451],[484,395],[752,511],[299,266],[365,435],[2798,4638],[274,583],[250,699],[218,982],[420,3673],[125,381],[489,1016],[1236,2277],[156,441],[229,1141],[-30,595],[-131,368],[-389,741],[-74,378],[-1,226],[204,1266],[349,1448],[198,2166],[95,459],[155,383],[335,469],[2209,2436]],[[14475,-88588],[-1758,1600],[-158,-48],[927,-1185],[-2826,2565],[-1023,990],[-1100,1207],[-1218,1573],[-816,1259],[-657,1181],[-618,1359],[-313,814],[-7848,23434],[-1793,5261],[-744,1644],[-621,1137],[-1189,1769],[-908,1119],[-822,914],[-708,699],[-1108,1018],[-2784,2422],[-1323,1003],[-961,620],[-1082,621],[-1197,601],[-1037,456],[-13699,5671],[-1667,629],[-1372,433],[-2911,747],[1580,-244]],[[-37279,-27319],[5147,-1224],[1996,-351],[1843,-236],[2088,-154],[2042,-81],[2916,18],[2500,122],[1596,187],[1214,210],[1604,374],[804,224],[1685,565],[1559,652],[1656,737],[1504,564],[620,172],[3488,720],[-95,273],[-212,214],[-312,187],[-511,195],[-1519,256],[-543,243],[-574,423],[-277,357],[-61,311],[105,216],[187,179],[249,95],[111,116],[23,243],[-195,1233],[-795,672],[-2083,925],[-606,404],[-556,514],[-288,518],[-1392,1048],[-226,348]],[[-12587,-15850],[-150,282],[-250,146],[-751,316],[-785,-103],[-134,37],[-132,392],[-264,1093],[-1099,1039],[-315,429],[-249,478],[-133,429],[-483,416],[-432,514],[-417,305],[-248,687],[-166,208],[-201,73],[-451,-64],[-184,36],[19,504],[-50,135],[-217,97],[-1152,166],[-266,306],[19,664],[202,505],[86,652],[-199,417],[-549,648],[-282,589],[-316,281],[-516,747],[-750,734],[-750,598],[-716,513],[-83,171],[34,308],[-546,1410],[-165,626],[-299,379],[-800,574],[-250,367],[-115,307],[-534,829],[-296,580],[-889,2235],[-634,1186],[-988,1491],[-714,1225],[-1425,2063],[-350,403],[-400,232],[-984,277],[-317,146],[-483,502],[-883,757],[-466,514],[-281,773],[-149,589],[52,480],[218,99],[150,50],[234,-23],[468,-133],[333,-133],[300,-244],[283,-343],[216,-368],[616,-513],[915,-1089],[600,-464],[1066,-941],[267,-48],[234,-97],[166,-208],[365,-662],[481,-1067],[-1,-405],[182,-380],[1477,-2931],[333,-318],[133,-245],[115,-442],[365,-723],[482,-612],[450,-477],[266,-343],[332,-564],[200,-269],[82,-282],[450,-465],[399,-477],[847,-1311],[349,-649],[831,-1163],[498,-1141],[216,-405],[566,-759],[1030,-1605],[416,-526],[516,-563],[2494,-3404],[515,-759],[965,-1237],[715,-783],[333,-441],[583,-439],[1682,-1552],[549,-661],[2281,-2262],[936,-667],[1145,-690],[1156,-764],[1399,-670],[1089,-429],[2216,-738],[676,-175],[646,-89],[2541,685],[284,48],[2695,-215],[795,-37],[530,5],[833,100],[2040,903],[1032,376],[2395,1516],[1264,971],[3015,3104],[342,201],[1701,565],[2088,524],[4224,728],[1788,277],[1998,-55],[2707,196],[679,-328],[890,-706],[546,-815],[1389,-1126],[244,17],[181,124],[358,429],[83,-29],[-672,-1057],[-97,-244],[68,-349],[127,-257],[165,-90],[-153,531],[36,259],[137,275],[594,858],[82,-45],[-113,-472],[816,-7],[898,-82],[2903,-441],[-60,-62],[-182,-63],[-387,-34],[-694,38],[-2781,473],[-262,-109],[-541,-462],[-77,-244],[69,-379],[328,-103],[122,16],[343,171],[1498,-517],[106,-212],[-97,-244],[-259,-307],[145,-120],[245,-13],[541,462],[1643,-605],[288,-134],[330,-240],[1182,-1022],[2137,-875],[723,-464],[1306,-1127],[335,-423],[337,-574],[407,-985],[401,-695],[478,-421],[741,-373],[2056,-906],[1323,-944],[2182,-1103]],[[7073,51316],[1042,-319],[2270,-1294],[2955,-1271],[1400,-1318],[1608,-2908],[51,-1970],[-818,-747],[-511,-401],[-1867,-555],[-2025,1855],[-1389,834],[-879,784],[-1780,804],[-699,537],[-1007,35],[-505,244],[-2595,-464],[-3461,-1420],[-2661,-1393],[-2832,-1552],[-2222,-1630],[-51,-188],[-402,-520],[-565,-298],[-528,-223],[-350,-316],[78,-199],[-177,-263],[-253,-192],[-497,-552],[-301,-617],[-349,-380],[-156,-338],[-364,-348],[-32,-398],[-200,-483],[-673,-308],[-519,-589],[-361,-586],[-1009,-846],[-794,-370],[-634,-131],[-379,-22],[-617,241],[-1232,265],[-1006,433],[-1081,187],[-541,614],[-210,732],[340,466],[8,513],[464,462],[584,205],[558,-105],[225,191],[396,83],[969,-124],[331,78],[75,-327],[243,-66],[260,-453],[632,-9],[142,-157],[509,-46],[423,412],[145,85],[138,818],[297,273],[-146,266],[234,713],[274,380],[41,645],[-372,132],[-524,283],[38,172],[-438,142],[-149,216],[-26,205],[-378,400],[-98,329],[375,41],[502,-164],[278,-465],[321,-174],[370,111],[385,-309],[298,176],[184,467],[440,584],[483,175],[1756,1029],[316,579],[994,726],[791,453],[132,199],[174,90],[294,-45],[73,-38],[-69,274],[138,79],[146,331],[375,27],[857,322],[2099,1320],[179,19],[271,-122],[239,34],[97,80],[47,176],[170,143],[997,180],[168,105],[167,41],[173,-3],[173,315],[270,158],[229,-30],[141,-121],[108,-12],[612,320],[605,238],[295,56],[189,72],[113,203],[209,40],[346,-26],[-69,162],[55,160],[181,78],[32,102],[-116,260],[25,123],[103,117],[1073,592],[395,-43],[482,-12],[358,-112],[155,-99],[130,41],[67,42],[-13,76],[-173,265],[-210,224],[56,246],[-213,132],[-109,265],[-13,344],[71,220],[388,591],[3,198]],[[3308,51280],[1338,43],[2427,-7]],[[-22863,40805],[-888,-226],[-439,88],[59,118],[-229,147],[-215,217],[-147,1055],[182,962],[103,882],[247,1506],[-37,716],[161,241],[705,491],[48,457],[286,558],[571,821],[603,464],[-3,415],[60,285],[974,758],[1516,16],[856,-691],[191,-1013],[-142,-1253],[78,-776],[-327,-213],[-60,-263],[162,-405],[-363,-907],[-149,-1135],[-213,-483],[-34,-587],[-248,-278],[-1970,-177],[-576,-1262],[-762,-528]]]}