{"type":"Topology","transform":{"scale":[1.0E-6,1.0E-6],"translate":[-72.78785245915272,42.628914903185965]},"objects":{"MA":{"geometries":[{"arcs":[[7,8,-6,9,10,11,-7,12,13,14,15]],"id":73,"type":"Polygon","properties":{"bound":{"minx":-73.09501754860416,"miny":42.540074697564506,"maxx":-72.94964855701139,"maxy":42.7427729188945},"Geoid10":"25003931300"}},{"arcs":[[16,17,18,19,20]],"id":520,"type":"Polygon","properties":{"bound":{"minx":-72.84832960492308,"miny":42.551093798078455,"maxx":-72.63294199986099,"maxy":42.645363000046125},"Geoid10":"25011041502"}},{"arcs":[[21,22,23,24,25,-4,26]],"id":523,"type":"Polygon","properties":{"bound":{"minx":-72.87484251845162,"miny":42.44462120533999,"maxx":-72.6497439623843,"maxy":42.58620018866361},"Geoid10":"25011041501"}},{"arcs":[[27,-1,-3,-2,28,-5,29,30]],"id":554,"type":"Polygon","properties":{"bound":{"minx":-73.01976300705115,"miny":42.5393584971572,"maxx":-72.62137317679863,"maxy":42.745720859571705},"Geoid10":"25011040100"}}],"type":"GeometryCollection"}},"arcs":[[[154910,16448],[9987,1259],[2327,265]],[[-89095,-87701],[-62,12521],[-1,604],[56,566],[-22,552],[429,30],[2675,339],[758,120],[1168,128],[23447,2989]],[[-60647,-69852],[5639,19502],[1607,5427],[27,216],[7885,26972],[213,1018],[1120,3800],[261,630],[4618,1116],[2059,531],[780,171],[630,180],[1181,173],[566,-55],[741,-140],[390,10],[119,-24],[274,-178],[754,-182],[1911,-805],[767,-283],[745,-216],[1165,-175],[956,-19],[1583,51],[1556,220],[424,-37],[1996,34],[1034,-52],[1198,-163],[1534,-133],[1460,-42],[197,16],[5208,983],[486,119],[8471,2433],[5276,1129],[127,7],[1225,-61],[681,8],[1225,-96],[2056,-90],[718,-88],[2496,-524],[2298,-310],[4860,-381],[742,-134],[1599,-59],[1359,-133],[550,45],[1752,294],[634,38],[1339,-14],[778,83],[714,132],[3165,821],[486,98],[765,54],[307,-48],[221,-69],[514,-238],[877,-565],[456,-327],[1366,-1376],[216,-124],[318,-132],[229,-50],[781,-52],[430,40],[812,282],[1219,576],[869,512],[114,92],[7,79],[83,92],[40,256],[-237,573],[-96,394],[-16,134],[69,232],[-11,84],[-295,330],[-922,852],[-144,195],[-94,496],[-10,360],[61,219],[214,375],[809,611],[152,246],[265,247],[368,569],[218,270],[944,712],[334,188],[270,98],[716,138],[843,97],[275,101],[238,33],[243,-19],[517,-137],[726,-71],[489,-7],[967,59],[74,-128],[103,-53],[417,-67],[864,-37],[-33,395],[-135,714],[-12,503],[35,286],[98,323],[183,187],[116,534],[292,734],[17,225],[-77,121],[57,281],[155,294],[108,486],[146,145],[563,412],[284,449],[82,77],[79,-63],[53560,6436],[192,68],[610,92],[604,11],[47023,5631]],[[112400,-75896],[-286,-36],[-70,61],[-201,229],[-433,365],[-247,332],[-278,228],[-279,377],[-294,206],[-46,183],[-340,217],[-47,114],[-139,171],[-139,104],[-294,45],[-123,92],[-232,343],[-248,548],[-154,446],[-93,537],[0,514],[-62,480],[-170,629],[0,1028],[108,319],[15,263],[47,149],[46,400],[-15,331],[-124,309],[-217,320],[-231,274],[-171,126],[-355,114],[-418,80],[-727,12],[-1298,-160],[-758,-183],[-542,-45],[-1008,-5],[-1125,300],[-898,152],[-811,196],[-1354,406],[-1021,408],[-387,126],[-585,120],[-1268,136],[-1159,16],[-911,-45],[-597,-86],[-818,-181],[-720,-87],[-592,-105],[-1284,-283],[-907,-78],[-553,26],[-824,158],[-1129,341],[-658,231],[-279,176],[-381,142],[-234,143],[-985,802],[-655,646],[-875,1238],[-240,510],[-162,528],[-84,490],[-28,631],[-130,576],[0,271],[-219,794],[-30,358],[89,1246],[79,63],[127,33],[363,7],[-36,320],[-424,1],[-333,67],[62,617],[185,400],[62,240],[-31,800],[62,22],[30,-45],[47,-297],[46,-34],[78,11],[170,194],[185,423],[108,457],[0,252],[-139,319],[-464,343],[-743,366],[-960,628],[-510,183],[-897,46],[-433,68],[-712,217],[-696,377],[-495,160],[-665,274],[-558,298],[-170,183],[-216,148],[-557,183],[-650,148],[-139,115],[-47,91],[-402,274],[-232,251],[-589,503],[-371,502],[-201,172],[-109,332],[-263,513],[-217,754],[-496,949],[-489,379],[-605,342],[-2341,-202],[-20530,-2206],[-3213,-18808],[-8900,1116],[-1503,212],[-542,44],[-1695,214],[-2186,298],[-5365,621],[-773,123],[-8989,1125],[-51500,-6292],[-16468,-2036],[-960,-158],[-1861,-182],[-1660,-231],[-679,-62]],[[-235050,112218],[-189,-3322],[-617,-35121],[25831,-1426],[48136,3839],[634,-540],[270,-300],[69,-126],[6,-406],[-144,-482],[-453,-885],[-239,-415],[-209,-274],[-321,-329],[-475,-351],[-929,-414],[-1272,-1159],[-692,-517],[-280,-319],[-71,-269],[28,-160],[796,-1008],[1064,-1104],[332,-538],[165,-983],[-41,-430],[-451,-1421],[-782,-975],[-922,-957],[-949,-635],[-1546,-11],[-1250,52],[-982,-144],[-2469,-1539],[-1219,-577],[-1082,-232],[-2090,-5],[-1385,399],[-4672,959],[-1938,-55],[-1464,-293],[-128,-417],[-337,-537],[-272,-553],[-581,-791],[-1541,-701],[194,-1158],[-58,-81],[147,-83],[55,-75],[20,-593],[170,-618],[264,-453],[977,-1403],[321,-679],[43,-404],[-125,-393],[-161,-192],[-279,-173],[-179,-243],[-762,-87],[-3887,20],[-1783,183],[-2270,-44],[-2070,-218],[-1566,-266],[-886,-193],[-281,-107],[-73,-57],[-19,-125],[133,-316],[490,-874],[219,-702],[131,-96],[239,-414],[104,-489],[31,-495],[-36,-224],[-187,-177],[-194,-109],[-409,-90],[-839,-113],[-943,77],[-3893,177],[-286,-170],[-508,-410],[16,-278],[69,-174],[1207,-1238],[5837,-4787],[905,-354],[1087,-500],[835,-276],[193,-111],[651,-247],[1032,-276],[834,-131],[580,-143],[770,-273],[630,-273],[426,-257],[1690,-1171],[613,-501],[1473,-1321],[579,-331],[607,-234],[309,-23],[243,15],[535,214],[420,261],[417,330],[188,177],[537,655],[625,493],[1062,528],[1112,368],[408,95],[837,128],[667,65],[486,-10],[993,-213],[618,-18],[853,32],[665,64],[357,67],[336,104],[450,234],[317,331],[90,167],[232,792],[591,1050],[618,302],[834,202],[2305,-297],[1533,-232],[1571,-691],[366,-239],[136,-149],[143,-249],[192,-427],[111,-2712],[-1158,-3666],[-55,-262],[-18,-1082],[17,-178],[131,-204],[-48,-1124],[71,-1217],[93,-396],[192,-429],[786,-1270],[243,-791],[130,-300],[161,-190],[340,-190],[455,-133],[363,-34],[1738,-9316],[-20,-124],[69,-420],[-3560,-12351],[-1092,-3570],[-6698,-23105],[-12990,-46046]],[[-297571,-69413],[96291,-16185],[7959,-1332],[138,11],[1970,-375],[85,11]],[[-273973,46349],[-577,-8698],[-296,-3645],[-582,-8218]],[[-235050,112218],[-189,-3322],[-617,-35121],[25831,-1426],[48136,3839],[634,-540],[270,-300],[69,-126],[6,-406],[-144,-482],[-453,-885],[-239,-415],[-209,-274],[-321,-329],[-475,-351],[-929,-414],[-1272,-1159],[-692,-517],[-280,-319],[-71,-269],[28,-160],[796,-1008],[1064,-1104],[332,-538],[165,-983],[-41,-430],[-451,-1421],[-782,-975],[-922,-957],[-949,-635],[-1546,-11],[-1250,52],[-982,-144],[-2469,-1539],[-1219,-577],[-1082,-232],[-2090,-5],[-1385,399],[-4672,959],[-1938,-55],[-1464,-293],[-128,-417],[-337,-537],[-272,-553],[-581,-791],[-1541,-701],[194,-1158],[-58,-81],[147,-83],[55,-75],[20,-593],[170,-618],[264,-453],[977,-1403],[321,-679],[43,-404],[-125,-393],[-161,-192],[-279,-173],[-179,-243],[-762,-87],[-3887,20],[-1783,183],[-2270,-44],[-2070,-218],[-1566,-266],[-886,-193],[-281,-107],[-73,-57],[-19,-125],[133,-316],[490,-874],[219,-702],[131,-96],[239,-414],[104,-489],[31,-495],[-36,-224],[-187,-177],[-194,-109],[-409,-90],[-839,-113],[-943,77],[-3893,177],[-286,-170],[-508,-410],[16,-278],[69,-174],[1207,-1238],[5837,-4787],[905,-354],[1087,-500],[835,-276],[193,-111],[651,-247],[1032,-276],[834,-131],[580,-143],[770,-273],[630,-273],[426,-257],[1690,-1171],[613,-501],[1473,-1321],[579,-331],[607,-234],[309,-23],[243,15],[535,214],[420,261],[417,330],[188,177],[537,655],[625,493],[1062,528],[1112,368],[408,95],[837,128],[667,65],[486,-10],[993,-213],[618,-18],[853,32],[665,64],[357,67],[336,104],[450,234],[317,331],[90,167],[232,792],[591,1050],[618,302],[834,202],[2305,-297],[1533,-232],[1571,-691],[366,-239],[136,-149],[143,-249],[192,-427],[111,-2712],[-1158,-3666],[-55,-262],[-18,-1082],[17,-178],[131,-204],[-48,-1124],[71,-1217],[93,-396],[192,-429],[786,-1270],[243,-791],[130,-300],[161,-190],[340,-190],[455,-133],[363,-34],[1738,-9316],[-20,-124],[69,-420],[-3560,-12351],[-1092,-3570],[-6698,-23105],[-12990,-46046]],[[-187526,-72981],[-3752,-14240],[-9,-36],[159,-26]],[[-297571,