{"type":"Topology","transform":{"scale":[1.0E-6,1.0E-6],"translate":[-72.29915164614052,42.61083022857443]},"objects":{"MA":{"geometries":[{"arcs":[[12,13,14,15,16,-11,17,18,19]],"id":522,"type":"Polygon","properties":{"bound":{"minx":-72.35676181185367,"miny":42.54662709879518,"maxx":-72.22526098413412,"maxy":42.67562156183169},"Geoid10":"25011040502"}},{"arcs":[[20,-9,-12,-10,-6,-7,21,-5,22,23]],"id":552,"type":"Polygon","properties":{"bound":{"minx":-72.50244931838456,"miny":42.50018160405796,"maxx":-72.27263079748721,"maxy":42.72644986845685},"Geoid10":"25011040400"}},{"arcs":[[-1,-3,24,-2,-8,-4,25,26]],"id":721,"type":"Polygon","properties":{"bound":{"minx":-72.28175334595507,"miny":42.622786381112626,"maxx":-72.05700433529452,"maxy":42.72285779710447},"Geoid10":"25027702200"}}],"type":"GeometryCollection"}},"arcs":[[[224653,13417],[-284,718],[-5302,11080],[-464,1250],[-279,1163],[-86,624],[-69,974],[-212,5721],[-3,625],[119,956],[278,1022],[2691,8455],[147,998],[14,592],[-71,825],[-1053,5319],[-286,1630],[19,682],[98,447],[231,559],[458,691],[671,682],[824,662],[751,446],[2131,926],[840,437],[3968,2638],[1325,996],[236,130],[217,-84],[218,-25],[21,318],[-317,490],[-59,37],[71,197],[141,219],[592,473],[287,1165],[177,369],[159,202],[441,373],[332,374],[630,979],[145,140],[442,163],[398,50],[267,-45],[371,-173],[542,-114],[560,-37],[437,34],[1386,280],[815,364],[642,182],[627,79],[1582,109],[21,2454],[-2511,-77],[120,1440],[87,143],[538,369],[-2834,2337],[2023,849],[286,39],[1082,-24],[-2101,3573],[-304,671],[-391,1431],[-557,1673],[-96,522],[-176,1770],[-86,426],[-541,1978],[-202,548],[-755,1579],[-233,689],[-139,679],[-4,345],[-82,437],[352,389],[-555,666],[-3828,4233],[-546,555],[-952,780],[-1300,856],[-1476,741],[-6108,2538]],[[74312,28150],[717,62],[5014,662],[6759,949],[11592,1468],[10956,1449],[5209,738],[2267,245],[14911,1969],[2142,-10101],[993,-3854],[5851,670],[6,-35],[76,8],[1697,-9611],[2076,214]],[[160031,13092],[22489,2684],[261,-28],[14848,-470],[25773,-874],[1251,-987]],[[16170,110718],[10986,-46890]],[[-112863,114604],[643,-1718],[3092,-7616],[995,-2315],[2616,-6684],[226,-446],[9077,-22367],[10,-23],[47,8],[-23,-61],[10515,-25942],[1615,-4169],[195,-312],[1940,-4884],[227,-317],[384,-784],[164,-442],[203,-844],[264,-415],[127,-515],[2567,-6281],[-17837,-3959],[-775,-213],[-10462,-2389],[-33648,-7568],[-12924,-2766],[-701,-216],[-9940,-2214],[398,-2664],[1369,-10838],[-5380,-408],[-237,-73],[-23732,-1991]],[[-160489,-94403],[20034,2159],[-1322,-8175],[314,-61],[6863,-745],[1566,-134],[1582,-235],[18728,-2004],[41306,-4512],[1917,-181],[8564,-1049],[252,41],[1655,-185],[877,30461],[38,372],[231,8165],[116,2234],[-42,295],[172,5829]],[[-197919,-13261],[693,-673],[222,-598],[4,-1156],[-297,-1067],[26,-200],[307,-401],[387,-286],[356,-164],[296,-295],[-81,-219],[-1266,-1362],[-635,-564],[-378,-286],[-247,-312],[-172,-298],[-369,-879],[-3,-289],[161,-240],[218,-232],[93,-238],[145,-622],[14,-289],[-67,-483],[-264,-472],[-394,-403],[-2282,-1977],[-183,-229],[-726,-668],[-656,-447],[-610,-557],[-939,-709],[-14,-119],[69,-220],[153,-247],[745,-504],[517,-250],[1307,-134],[884,89],[412,79],[101,-38],[716,212],[1220,287],[1444,187],[157,52],[175,195],[134,65],[1471,150],[1081,-59],[1289,-511],[1542,-1238],[270,-150],[505,-144],[1197,-231],[510,-71],[923,-42],[990,37],[1131,74],[231,91],[399,-20],[153,27],[245,124],[112,171],[195,137],[492,185],[565,86],[672,11],[297,-33],[762,-178],[612,-192],[931,-574],[1209,-962],[667,-620],[901,-1331],[314,-329],[520,-382],[764,-427],[481,-135],[713,-116],[622,-11],[1664,342],[836,225],[946,410],[2540,1472],[842,324],[253,-528],[284,-252],[339,-458],[633,-629],[524,-651],[107,-194],[0,-160],[-155,-171],[-93,-206],[-17,-308],[92,-320],[308,-685],[46,-251],[-166,-388],[-165,-222],[-112,-279],[-48,-282],[240,-337],[509,-422],[154,-195],[92,-206],[138,-525],[200,-309],[278,-308],[138,-229],[122,-673],[0,-160],[-62,-183],[30,-160],[216,-194],[463,-241],[324,-503],[262,-320],[216,-171],[30,-171],[-102,-228],[114,-366],[172,-115],[603,-264],[200,-148],[77,-172],[678,-971],[926,-538],[123,-138],[92,-205],[324,-252],[572,-161],[401,-285],[541,-207],[864,-629],[216,-308],[-1,-58],[77,-114],[331,-438],[394,-397],[262,-400],[-2,-514],[75,-810],[216,-446],[337,-971],[92,-172],[92,-354],[416,-605],[149,-145],[-1214,-6893],[-5742,-31696]],[[27156,63828],[83,-355],[13529,1105],[996,-7454],[186,-4],[13706,1297],[1386,-7606],[12629,1024],[4641,-23685]],[[4905,44699],[-1157,5287],[3776,598],[8422,1088],[-2331,10889],[13541,1267]],[[-57638,-62128],[1624,26569],[135,680],[456,9129],[785,12902]],[[4905,44699],[1217,-786],[261,-221],[365,-430],[1479,-1924],[1507,-2107],[1150,-1465],[1434,-1958],[194,-217],[201,-195],[1043,-821],[2949,-2266],[-65,-131],[-6,-1043],[111,-1025],[8,-423],[-80,-396],[-245,-564],[-155,-592],[-259,-4931],[-56,-3943],[-49,-1025],[198,-1730],[-14,-627],[-130,-349],[-372,-459],[-1591,-1657],[-259,-213],[-283,-139],[251,-352],[60,-159],[545,-2365],[358,-1916],[132,-1624],[417,-1774],[114,-685],[104,-299],[112,-112],[163,-17],[3591,213],[-85,-2548],[10,-2097],[-147,-2132],[-463,-4732],[-907,-3266],[-159,-323],[-295,-254],[-2852,-1643],[-243,-222],[-36,-333],[254,-1680],[-174,-1092],[-134,-356],[-502,-946],[-847,-1550],[-341,-520],[-279,-249],[-285,-200],[-1554,-990],[-978,-729],[-921,-837],[-199,-271],[-1314,34],[315,-294],[353,-436],[58,-286],[-32,-462],[-168,-185],[-500,43],[-2802,34],[-535,-86],[-1819,-135],[-837,-123],[-1258,43],[-71,-272],[3,-828],[-203,-467],[-1,-171],[107,-240],[15,-138],[-95,-422],[-141,-319],[-16,-149],[30,-80],[200,-160],[495,-115],[245,-115],[681,-2],[371,-93],[369,-310],[801,-513],[387,-95],[123,-80],[170,-35],[62,-46],[167,-583],[137,-331],[76,-365],[107,-207],[45,-194],[170,-149],[29,-205],[-343,-593],[-1,-331],[121,-435],[-390,-569],[-110,-343],[30,-331],[184,-274],[-1,-126],[-125,-308],[-280,-262],[-374,-535],[-44,-185],[12,-146],[-405,-570],[-326,-262],[-203,-387],[-520,-429],[-462,-854],[-371,-347],[-371,-158],[-273,-222],[-147,-223],[-220,-649],[-234,-365],[-156,-422],[-74,-86],[1212,-386],[208,-148],[-404,-346],[-1302,520],[-543,-693],[-140,-251],[-95,-274],[-217,-159],[-248,-80],[-356,44],[-154,-20],[-231,70],[-201,126],[-216,35],[-495,-147],[-303,-133],[-401,-106],[-123,-2330],[58,-592],[116,-477],[293,-741],[2334,-5223],[-1461,744],[-4894,2916],[-3186,1704],[-1702,1016],[-1210,794],[-2010,1430],[-4498,3407],[-1096,978],[-447,483],[-638,801],[51,166],[37,475],[-43,1323],[-181,1058],[-242,1052],[-56,433],[124,444],[367,800],[147,638],[278,682],[227,403],[315,246],[154,75],[448,72],[1529,121],[529,77],[-1003,6283],[-180,427],[-181,308],[-754,818],[-182,526],[-310,613],[-325,882],[-156,214],[-211,193],[-524,308],[-576,193],[-659,84],[-809,142],[-805,188],[-770,112],[-498,27],[-4386,-52],[0,120],[-91,206],[15,34],[233,159],[186,182],[79,263],[171,147],[-30,240],[47,149],[-107,206],[-216,240],[-108,356],[-908,-293],[-1113,-193],[-608,38],[-632,168],[-295,40],[-973,-77],[-1224,-272],[-250,10],[-163,50],[-321,214],[-157,192],[-383,712],[-452,588],[-206,325],[-340,820],[-175,234],[-155,142],[-309,219],[-474,206],[-356,226],[-248,66],[-784,347],[-670,215],[-592,321],[-803,204],[-2627,402],[-1472,436],[-606,-15],[-1214,-97],[-660,-87],[-286,-76],[-210,-97],[-78,-64],[-59,-131],[-250,-198],[-233,-589],[-592,-392],[-341,-184],[-534,-126],[-241,-20],[-274,73],[-363,167]],[[-54638,-12848],[-394,137],[-764,156],[-155,138],[-216,84],[-789,54],[-1274,302],[-914,-14],[-757,-121],[-262,-187],[-407,-503],[-515,-408],[-194,-272],[-15,-372],[-186,-207],[-664,-577],[-265,-355],[-86,-218],[-152,-113],[-488,-223],[-305,1500],[-11,213],[-2097,12380],[2982,410],[1511,180],[1852,147],[394,121],[39533,4666],[-3139,16577],[10380,1358],[-1636,7966],[10937,625],[-775,3694],[-719,3720],[10307,1756],[-301,904],[-873,4029]],[[74312,28150],[-4209,-656],[74,-273],[459,-793],[48,-631],[76,-167],[508,-586],[1404,-1134],[178,-244],[46,-135],[-14,-262],[38,-311],[101,-191],[199,-230],[-252,-929],[31,