{"type":"Topology","transform":{"scale":[1.0E-6,1.0E-6],"translate":[-70.1608770112936,42.03503219773134]},"objects":{"MA":{"geometries":[{"arcs":[[1,2,3,4,5]],"id":215,"type":"Polygon","properties":{"bound":{"minx":-70.1565148769187,"miny":41.958777724297065,"maxx":-69.99417194102621,"maxy":42.07487801067959}}},{"arcs":[[-1,6],[7],[8],[9]],"id":242,"type":"Polygon","properties":{"bound":{"minx":-70.24657764827333,"miny":42.02041261556065,"maxx":-70.14619200315543,"maxy":42.081808801007085}}}],"type":"GeometryCollection"}},"arcs":[[[13467,26619],[51,2219],[814,1367],[-7473,11631]],[[164148,-68238],[-31341,-2797],[-10730,-1129],[-38669,-5047]],[[83408,-77211],[-114,1881],[419,1526],[359,5193],[-268,11491],[-435,3480],[72,3750],[-229,1603],[-920,2355],[-950,1460],[-59,752],[1155,132],[310,-461],[1008,-335],[611,154],[596,533],[2531,-445],[-59,-241],[-331,159],[-331,-66],[-478,-730],[257,-28],[744,330],[198,-132],[74,-549],[942,-126],[206,-176],[-390,-730],[-787,-395],[7,-456],[-375,-450],[148,-225],[412,-115],[-302,-412],[405,60],[331,456],[-788,247],[427,307],[110,500],[832,560],[279,802],[802,-286],[250,-477],[126,461],[-45,725],[-809,137],[-677,417],[14,785],[-316,681],[1008,291],[522,-105],[486,330],[832,60],[765,291],[1906,1252],[493,176],[-494,71],[891,1318],[2626,544],[-192,166],[153,113],[-1204,-87],[-1152,-403],[-732,-372],[-382,-708],[-920,-670],[-4408,-1532],[-1862,1559],[-2547,2695],[0,-543],[876,-527],[-243,-176],[125,-433],[-139,-187],[-310,71],[-1465,3041],[-346,335],[-257,-1306],[361,-3135],[633,-604],[1406,-153],[-383,-248],[-1493,-99],[-846,-532],[-74,-291],[-758,-88],[537,324],[22,1230],[-1428,7167],[-3493,11199],[-1473,4062],[-3522,7356],[-1659,2799],[-3146,4441],[-3242,3595],[-5202,4680],[-4369,3528],[-2498,1833],[-6824,3927],[-8540,4092],[-9495,3596],[-4117,1297],[-390,429],[-1001,478],[-1038,961],[-1672,665],[-1451,335],[-1244,830],[-2534,790]],[[13467,26619],[51,2219],[814,1367],[-7473,11631]],[[6859,41836],[3529,-546],[3654,-913],[2026,-127],[2910,-939],[4679,-1183],[2902,-1049],[2504,-660],[5636,-1288],[3762,-632],[863,-450],[5424,-1364],[1886,-746],[1651,-466],[4290,-1881],[6219,-1809],[1209,-669],[1657,-620],[1194,-148],[472,-505],[1525,-724],[2049,-642],[2704,-1278],[6469,-2661],[619,-417],[1186,-313],[1878,-1015],[1481,-599],[6483,-3946],[4331,-2206],[1820,-1280],[6062,-3700],[2651,-1965],[2231,-2097],[4477,-3250],[3210,-3074],[2408,-1774],[1818,-1960],[3769,-3388],[6219,-6309],[1575,-1812],[2251,-2724],[714,-1115],[1317,-1191],[2390,-2839],[1545,-2120],[1030,-1785],[3346,-4025],[431,-738],[1824,-1911],[1449,-2383],[191,-648],[2213,-2663],[132,-527],[757,-1005],[1633,-1643],[1962,-3772],[5027,-7386],[2182,-2856],[133,390],[140,-55],[330,-956],[1249,-2208],[3611,-5509]],[[164148,-68238],[0,0]],[[13467,26619],[-1819,485],[-1835,247],[-5488,79],[-4442,-1037],[-6719,-1195],[-1783,-390],[-6763,-2365],[-4928,-2646],[-3248,-2619],[707,-768],[-155,-55],[-685,752],[-633,-582],[2887,-1724],[140,94],[700,-461],[272,214],[88,-182],[-545,-433],[-22,192],[-567,362],[-294,-203],[-126,66],[243,236],[-1899,1263],[-870,-714],[1915,-1328],[-3278,1915],[-434,-274],[-700,-834],[1363,-791],[-81,-104],[-545,203],[-899,516],[-2784,-3464],[-353,-670],[206,-77],[-88,-176],[-207,94],[-228,-313],[2386,-884],[-66,-93],[-2401,856],[-184,-269],[162,-55],[-81,-159],[-192,60],[-279,-505],[184,-77],[-59,-137],[-214,71],[-235,-680],[-170,38],[-103,-269],[914,-373],[-111,-88],[-876,324],[-96,-181],[199,-44],[-59,-137],[-155,32],[-324,-927],[-1045,-1027],[-766,-1197],[-191,-1306],[802,-489],[52,-170],[-464,-1202],[-559,164],[-877,604],[-611,-44],[-376,203],[-294,-60],[-273,208],[-1016,-153],[30,-176],[537,165],[1142,-461],[744,-1893],[-346,-994],[-221,-258],[-552,-231],[-427,-763],[258,-219],[-317,-385],[133,-384],[-280,-456],[-582,-203],[-869,-71],[155,560],[-619,411],[-383,-22],[-294,-510],[-273,-17],[-383,1065],[-928,478],[-471,27],[-96,428],[-390,522],[-147,-6],[383,-1158],[1347,-390],[244,-1037],[574,-192],[648,467],[258,16],[-538,-972],[913,-159],[67,-274],[-898,-1016],[-847,219],[-950,50],[-751,290],[-2585,1900],[-1804,708],[-759,510],[-891,236],[-376,708],[-780,378],[-524,599],[-265,5],[413,-807],[862,-955],[692,-208],[744,-456],[1134,-312],[1171,-632],[273,-933],[1333,-746],[1237,-1762],[1539,-1290],[1017,-615],[397,522],[1090,-126],[74,-203],[-405,-236],[795,-204],[66,-719],[1517,-466],[1568,66],[589,335],[103,280],[-257,258],[-656,-149],[-699,39],[154,554],[148,94],[795,-247],[427,71],[397,472],[560,176],[-295,549],[37,110],[655,-6],[-243,264],[265,373],[1635,-1938],[3976,-2552],[2467,900],[655,598],[-52,154],[-213,-6],[-1642,-554],[-545,44],[-37,434],[442,230],[3129,302],[1362,703],[4926,1059],[1370,439],[1119,560],[2622,2025],[1944,2564],[611,499],[258,445],[508,242],[457,625],[177,61],[523,-209],[-1466,-2174],[-177,-724],[677,241],[-118,-554],[-1333,-1845],[-3468,-2986],[-332,-554],[-935,-862],[-2239,-1532],[324,-38],[-2400,-1241],[-1767,-636],[-5455,-1153],[213,-285],[-2900,-99],[-1812,120],[-1678,401],[-1392,395],[-1921,944],[-1966,1246],[-5023,3640],[-1163,1152],[-6415,4978],[-1989,2333],[-907,1519],[-1283,3162],[-1179,1943],[-707,725],[-2285,3485],[-6971,6273],[-3913,2622],[-1268,692],[-2573,2250],[119,196],[714,-449],[450,-104],[-1696,1333],[-213,341],[110,197],[980,-109],[1208,-785],[340,-559],[744,-105],[1892,902],[1090,1153],[51,252],[-1362,-1065],[-449,-22],[-376,181],[-362,1032],[1164,802],[471,664],[361,-55],[66,-395],[560,363],[501,-439],[206,170],[928,50],[-29,197],[-1658,422],[-89,236],[-707,340],[-751,55],[-37,318],[-8284,3060],[-316,-598],[-1347,-1104],[-251,-55],[-442,181],[-287,307],[463,769],[-442,521],[478,763],[-362,522],[199,669],[471,253],[464,-148],[214,582],[1096,961],[-155,308],[-2260,-1703],[-242,-977],[-832,-1022],[148,-313],[-199,-296],[125,-143],[369,0],[103,-241],[-471,-242],[-44,-307],[361,-66],[111,-763],[-286,-923],[44,-675],[207,-318],[553,-66],[-258,-620],[354,-285],[781,-203],[-66,-379],[185,-263],[1650,-554],[177,-231],[-707,17],[-3920,1200],[-1142,-176],[-361,71],[-1784,1399],[-590,1054],[7,543],[536,1664],[654,1208],[1560,2081],[1848,2082],[3851,3202],[2474,1159],[1252,962],[7197,2758],[6617,1677],[3308,544],[2712,643],[4421,468],[6742,188],[4901,319],[4547,-93],[3198,181],[1747,-422],[2439,-286],[2955,-164],[2476,-336],[1548,6],[7560,-813],[2822,-714],[8429,-1105],[5880,-1614]],[[-68789,23703],[-29,-225],[-1127,-764],[-567,357],[456,593],[-655,-94],[-288,302],[552,489],[987,198],[148,-664],[523,-192]],[[-76340,24874],[722,-49],[346,-345],[1120,-368],[1524,-1182],[-96,-160],[-1376,953],[-3051,1327],[-258,384],[1069,-560]],[[-75393,27861],[-375,-22],[-229,192],[575,275],[604,55],[118,-121],[-133,-175],[-560,-204]]]}