{"type":"Topology","transform":{"scale":[1.0E-6,1.0E-6],"translate":[-73.2288790510879,42.70359465530389]},"objects":{"MA":{"geometries":[{"arcs":[[1,2,3,4,5,6,7]],"id":71,"type":"Polygon","properties":{"bound":{"minx":-73.30681255053669,"miny":42.626670482251676,"maxx":-73.16880463670557,"maxy":42.72562500781242},"Geoid10":"25003920102"}},{"arcs":[[8,9,-1,10,11]],"id":72,"type":"Polygon","properties":{"bound":{"minx":-73.27211152509706,"miny":42.6866161044582,"maxx":-73.16365751282387,"maxy":42.74744076026252},"Geoid10":"25003920101"}}],"type":"GeometryCollection"}},"arcs":[[[-44281,20260],[940,88],[738,96],[712,70],[543,5],[549,-68],[551,-209],[504,-420],[468,-434],[736,-493],[776,-592],[615,-598],[438,-463],[493,-723],[226,-265],[197,-194],[226,-169],[257,-147],[304,-111],[1027,-244],[413,-186],[244,-167],[335,-368],[1015,-1357],[185,-475],[149,-702],[-5,-206],[-154,-751],[27,-296],[144,-310],[212,-268],[952,-886],[279,-229],[291,-220],[1331,-882],[698,-528],[388,-315],[452,-276],[657,-325],[403,-162],[748,-268],[176,-84],[239,-152],[911,-759],[352,-236],[194,-80],[410,-109],[355,-39],[386,11],[733,95],[218,15],[350,-4],[456,-77],[285,-98],[301,-161],[83,-65],[338,-324],[317,-359],[328,-267],[146,-84],[129,-61],[413,-134],[1047,-175],[304,-92],[281,-131],[145,-87],[873,-701],[312,-194],[315,-128],[1055,-239],[335,-98],[374,-144],[888,-399],[308,-184],[123,-107],[191,-192],[316,-365],[742,-904],[432,-453],[457,-368],[363,-257],[404,-335],[222,-297],[56,-123],[66,-276],[29,-807],[-5,-1369],[-642,62],[-308,-9],[118,-242],[77,-72],[742,-32],[-30,-330],[-95,-273],[-1132,-2371],[-285,-783],[-142,-570],[-166,-885],[-12,-244],[37,-328],[99,-426],[206,-731],[145,-394],[272,-501],[406,-621],[283,-366],[301,-288],[175,-134],[528,-313],[230,-96],[259,-76],[354,-76],[413,-59],[734,-79],[698,-153],[732,-261],[197,-91],[335,-185],[412,-264],[253,145],[217,59],[449,47],[216,78],[402,188],[477,307],[186,74],[263,36],[936,1796],[205,471],[178,484],[276,602],[1160,2206],[973,1723],[360,603],[97,203],[151,450],[571,2056],[164,460],[232,469],[279,362],[992,1051],[195,230],[87,112],[160,273],[152,491],[180,898],[565,4194],[91,501],[143,443],[123,265],[341,570],[458,639],[60,72],[256,219],[202,130],[1121,602],[482,237],[603,213],[434,106],[808,154],[311,77],[346,123],[428,237],[271,171],[1179,891],[163,80],[497,161],[1456,307],[558,143],[262,128],[232,158],[230,88],[124,12],[108,-11],[1398,-302],[96,-5],[-21,-51],[19,-52],[-16,-46],[2541,-545],[1362,-255],[504,-108],[781,-203],[327,-105],[764,-200],[1412,-410],[829,-217],[1872,-382],[889,-158],[1465,-293],[159,-41],[311,-116],[454,-265],[1464,-1112],[702,-501],[1207,-827],[899,-665],[316,-299],[1768,-1910],[498,-481],[577,-442],[207,-142],[766,-466],[531,-301],[977,-593],[723,-390],[390,-159],[374,-118],[287,-70],[432,-68],[310,-30],[6971,-427]],[[52685,-2347],[-627,-8537],[-439,-5672],[424,-31],[1822,-71],[478,-60],[1258,-64],[1557,-16],[915,-59],[2002,-31],[1033,-52],[2,-167],[-1183,-15392],[-805,-10922]],[[59122,-43421],[-813,-14312],[-331,-5317],[-307,-6085]],[[57671,-69135],[-67,-1313],[-304,-4439]],[[57300,-74887],[-69805,2030],[-8166,160],[-15934,561],[42,-29],[-41541,1217]],[[-78104,-70948],[13097,34806],[20726,56402]],[[-44281,20260],[940,88],[738,96],[712,70],[543,5],[549,-68],[551,-209],[504,-420],[468,-434],[736,-493],[776,-592],[615,-598],[438,-463],[493,-723],[226,-265],[197,-194],[226,-169],[257,-147],[304,-111],[1027,-244],[413,-186],[244,-167],[335,-368],[1015,-1357],[185,-475],[149,-702],[-5,-206],[-154,-751],[27,-296],[144,-310],[212,-268],[952,-886],[279,-229],[291,-220],[1331,-882],[698,-528],[388,-315],[452,-276],[657,-325],[403,-162],[748,-268],[176,-84],[239,-152],[911,-759],[352,-236],[194,-80],[410,-109],[355,-39],[386,11],[733,95],[218,15],[350,-4],[456,-77],[285,-98],[301,-161],[83,-65],[338,-324],[317,-359],[328,-267],[146,-84],[129,-61],[413,-134],[1047,-175],[304,-92],[281,-131],[145,-87],[873,-701],[312,-194],[315,-128],[1055,-239],[335,-98],[374,-144],[888,-399],[308,-184],[123,-107],[191,-192],[316,-365],[742,-904],[432,-453],[457,-368],[363,-257],[404,-335],[222,-297],[56,-123],[66,-276],[29,-807],[-5,-1369],[-642,62],[-308,-9],[118,-242],[77,-72],[742,-32],[-30,-330],[-95,-273],[-1132,-2371],[-285,-783],[-142,-570],[-166,-885],[-12,-244],[37,-328],[99,-426],[206,-731],[145,-394],[272,-501],[406,-621],[283,-366],[301,-288],[175,-134],[528,-313],[230,-96],[259,-76],[354,-76],[413,-59],[734,-79],[698,-153],[732,-261],[197,-91],[335,-185],[412,-264],[253,145],[217,59],[449,47],[216,78],[402,188],[477,307],[186,74],[263,36],[936,1796],[205,471],[178,484],[276,602],[1160,2206],[973,1723],[360,603],[97,203],[151,450],[571,2056],[164,460],[232,469],[279,362],[992,1051],[195,230],[87,112],[160,273],[152,491],[180,898],[565,4194],[91,501],[143,443],[123,265],[341,570],[458,639],[60,72],[256,219],[202,130],[1121,602],[482,237],[603,213],[434,106],[808,154],[311,77],[346,123],[428,237],[271,171],[1179,891],[163,80],[497,161],[1456,307],[558,143],[262,128],[232,158],[230,88],[124,12],[108,-11],[1398,-302],[96,-5],[-21,-51],[19,-52],[-16,-46],[2541,-545],[1362,-255],[504,-108],[781,-203],[327,-105],[764,-200],[1412,-410],[829,-217],[1872,-382],[889,-158],[1465,-293],[159,-41],[311,-116],[454,-265],[1464,-1112],[702,-501],[1207,-827],[899,-665],[316,-299],[1768,-1910],[498,-481],[577,-442],[207,-142],[766,-466],[531,-301],[977,-593],[723,-390],[390,-159],[374,-118],[287,-70],[432,-68],[310,-30],[6971,-427]],[[52685,-2347],[0,0]],[[65313,40388],[-2342,-32021],[4,-130]],[[62975,8237],[-9308,458],[-161,-6],[-821,-11036]],[[-44281,20260],[8204,22085],[15403,-110],[4329,-320],[81658,-1527]],[[65313,40388],[0,0]]]}