{"type":"Topology","transform":{"scale":[1.0E-6,1.0E-6],"translate":[-72.01842750050031,42.07063580708789]},"objects":{"MA":{"geometries":[{"arcs":[[8,9,10,11,12,13,14,15,16,17]],"id":663,"type":"Polygon","properties":{"bound":{"minx":-71.99464140351725,"miny":42.02387645786754,"maxx":-71.87899482978042,"maxy":42.09430247527081},"Geoid10":"25027755200"}},{"arcs":[[-7,18,19,20,-5,21,-8,-6,22,23]],"id":869,"type":"Polygon","properties":{"bound":{"minx":-72.09978926399381,"miny":42.026418386995665,"maxx":-71.98843037674295,"maxy":42.09788522048869},"Geoid10":"25027757500"}},{"arcs":[[24,25,-3,26,27]],"id":1225,"type":"Polygon","properties":{"bound":{"minx":-72.27064757021806,"miny":42.029416632766456,"maxx":-72.13498084477918,"maxy":42.0933508930957},"Geoid10":"25013813801"}},{"arcs":[[-4,28,-2,-1,29,30]],"id":1462,"type":"Polygon","properties":{"bound":{"minx":-72.13569783835317,"miny":42.02852921526247,"maxx":-72.06681305606311,"maxy":42.11559374569854},"Geoid10":"25027758101"}}],"type":"GeometryCollection"}},"arcs":[[[-116526,40866],[26,-13227],[-26,-7610]],[[-116526,20029],[-158,0],[-603,-60418]],[[-251667,21886],[-324,-33564],[-112,-13702],[-144,-13575]],[[-81383,-41912],[5446,6430],[3047,3433],[2700,3238],[4614,5416],[565,589],[1917,2322],[7021,8222],[3010,5165],[215,450],[2285,3681],[661,1126],[284,549],[1621,2741]],[[-38166,-1897],[-903,395],[-278,138],[-192,52],[-89,9],[-105,-11],[-108,-36],[-101,-66],[-109,-180],[-468,-1253],[-422,632],[-713,958],[92,214],[-266,-262],[77,244],[-3,101],[-224,948],[-240,721],[-8,137],[80,299]],[[17958,26618],[-90,-189],[-140,-192],[-279,-292],[-255,-311],[-251,-350],[-329,-752],[-500,-827],[-94,-218],[-47,-206],[13,-255],[113,-561],[-516,-105],[-184,-53],[-309,-147],[-284,-175],[-320,-296],[-342,-473],[-268,-433],[-196,-210],[-1263,-997],[-241,-179],[-214,-133],[-1169,-709],[-402,-224],[-1227,-563],[-807,-352],[-325,-123],[-393,-109],[-197,-37],[-1642,-190],[-673,-64],[-487,-20],[-1243,-12],[-454,-50],[-313,-75],[-453,-154],[-241,-107],[-277,-151],[-281,-207],[-252,-237],[-1121,-1258],[-163,-214],[-456,-719],[-256,-297],[-167,-149],[-203,-147],[-772,-467],[-116,-353],[-133,-132],[-265,-202],[-184,-214],[-96,-165],[-82,-225],[-177,-378],[-73,-214],[-119,-516],[-55,-104]],[[25325,-43707],[-1595,4096],[2425,5816],[1027,2543],[2201,5202],[248,2640],[224,2763],[85,338],[341,3450],[51,230],[0,231],[-37,132],[-253,390],[-544,1067],[-892,881],[-578,485],[-461,308],[-320,177],[-391,143],[-234,872],[20,45],[-1546,6642],[231,3394],[366,3849]],[[-3312,10126],[-85,-159],[-133,-351],[-22,-148],[44,-154],[89,-88],[0,-55],[-37,-71],[-207,-252],[-22,-192],[-52,-181],[-132,-269],[-177,-280],[-229,-505],[-604,-883],[102,-400],[59,-126],[44,-159],[-42,-160],[-216,-180],[125,-144],[-10,-91],[-86,-164],[-494,-650],[-459,-464],[-531,-580],[-71,-360],[-15,-380],[-458,22],[-339,37],[-334,131],[112,-165],[220,-266],[214,-223],[-327,-365],[-129,-213],[-688,-1570],[-33,-108],[-1904,341],[-416,185],[-160,-222],[-163,-181],[-685,-547],[-243,-181],[-125,-72],[-567,-553],[-347,-258],[-242,-132],[-332,-137],[-840,-192],[-456,-10],[-648,-66],[-162,-28],[-332,-109],[-235,-137],[-368,-258],[-118,-121],[-207,-263],[-73,-71],[-236,-170],[-236,-285],[-184,-258],[-155,-126],[-239,-66]],[[136918,5257],[2049,-6447],[315,-1105],[62,-164]],[[139344,-2459],[105,-418],[-86,-374],[-34,-434],[29,-141],[215,-537],[27,-114],[-13,-140],[-102,-286],[-176,-648]],[[139309,-5551],[-170,-565],[-321,-624],[-224,-153],[-181,-65],[-203,-210],[-394,-23],[-708,-397],[-456,-194],[-226,-130],[-111,-101],[-110,-156],[-74,-281],[-3,-323]],[[136128,-8773],[-76,-36],[-294,-43],[-7,-48],[-308,-3312],[-60,-996],[60,-1721],[-6,-360],[-19,-186],[-44,-169],[-175,-434],[-176,-350],[-6610,1731],[-501,160],[-203,207],[-220,178],[-340,239],[-209,123],[-18,83],[-84,97],[-560,490],[-533,179],[-131,29],[-134,-7],[-352,213],[-297,-24],[-469,-126],[-154,-25],[-333,-30],[-256,-3],[-296,17],[-135,31],[-123,60],[-207,180],[-68,82],[-161,107],[-173,56],[-240,6],[-1338,-153],[-234,-58],[-152,-87],[-381,-298],[-314,-302],[-65,-86],[-226,-658],[-108,-182],[-233,-209],[-148,-99],[-112,-46],[-314,-88],[-952,-218],[-463,-134],[-1067,-357],[-2417,-759],[-2449,-849],[-208,-51],[-261,-28],[-1030,-35],[197,-356],[55,-177],[8,-93],[-38,-236],[-86,-312],[-26,-254],[-6,-1148],[29,-307],[28,-106],[79,-167],[207,-261],[662,-612],[-542,-231],[-880,-307],[265,-154],[110,-33],[250,-148],[125,-186],[103,-198],[162,-450],[15,-384],[66,-230],[154,-291],[280,-253],[73,-115],[96,-258],[-15,-312],[-44,-94],[15,-44],[-15,-76],[14,-88],[81,-198],[478,-686],[317,-345],[169,-160],[140,-104],[125,-66],[96,-99],[191,-131],[103,0],[66,-28],[140,11],[405,148],[103,11],[81,104],[125,72],[30,88],[184,137],[81,5],[103,28],[397,-34],[366,5],[374,-107],[297,-136],[246,-178],[162,-141],[41,-87],[-179,-71],[445,-207],[-1253,-3338],[522,85],[214,11],[508,-39],[242,-49],[420,-121],[125,-22],[508,-187],[235,-104],[846,-406],[287,-357],[133,-82],[103,-11],[272,-88],[88,-66],[478,-510],[214,-193],[412,-263],[191,-66],[162,-22],[250,27],[206,-5],[677,-116],[221,-60],[169,-66],[339,-187],[220,-148],[398,-357],[559,-614],[81,-110],[110,-104],[118,-61],[176,-60],[74,0],[103,-28],[81,6],[154,71],[96,66],[162,197],[30,99],[162,198],[125,87],[125,181],[66,143],[67,373],[-29,318],[-37,115],[15,165],[29,99],[273,565],[464,713],[140,126],[250,93],[427,6],[376,-66],[441,-116],[81,-55],[66,-104],[66,-192],[22,-263],[81,-352],[243,-301],[198,-171],[66,-27],[74,-55],[306,-139],[24,21]],[[129304,-33038],[-96,-678],[-258,-912],[-3,-185],[27,-136],[125,-483],[263,-775],[209,-476],[740,-1180],[92,-114],[123,-91],[169,-79],[38,-32],[19,-47],[25,-316],[-27,-151],[-135,-294],[-34,-54],[-89,-62],[-41,-69],[-7,-84],[26,-174],[80,-214],[159,-287],[202,-289],[80,-70],[106,-43],[116,-21],[111,-56],[101,-154],[94,-521],[0,-229],[-22,-144],[-55,-129],[-116,-120],[-51,-31],[-176,-45],[-19,-37],[-5,-60],[118,-506],[625,-967],[209,-226],[772,-1414],[245,-318],[159,-136],[136,-174],[98,-58],[112,-40],[179,-14],[127,24],[60,-6],[45,-18],[190,-178],[971,-415]],[[135121,-46326],[-498,43],[-603,-52],[-3572,123],[-1489,-39],[-1312,-16],[-10232,274],[-1848,30],[-18083,468],[-15982,364],[-969,49],[-2023,31],[-4219,142],[-2415,100],[-5527,79],[-2206,143],[-3665,48],[-5072,128],[-4375,83],[-3955,222],[-7271,95],[-9058,260],[-5422,44]],[[25325,-43707],[-1595,4096],[2425,5816],[1027,2543],[2201,5202],[248,2640],[224,2763],[85,338],[341,3450],[51,230],[0,231],[-37,132],[-253,390],[-544,1067],[-892,881],[-578,485],[-461,308],[-320,177],[-391,143],[-234,872],[20,45],[-1546,6642],[231,3394],[366,3849]],[[25693,1987],[19733,4367],[357,98],[21069,4707],[14772,3322],[22725,5075],[4843,1069]],[[109192,20625],[14122,2987],[3974,-21516],[9630,3161]],[[136918,5257],[0,0]],[[25325,-43707],[-5232,64],[-1184,-32],[-6462,-44],[-4134,45],[-230,38],[-2914,57],[-10485,-54],[-9020,157],[-9715,210],[-10359,28],[-6912,-56],[-3746,6],[-9930,215],[-8340,469],[-3005,61],[-1063,52],[-4571,127],[-9406,452]],[[-81383,-41912],[5446,6430],[3047,3433],[2700,3238],[4614,5416],[565,589],[1917,2322],[7021,8222],[3010,5165],[215,450],[2285,3681],[661,1126],[284,549],[1621,2741]],[[-47997,1450],[486,27],[177,33],[1089,390],[553,181],[176,38],[361,22],[295,-44],[235,-60],[214,-82],[214,-160],[147,-82],[471,-197],[236,-55],[103,-44],[626,-346],[184,-38],[59,5],[154,61],[71,44]],[[-38166,-1897],[768,-421],[198,-130],[216,-185],[535,-390],[496,-298],[179,-57],[230,-24],[472,49],[192,-1],[563,-121],[180,-121],[533,-465],[253,-184],[612,-248],[361,-130],[216,-17],[112,8],[654,61],[356,66],[81,29],[307,168],[275,192],[1938,-756],[169,-668],[39,-912],[933,186],[1227,-348],[655,-161],[706,-224],[417,14],[1219,316],[1107,260],[279,26],[191,1],[256,-21],[1386,-278],[472,-118],[-6,175],[26,126],[152,344],[151,238],[131,148],[724,673],[136,191],[106,265],[35,168],[20,514]],[[17958,26618],[2237,589],[205,-571],[1114,-5787],[315,-1494],[519,-2713],[1285,130],[915,112],[-994,-2160],[1514,329],[696,-2544],[-3924,-1022],[842,