{"type":"Topology","transform":{"scale":[1.0E-6,1.0E-6],"translate":[-73.04941153645838,42.16456563579685]},"objects":{"MA":{"geometries":[{"arcs":[[11,12,13,14,-9,15]],"id":171,"type":"Polygon","properties":{"bound":{"minx":-73.18358908178963,"miny":42.03801727804056,"maxx":-73.00824156365793,"maxy":42.254147043333774},"Geoid10":"25003933400"}},{"arcs":[[-6,16,-11,17,18,19]],"id":173,"type":"Polygon","properties":{"bound":{"minx":-73.30250765963474,"miny":42.04136253967796,"maxx":-73.17566316701479,"maxy":42.174042696861946},"Geoid10":"25003933300"}},{"arcs":[[-5,-4,-2,-3,-8,20]],"id":194,"type":"Polygon","properties":{"bound":{"minx":-73.2895280931508,"miny":42.147189528568155,"maxx":-73.16087800036011,"maxy":42.286598000098095},"Geoid10":"25003933200"}},{"arcs":[[-1,21,22,23,24,25,-7,-10,26,27]],"id":865,"type":"Polygon","properties":{"bound":{"minx":-73.0733455786336,"miny":42.03368115471894,"maxx":-72.7839979481016,"maxy":42.34588989966005},"Geoid10":"25013813000"}}],"type":"GeometryCollection"}},"arcs":[[[235995,80441],[-44225,-4516],[-6667,-8400],[-7872,-15652],[-40122,22694],[31700,26249],[-4606,67230]],[[-194524,92559],[-46134,-56244],[928,-28553]],[[-111466,122032],[-65270,-8020],[-17788,-21453]],[[-239730,7762],[13799,-4095],[3979,-2541],[24287,2884],[22611,-20388],[38165,5378]],[[-136889,-11000],[-412,2200],[20496,1540],[-607,5609],[4804,15645],[446,68985]],[[-122806,-121224],[-14083,110224]],[[41418,73843],[-26927,-94756],[-36278,4562],[1023,-2790],[-1771,-2335],[3438,-7024],[-990,-4743],[3227,-6997],[5212,-5749],[-2293,-2726],[-9184,-4010],[670,-3677],[-3206,-3260],[1991,-10718],[11203,-23745],[3629,-3448],[-3043,-4996],[7556,-4415],[-3049,-9564],[3532,-8156]],[[-112162,82979],[696,39053]],[[41418,73843],[-28379,-2265],[-461,4039],[-54164,-6021],[-1666,11337],[-28087,-2321],[-2502,5838],[1952,3590],[-40273,-5061]],[[49344,148127],[-1779,-61603],[-2414,250],[-3733,-12931]],[[-247677,-5355],[5871,-38526],[-13143,-14024],[8096,-59622]],[[41418,73843],[-26927,-94756],[-36278,4562],[1023,-2790],[-1771,-2335],[3438,-7024],[-990,-4743],[3227,-6997],[5212,-5749],[-2293,-2726],[-9184,-4010],[670,-3677],[-3206,-3260],[1991,-10718],[11203,-23745],[3629,-3448],[-3043,-4996],[7556,-4415],[-3049,-9564],[3532,-8156]],[[-3842,-124704],[-118964,3480]],[[-122806,-121224],[-14083,110224]],[[-136889,-11000],[-412,2200],[20496,1540],[-607,5609],[4804,15645],[446,68985]],[[41418,73843],[0,0]],[[-122806,-121224],[-124047,3697]],[[-247677,-5355],[9822,-82],[-1875,13199]],[[-239730,7762],[13799,-4095],[3979,-2541],[24287,2884],[22611,-20388],[38165,5378]],[[-136889,-11000],[0,0]],[[-112162,82979],[0,0]],[[235995,80441],[957,-10031],[19045,1878],[1427,-19552],[9876,-31],[1072,-17522]],[[268372,35183],[-4723,725],[-12130,-34613],[-9622,-8520],[-5642,-1820]],[[236255,-9045],[-15750,-18508],[-2477,1219],[-4770,-1058],[-451,-3228],[-7463,-1970],[1054,-5543],[-8279,-1773],[-2605,-9653],[14557,-3313],[-3055,-6824],[5183,-2651]],[[212199,-62347],[3777,-7669],[1250,-10307],[-6668,-14693],[4880,-10671],[-918,-22166]],[[214520,-127853],[-218362,3149]],[[49344,148127],[46254,31175],[58176,-3059],[877,-9335],[9552,1138]],[[164203,168046],[0,0]]]}