{"type":"Topology","transform":{"scale":[1.0E-6,1.0E-6],"translate":[-70.71744764244322,41.44944394950132]},"objects":{"MA":{"geometries":[{"arcs":[[-5,-4,5],[6],[7],[8]],"id":290,"type":"Polygon","properties":{"bound":{"minx":-70.68778142824456,"miny":41.51522261635642,"maxx":-70.61259214091021,"maxy":41.576530171682386},"Geoid10":"25001014900"}},{"arcs":[[9,10,11],[12,13,14]],"id":1127,"type":"Polygon","properties":{"bound":{"minx":-70.65684530494744,"miny":41.41398820380101,"maxx":-70.58638870549285,"maxy":41.482643824411376},"Geoid10":"25007200100"}},{"arcs":[[15,-3,16,17,18],[19],[20,21,22],[23,24],[25],[26]],"id":1128,"type":"Polygon","properties":{"bound":{"minx":-70.62173427988718,"miny":41.413721479552535,"maxx":-70.5471095651934,"maxy":41.47104221781113},"Geoid10":"25007200200"}},{"arcs":[[-2,-1,27,28],[29],[30],[31],[32],[33],[34],[35],[36],[37],[38],[39],[40],[41],[42],[43],[44],[45],[46]],"id":1130,"type":"Polygon","properties":{"bound":{"minx":-70.95242842500787,"miny":41.24991440051559,"maxx":-70.60438246215172,"maxy":41.520801208963746},"Geoid10":"25007200400"}}],"type":"GeometryCollection"}},"arcs":[[[110673,-100267],[-2702,35663],[-5642,28831]],[[102329,-35773],[-41110,47292]],[[117068,-19679],[-2836,-3205],[-18089,18604],[6186,-31493]],[[101284,92836],[3233,9857],[-7809,4973],[3448,10294],[-684,2533]],[[99472,120493],[-11914,6145],[-4239,-1198]],[[101284,92836],[-16598,-3645],[-8134,-3949],[-12815,-14669],[-1412,-4891],[-9873,4081],[-269,3919],[-2338,-416],[-973,-5424],[-2660,5010],[707,1912],[-3786,704],[-862,2283],[-8262,1214],[-409,-2794],[-1666,-412],[2681,-423],[-1015,-2025],[1738,-2081],[-4748,1510],[-124,7306],[3309,2767],[7203,-3859],[7781,4484],[1909,7037],[2608,-439],[445,-2537],[8206,1519],[118,2031],[2009,-686],[353,4836],[-2477,61],[-1404,-2602],[-4969,166],[3142,790],[4541,6411],[-1283,8059],[1414,7344],[4182,1339],[1728,4643],[5213,1437],[2013,4199],[928,-901],[1653,1103],[4193,-3609],[38,1801]],[[46851,77954],[-1578,-1186],[1994,-1839],[1432,1416],[-1848,1609]],[[36931,73656],[160,-993],[-1264,2141],[1104,-1148]],[[36887,71988],[1526,32],[-2373,-1130],[847,1098]],[[117068,-19679],[-2836,-3205],[-18089,18604],[6186,-31493]],[[102329,-35773],[-41110,47292]],[[61219,11519],[11398,1033],[8022,2621],[3564,2694],[1488,-1340],[-987,-1383],[-1006,846],[-783,-2119],[-3510,-240],[3487,-1922],[1760,2074],[6419,-3758],[689,-4387],[-1861,-723],[5231,-6080],[-1275,2223],[2573,2779],[-142,3815],[-3736,7500],[1477,3220],[-4290,1694],[-2294,-3227],[-2481,940],[12912,7693],[-2697,-3092],[2954,2192],[746,-1558],[1508,2284],[-2058,213],[15622,7825],[4659,-1481],[1636,-1509],[1378,-10770],[-4389,-7407],[-660,-5891],[3307,-2727],[10827,4977],[-12212,-7311],[2979,-3258],[4974,5490],[2116,-532],[-3062,-5089],[-8861,-6514],[-2635,-8993],[3062,-2000]],[[129800,9731],[627,-282]],[[130427,9449],[-1011,478]],[[129416,9927],[384,-196]],[[145103,-34840],[-42774,-933]],[[117068,-19679],[1941,4884],[7108,7842],[2531,747],[4201,5227],[-337,2036],[3677,2696],[203,4364],[-5965,1332]],[[130427,9449],[-1011,478]],[[129416,9927],[3881,776],[9681,8313],[5642,2762],[5167,-1493],[6241,-8888],[-1562,-472],[-1416,1867],[-1627,-4277],[3233,-362],[1664,2778],[1306,-2290],[1978,774],[-1956,-894],[3057,-6566],[203,-11418],[-1415,374],[-138,6456],[-1066,-7269],[2036,275],[-1861,-868],[-642,-5945],[-1868,-181],[-2195,2476],[-4735,-127],[-3719,-6923],[4012,-1355],[-321,-3711],[-7373,-4129],[1328,-1724],[-1848,-2726]],[[138901,9770],[-1510,-659],[1510,659]],[[168355,-33046],[-437,-220]],[[167918,-33266],[-7614,11699],[-291,4732],[1641,164],[1291,-6143],[5955,-10026]],[[168900,-32840],[-545,-206]],[[163768,-35391],[-53,940]],[[163715,-34451],[1767,1289],[-1714,-2229]],[[153805,-21161],[81,-1296],[-81,1296]],[[151814,-20278],[0,0]],[[110673,-100267],[-93034,-5868],[-29234,-5663],[-15072,-5568],[-4229,-2742],[-1489,-3006],[-8734,-3356],[-5603,-4065],[-3907,-6987],[1840,-2938],[-2529,-4923],[-7034,-2946],[-25252,12328],[-18168,13735],[-19519,18995],[4696,7264],[13558,52],[8196,2443],[11372,-1828],[17957,-6167],[7431,1190],[6909,4636],[1791,-2026],[-2550,-120],[371,-933],[2288,-28],[-3136,-6131],[851,-1373],[-15297,-73],[-1745,-11741],[2167,-348],[-1879,-961],[2103,856],[5940,-1328],[-87,1499],[7641,706],[800,-1181],[-3926,-635],[2680,-1187],[973,-4727],[3198,2179],[5076,-666],[-1063,714],[2230,2140],[2000,-3756],[2936,1338],[-5889,4114],[-4109,-1349],[-361,3409],[-600,-3875],[-2708,1857],[5503,7343],[-1123,8816],[3636,356],[-4289,3548],[-114,3107],[-3016,840],[14804,18116],[7433,3900],[5075,5184],[3520,9647],[5812,6986],[6948,831],[5311,6183],[2937,369],[3827,3514],[879,5940],[9645,13550],[976,5528],[10963,3246],[4245,4809],[6041,-1477],[6544,488],[-2116,-60],[5093,4150],[5723,12053],[5124,3628],[3315,231]],[[61219,11519],[0,0]],[[4137,65594],[2045,-394],[-2636,-1604],[1680,-1048],[4353,1170],[1563,-1037],[-2131,-4057],[2242,302],[1635,2767],[3396,-1932],[-1613,-1932],[-2140,1119],[-2439,-928],[2936,-1652],[-510,-2882],[-5491,-418],[3145,-5286],[2227,-626],[-5532,-4628],[-8080,-3554],[-5796,245],[-9329,-1981],[-12555,-8641],[-7482,-30],[-1846,1439],[-2344,-1009],[-3011,-5422],[3778,-2703],[1136,-3645],[-3901,-5071],[-7079,-1293],[-1629,-2030],[-7925,-761],[-13226,-10854],[-10082,-49],[-5684,3733],[1503,1893],[-3049,2948],[-322,3448],[4897,1641],[665,6900],[10568,2722],[6119,8392],[9781,-754],[3440,3023],[688,3942],[1891,-665],[556,3617],[7703,777],[3200,2502],[2649,-797],[8064,9882],[10405,4613],[2682,-1690],[5206,573],[8949,6777],[1743,4080],[4987,868]],[[-137670,-244],[-292,-9112],[5794,-3714],[1264,-3161],[-8770,-6926],[-10572,-3771],[-13145,-1096],[-7934,1228],[-13689,-1313],[-4498,3190],[5949,9929],[17810,-2284],[4161,4054],[4283,481],[2153,2282],[-7937,-1115],[7485,1252],[5497,3483],[4253,804],[5590,6490],[2598,-701]],[[-100016,7285],[7275,-5917],[-1911,-1508],[2291,-1159],[-3123,-412],[1357,-1778],[-2123,1208],[-1474,-796],[5699,-1049],[-2277,1680],[2444,1246],[-2123,1317],[3415,219],[-920,-5790],[-7507,1806],[-7055,-534],[-6769,-3498],[-6551,553],[-4906,6037],[946,5143],[2305,2438],[5362,2027],[9997,-1442],[2517,1987],[3131,-1778]],[[-93498,-187558],[9385,-3475],[-3141,-9238],[-18966,2468],[-8535,6191],[1498,1960],[10971,128],[7857,4974],[931,-3008]],[[-209203,-17593],[3924,-1680],[4003,-5204],[-3333,-104],[-969,4089],[-4924,-839],[-5237,-3266],[4179,-1861],[817,1306],[1991,-2404],[3829,2398],[14061,-853],[-344,-1811],[-3967,28],[-3303,2015],[-6484,-608],[-7235,-7959],[-7846,-3310],[-11724,-2318],[-1831,2789],[1436,3217],[5505,-450],[-4878,472],[103,-4353],[4615,1350],[117,1516],[3777,1795],[-978,949],[-2566,-1729],[3084,7707],[3157,2399],[5040,324],[2210,4144],[3771,2251]],[[40122,66750],[-219,-3052],[1051,988],[1300,-1636],[-1483,-2415],[-12378,-5577],[-2505,675],[175,2750],[-3731,-1866],[-3389,2371],[-125,2020],[-2074,-72],[2234,3420],[10466,-1783],[10678,4177]],[[18758,71246],[-7309,-7884],[-3273,718],[-951,5391],[2811,1565],[2031,-939],[5325,1956],[1366,-807]],[[-200832,2935],[2656,235],[904,-1471],[-3013,-1103],[-628,1801],[-2210,209],[-1263,-6328],[-4297,5367],[4137,3667],[3714,-2377]],[[18855,57061],[-3220,-555],[1664,3272],[1556,-2717]],[[-22099,60326],[-1272,1427],[1823,3206],[-551,-4633]],[[15007,55035],[96,-1378],[-2826,-1044],[2730,2422]],[[15151,64103],[607,-1279],[-3623,659],[3016,620]],[[-43999,-121297],[-1647,-1773],[-1113,1664],[2760,109]],[[15233,57126],[-481,-1197],[-1373,637],[1854,560]],[[20147,55968],[-1576,-1482],[1576,1482]],[[-189292,-3961],[-1838,1571],[1838,-1571]],[[-230271,-35697],[-270,900],[270,-900]],[[-17344,67904],[0,0]]]}