{"type":"Topology","transform":{"scale":[1.0E-6,1.0E-6],"translate":[-70.1035630527744,41.30058629325603]},"objects":{"MA":{"geometries":[{"arcs":[[1,2,3,4,5],[6],[7],[8],[9],[10],[11],[12],[13],[14],[15],[16],[17],[18],[19]],"id":674,"type":"Polygon","properties":{"bound":{"minx":-70.3154769461702,"miny":41.25565370279486,"maxx":-70.1179346660186,"maxy":41.337074194687624},"Geoid10":"25019950307"}},{"arcs":[[20,21,-1,22],[23],[24],[25],[26],[27],[28],[29],[30],[31],[32],[33],[34],[35],[36],[37],[38],[39],[40],[41],[42],[43],[44],[45],[46],[47],[48],[49],[50],[51]],"id":822,"type":"Polygon","properties":{"bound":{"minx":-70.0935938922891,"miny":41.238966664770345,"maxx":-69.9565391649093,"maxy":41.39124428609276},"Geoid10":"25019950500"}}],"type":"GeometryCollection"}},"arcs":[[[14261,-25425],[-2039,-1359]],[[-19280,-6658],[3784,-8544],[-525,-3112],[-10127,593],[-1188,-2912]],[[-27336,-20633],[-4040,-4757]],[[-31376,-25390],[-9849,-12709],[48,1371],[-3963,-1231],[-451,-1524],[-3909,305],[-209,-2869],[-3195,-2228],[-8062,-554],[-3396,1195],[908,-1379],[4315,-86]],[[-59139,-45099],[-1838,-1516]],[[-60977,-46615],[-46316,17574],[-23961,11826],[2365,938],[16146,-5007],[1828,-1539],[-2109,-403],[-341,1924],[-2509,-1836],[7578,-2667],[4461,-644],[6853,2540],[-2295,-2656],[1346,-491],[-2889,-1926],[15573,7724],[-2250,-378],[865,1401],[-1172,-278],[-8819,-5124],[8101,6738],[-607,5765],[-5248,3683],[-6763,-3250],[-3094,1258],[242,2334],[10919,2289],[424,1304],[4975,755],[10132,-2059],[58262,162]],[[-96310,-8877],[-4537,-438],[-2399,-1783],[4697,-56],[2239,2277]],[[-170448,7424],[11236,3432],[16013,-5148],[5207,-5467],[-1010,-508],[-5638,6017],[-1659,-445],[2022,-4480],[3351,44],[-3406,-240],[-85,1854],[-769,-1841],[4256,42],[-835,-1128],[3443,-565],[2108,-5690],[-7051,-1294],[-14389,934],[5306,-3090],[211,-1716],[-14855,10621],[-7741,9733],[2045,4061],[1663,-683],[-2023,-2693],[2600,-1750]],[[-193089,37041],[8086,-849],[-3117,-4674],[-11756,-1362],[-2457,1123],[4290,-410],[-8386,3093],[-273,-2103],[5555,-3405],[-5889,2400],[-3400,4366],[2155,3407],[15192,-1586]],[[-196807,27996],[6464,388],[-4279,-1258],[-4856,2082],[2671,-1212]],[[-144725,-11298],[-363,-1647],[-1560,1420],[1923,227]],[[-101512,-10789],[-769,755],[769,-755]],[[-99257,-9566],[0,0]],[[-52393,-44359],[0,0]],[[-144730,1691],[0,0]],[[-144815,2034],[0,0]],[[-144528,1874],[0,0]],[[-98296,-10248],[0,0]],[[-144934,1940],[0,0]],[[-144999,2136],[0,0]],[[66043,-59949],[3492,5340],[-4959,20243],[-31757,4602],[-17561,270]],[[15258,-29494],[-3036,2710]],[[14261,-25425],[2981,-699],[-2249,1878],[3070,-1050],[-487,2108],[2930,-1579],[-4610,-2408],[4206,2006],[1008,-766],[-118,1946],[-2842,1110],[-2892,-904],[8810,5272],[7587,7892],[3772,-750],[-1282,-1549],[1939,965],[3579,7237],[19860,-801],[12842,5143],[6738,4984],[3669,-1969],[-1880,939],[-3914,-822],[3871,-10604],[-346,1646],[4277,984],[-973,1730],[1959,-290],[-1174,1017],[2624,982],[-5877,-488],[-711,2200],[3113,2474],[6352,-690],[1084,-1799],[2185,3998],[-2213,1671],[-7532,-1742],[-3210,1060],[-6126,4875],[-3456,5606],[9952,-255],[9671,3209],[10971,5133],[3333,5213],[-647,4850],[-9076,6846],[1762,1029],[-8347,3710],[-4857,-136],[2447,3187],[4007,530],[1680,3588],[-1307,1297],[-7677,-9288],[-3644,-1486],[-3219,-3751],[-2129,-7548],[-5433,-1417],[119,-6566],[-3186,550],[-5039,-1807],[-2792,-4095],[939,-3591],[-5947,-961],[-4309,-6474],[-2822,755],[-4217,-1258],[-3185,-6016],[208,2220],[-1702,-1669],[-9033,-1237],[-2942,-3272],[-302,-4461],[-1851,1166],[1456,-412],[-304,1670],[-2487,160],[-424,-1556],[-9224,3660],[10096,1735],[11117,4621],[12801,8014],[20723,18756],[8687,14410],[5140,16242],[-1240,9585],[-9378,9561],[-11237,3182],[-3978,4302],[-91,4575],[9355,-5812],[20914,-20247],[36097,-54977],[14179,-17702],[8833,-15005],[911,-5331],[-815,-8854],[-4938,-11257],[-9881,-5897],[-26586,-8039],[-10518,-1253],[-25416,2537]],[[78619,12088],[-4105,-1828],[4311,1469],[2479,-2186],[-7022,428],[6519,-2952],[1301,3970],[3272,-806],[-2377,-1994],[-1239,604],[1979,-1764],[-3323,-353],[2899,-2713],[5291,1173],[-4570,-521],[-1156,1145],[-166,-944],[-1022,1526],[4727,534],[-1984,2172],[3468,1184],[-9282,1856]],[[94243,8925],[-102,-1243],[-883,845],[-4972,-3036],[3766,423],[2388,2007],[892,-1414],[-2727,-1146],[1849,-503],[1784,2487],[-1995,1580]],[[40554,-8642],[2352,3],[-1035,1294],[2079,772],[-1654,1490],[-831,-2981],[-1451,1265],[1300,1236],[-1322,-633],[-470,-2594],[1526,-969],[-494,1117]],[[60912,-7144],[-1021,1247],[-2939,-905],[1695,-95],[805,-3132],[-267,2938],[1140,-1287],[587,1234]],[[16090,-27269],[-1675,-568],[1675,568]],[[60662,-7441],[0,0]],[[81281,10037],[0,0]],[[81152,10538],[0,0]],[[77602,8927],[0,0]],[[84896,6171],[0,0]],[[84671,11184],[0,0]],[[86386,9785],[0,0]],[[83990,-3426],[0,0]],[[40088,-9106],[0,0]],[[96753,41295],[0,0]],[[80064,8491],[0,0]],[[85767,9667],[0,0]],[[83743,4955],[0,0]],[[85945,9622],[0,0]],[[78891,8369],[0,0]],[[76330,9852],[0,0]],[[80310,8159],[0,0]],[[81693,11200],[0,0]],[[81671,9396],[0,0]],[[81750,10556],[0,0]],[[81785,9525],[0,0]],[[81810,11022],[0,0]],[[81322,10947],[0,0]],[[76650,10673],[0,0]]]}