{"type":"Topology","transform":{"scale":[1.0E-6,1.0E-6],"translate":[-70.86850456721385,41.4764171324197]},"objects":{"MA":{"geometries":[{"arcs":[[3,-3,4,5,6,7,8,9,10],[11],[12],[13],[14],[15],[16],[17],[18]],"id":61,"type":"Polygon","properties":{"bound":{"minx":-71.0456499609299,"miny":41.50448332891235,"maxx":-70.9274987294683,"maxy":41.59767681808439},"Geoid10":"25005653304"}},{"arcs":[[-2,-1,19,20],[21],[22],[23],[24],[25],[26],[27],[28],[29],[30],[31],[32],[33],[34],[35],[36],[37],[38]],"id":1130,"type":"Polygon","properties":{"bound":{"minx":-70.95242842500787,"miny":41.24991440051559,"maxx":-70.60438246215172,"maxy":41.520801208963746},"Geoid10":"25007200400"}}],"type":"GeometryCollection"}},"arcs":[[[261730,-127241],[-2702,35663],[-5642,28831]],[[253386,-62747],[-41110,47293]],[[-120430,111903],[-2126,-3286],[-8236,-854]],[[-157193,112442],[2447,-281],[1723,-3573],[5983,-4985],[6064,2754],[6737,-1169],[3447,2575]],[[-120430,111903],[19287,-6837],[11968,1176]],[[-89175,106242],[-1344,-1120],[4117,-3770],[-2419,-2876],[-2075,-1154],[-2106,1899],[-4107,-2180],[4020,901],[-372,-1707],[2316,1159],[1141,-1608],[1725,1526],[2696,4567],[-2662,2377],[2339,478],[-1032,2234],[-1396,-384]],[[-88334,106584],[9417,2926]],[[-78917,109510],[-2618,-911],[3102,-11966],[10015,-9045],[344,-6329],[1586,-1142],[-1930,-1383],[432,-4864],[8395,-11390],[-7664,1696],[-9432,-1932],[-1936,-2065],[-846,-6949],[-7413,-2827],[2917,-9134],[-1760,-3272],[-3251,5170],[-2158,9029],[-8637,4082],[-1412,4061],[1907,-76],[-2,3870],[1848,1713],[-3880,-50],[-1520,1415],[4200,1149],[-1688,1394],[1321,2695],[-4060,-4261],[-3697,-846],[2119,-345],[-356,-3030],[5538,-603],[-1548,-1619],[-1585,576],[1762,-3249],[-3117,-4843],[-2768,54],[-2280,1240],[605,1164],[2324,-411],[2190,2405],[-3331,-858],[-2149,2503],[1511,1038],[1900,-916],[1204,2657],[-1044,-1543],[-2104,1196],[-533,-1197],[-1309,1273],[-3213,-819],[-4513,6546],[-6007,684],[-2179,2008],[411,-2119],[-4392,1315],[-937,1739],[-1899,-617],[2183,8138],[-2520,-1358],[-1095,1202],[647,5176],[-4071,8488],[849,1207],[-727,-3600],[1922,-967],[646,-4776],[-1342,-6251],[2366,-1764],[-433,-1920],[-1570,1911],[-2776,-9078],[2761,-18],[-1652,-1679],[2507,938],[2095,-1138],[1877,-3346],[1407,2971],[2202,-2524],[-1289,2502],[2782,2263],[2573,-1453],[3228,1516],[3227,-6069],[-1833,-500],[1075,-2267],[-1658,406],[-1065,-2153],[2062,-2979],[2257,1241],[90,6055],[-151,-2915],[4624,227],[-1194,-5665],[614,-1323],[2520,-43],[-6166,-8499],[610,-4298],[2148,-1761],[-479,-3816],[-2007,-1202],[-18343,3147],[-547,823],[5186,200],[480,2866],[1900,-1898],[2213,259],[-1010,2436],[-6792,2004],[-2282,3827],[-790,-1026],[2612,-2768],[-2346,-2145],[-4856,1237],[1061,2174],[-3070,-2809],[-2928,967],[-728,2520],[-2619,-6515],[-3781,3800],[1189,-2273],[-4071,-5438],[1285,-1093],[526,1729],[6924,1381],[38,2031],[2856,273],[291,-1274],[2230,3128],[968,-4227],[5244,876],[-16741,-4060],[-2583,-4633]],[[-153694,27969],[-6495,9658],[-4014,13728],[6421,2734],[-5151,15873],[2323,11842],[-3501,11809],[-8105,11905]],[[-172216,105518],[-3891,4734],[-246,3115],[8044,8390]],[[-168309,121757],[2656,-6485],[8460,-2830]],[[-131122,41946],[372,-1523],[-2829,-874],[2457,2397]],[[-128517,41577],[-1570,449],[1570,-449]],[[-128972,66859],[-2007,158],[2007,-158]],[[-143562,39131],[-1293,555],[1293,-555]],[[-134046,72308],[424,966],[-424,-966]],[[-144717,38774],[-1409,-471],[1409,471]],[[-146295,37244],[-1592,-604],[1592,604]],[[-133391,69739],[-204,944],[204,-944]],[[261730,-127241],[-93034,-5868],[-29235,-5663],[-15072,-5568],[-4229,-2742],[-1489,-3006],[-8734,-3356],[-5603,-4065],[-3907,-6987],[1840,-2938],[-2529,-4923],[-7034,-2946],[-25252,12328],[-18168,13735],[-19519,18995],[4696,7264],[13558,52],[8196,2443],[11372,-1828],[17957,-6167],[7431,1190],[6909,4636],[1791,-2026],[-2550,-120],[371,-933],[2288,-28],[-3136,-6131],[851,-1373],[-15297,-73],[-1745,-11741],[2167,-348],[-1879,-961],[2103,856],[5940,-1328],[-87,1499],[7641,706],[800,-1181],[-3926,-635],[2680,-1187],[973,-4727],[3198,2179],[5076,-666],[-1063,714],[2230,2140],[2000,-3756],[2936,1338],[-5889,4114],[-4109,-1349],[-361,3409],[-600,-3875],[-2708,1857],[5503,7343],[-1123,8816],[3636,356],[-4289,3548],[-114,3107],[-3016,840],[14804,18116],[7433,3900],[5075,5184],[3520,9647],[5812,6986],[6948,831],[5311,6183],[2938,369],[3827,3514],[879,5940],[9645,13550],[976,5528],[10963,3246],[4245,4809],[6041,-1477],[6544,488],[-2116,-60],[5093,4150],[5723,12054],[5124,3628],[3315,231]],[[212276,-15454],[0,0]],[[155194,38620],[2045,-394],[-2636,-1604],[1680,-1048],[4353,1170],[1563,-1037],[-2131,-4057],[2242,302],[1635,2767],[3396,-1932],[-1613,-1932],[-2140,1119],[-2439,-928],[2936,-1652],[-510,-2882],[-5491,-418],[3145,-5286],[2227,-626],[-5532,-4628],[-8081,-3554],[-5796,245],[-9329,-1981],[-12555,-8641],[-7482,-30],[-1846,1439],[-2344,-1009],[-3011,-5421],[3778,-2703],[1136,-3645],[-3901,-5071],[-7079,-1293],[-1629,-2030],[-7925,-761],[-13226,-10855],[-10082,-49],[-5684,3734],[1503,1893],[-3049,2948],[-322,3448],[4897,1641],[665,6900],[10568,2722],[6119,8391],[9781,-754],[3440,3023],[688,3942],[1891,-665],[556,3617],[7703,777],[3200,2502],[2649,-797],[8064,9882],[10405,4613],[2682,-1690],[5206,573],[8949,6777],[1743,4080],[4988,868]],[[13386,-27218],[-292,-9112],[5794,-3714],[1264,-3161],[-8770,-6926],[-10572,-3771],[-13144,-1096],[-7934,1228],[-13689,-1313],[-4498,3190],[5949,9929],[17810,-2284],[4161,4054],[4283,481],[2153,2282],[-7937,-1115],[7485,1252],[5496,3483],[4253,804],[5590,6491],[2598,-702]],[[51040,-19688],[7275,-5917],[-1911,-1509],[2291,-1159],[-3123,-412],[1357,-1778],[-2123,1208],[-1474,-796],[5699,-1049],[-2277,1680],[2444,1246],[-2123,1318],[3415,219],[-920,-5791],[-7507,1806],[-7055,-534],[-6769,-3498],[-6551,553],[-4906,6037],[946,5144],[2305,2438],[5362,2027],[9997,-1442],[2517,1987],[3131,-1778]],[[57558,-214532],[9385,-3475],[-3141,-9238],[-18966,2468],[-8535,6191],[1498,1960],[10971,128],[7857,4974],[931,-3008]],[[-58146,-44567],[3924,-1680],[4003,-5204],[-3333,-104],[-969,4089],[-4924,-839],[-5237,-3266],[4179,-1861],[817,1306],[1991,-2404],[3829,2398],[14061,-853],[-344,-1811],[-3967,28],[-3303,2015],[-6484,-608],[-7235,-7959],[-7846,-3310],[-11724,-2318],[-1831,2789],[1436,3217],[5505,-450],[-4878,472],[103,-4353],[4615,1350],[117,1516],[3777,1795],[-978,949],[-2566,-1729],[3084,7707],[3157,2399],[5040,324],[2210,4144],[3771,2251]],[[191179,39776],[-219,-3052],[1051,988],[1300,-1636],[-1483,-2415],[-12378,-5577],[-2505,675],[175,2750],[-3731,-1866],[-3389,2371],[-125,2020],[-2074,-72],[2234,3420],[10466,-1783],[10678,4177]],[[169815,44272],[-7309,-7884],[-3273,718],[-951,5391],[2811,1565],[2031,-939],[5325,1956],[1366,-807]],[[-49775,-24038],[2656,235],[904,-1471],[-3013,-1103],[-628,1801],[-2210,209],[-1263,-6329],[-4297,5368],[4137,3667],[3714,-2377]],[[169912,30087],[-3220,-555],[1664,3272],[1556,-2717]],[[128957,33352],[-1272,1427],[1823,3206],[-551,-4633]],[[166064,28061],[96,-1378],[-2826,-1044],[2730,2422]],[[166208,37129],[607,-1279],[-3623,659],[3016,620]],[[107057,-148271],[-1647,-1773],[-1113,1664],[2760,109]],[[166290,30152],[-481,-1197],[-1373,637],[1854,560]],[[171204,28994],[-1576,-1482],[1576,1482]],[[-38235,-30935],[-1838,1571],[1838,-1571]],[[-79214,-62671],[-270,900],[270,-900]],[[133712,40930],[0,0]]]}