{"type":"Topology","transform":{"scale":[1.0E-6,1.0E-6],"translate":[-72.02476848328826,42.07042088325116]},"objects":{"MA":{"geometries":[{"arcs":[[8,9,10,11,12,13,14,15,16,17]],"id":663,"type":"Polygon","properties":{"bound":{"minx":-71.99464140351725,"miny":42.02387645786754,"maxx":-71.87899482978042,"maxy":42.09430247527081},"Geoid10":"25027755200"}},{"arcs":[[-7,18,19,20,-5,21,-8,-6,22,23]],"id":869,"type":"Polygon","properties":{"bound":{"minx":-72.09978926399381,"miny":42.026418386995665,"maxx":-71.98843037674295,"maxy":42.09788522048869},"Geoid10":"25027757500"}},{"arcs":[[24,25,-3,26,27]],"id":1225,"type":"Polygon","properties":{"bound":{"minx":-72.27064757021806,"miny":42.029416632766456,"maxx":-72.13498084477918,"maxy":42.0933508930957},"Geoid10":"25013813801"}},{"arcs":[[-4,28,-2,-1,29,30]],"id":1462,"type":"Polygon","properties":{"bound":{"minx":-72.13569783835317,"miny":42.02852921526247,"maxx":-72.06681305606311,"maxy":42.11559374569854},"Geoid10":"25027758101"}}],"type":"GeometryCollection"}},"arcs":[[[-110185,41081],[0,-20837]],[[-110185,20244],[-761,-60418]],[[-245326,22101],[-580,-60841]],[[-75042,-41697],[25310,29650],[8076,13712]],[[-31825,-1682],[-1675,547],[-678,-1499],[-1627,3992]],[[24299,26833],[-1859,-4153],[-3682,-2889],[-10758,-3252],[-4972,-6198]],[[31666,-43492],[-1595,4096],[5653,13561],[949,9421],[-3710,4686],[-929,13930]],[[3028,10341],[-4922,-10167],[-2320,527],[-7353,-4443]],[[143259,5472],[2426,-7716]],[[145685,-2244],[-35,-3092]],[[145650,-5336],[-3181,-3222]],[[142469,-8558],[-1105,-7655],[-12807,4053],[-12472,-4697],[1422,-8079],[5086,-1971],[-1253,-3338],[9484,-4351],[2350,3587],[2471,-1814]],[[135645,-32823],[1889,-9348],[3928,-3940]],[[141462,-46111],[-109796,2619]],[[31666,-43492],[-1595,4096],[5653,13561],[949,9421],[-3710,4686],[-929,13930]],[[32034,2202],[83499,18638]],[[115533,20840],[14122,2987],[3974,-21516],[9630,3161]],[[143259,5472],[0,0]],[[31666,-43492],[-106708,1795]],[[-75042,-41697],[25310,29650],[8076,13712]],[[-41656,1665],[5851,-307]],[[-31825,-1682],[13456,-5102],[5327,200],[1475,2842]],[[24299,26833],[2237,589],[2153,-10565],[2200,242],[-994,-2160],[1514,329],[696,-2544],[-3924,-1022],[842,-4673],[3244,737],[-233,-5564]],[[32034,2202],[0,0]],[[-110185,20244],[-761,-60418]],[[-110946,-40174],[-134960,1434]],[[-245326,22101],[135141,-1857]],[[-110185,20244],[0,0]],[[-75042,-41697],[-35904,1523]],[[-110185,41081],[3223,550],[2304,-2805],[5229,51],[2256,-1535],[4552,1993],[2913,5592],[10989,-2767],[2307,-1875],[7505,-185],[5623,1679],[3764,-1277],[1645,-1185],[-3624,-12591],[5375,-27],[104,-2974],[2011,-735],[1444,-3555],[-4792,-11352],[10325,-6281],[5376,-137]],[[-41656,1665],[0,0]]]}