{"type":"Topology","transform":{"scale":[1.0E-6,1.0E-6],"translate":[-70.61552315386949,41.964987723780084]},"objects":{"MA":{"geometries":[{"arcs":[[-1,-2,2,3,4],[5,6],[7]],"id":359,"type":"Polygon","properties":{"bound":{"minx":-70.65550718831274,"miny":41.87409652155838,"maxx":-70.55931311119782,"maxy":42.01319196454847},"Geoid10":"25023530700"}}],"type":"GeometryCollection"}},"arcs":[[[45580,-40879],[657,1904],[1090,1519],[3420,2182],[359,1452],[588,726],[2728,1424],[616,537]],[[14161,-91304],[2759,2283],[1298,2172],[5149,4913],[1019,772],[4604,2750],[1891,2295],[1913,1593],[341,754],[675,3214],[352,855],[2303,2058],[3072,5221],[468,1681],[420,3673],[1850,3674],[385,1582],[-30,595],[-520,1109],[-75,604],[553,2714],[293,2625],[490,852],[2209,2436]],[[14161,-91304],[-1758,1600],[-158,-48],[927,-1185],[-3849,3555],[-2318,2780],[-1473,2440],[-931,2173],[-9641,28695],[-1365,2781],[-2097,2888],[-1530,1613],[-3892,3440],[-1323,1003],[-2043,1241],[-2234,1057],[-13699,5671],[-3039,1062],[-2911,747],[1580,-244]],[[-37593,-30035],[5147,-1224],[3839,-587],[4130,-235],[5416,140],[2810,397],[2408,598],[6404,2518],[4108,892],[-95,273],[-524,401],[-2030,451],[-1117,666],[-338,668],[652,606],[-172,1476],[-795,672],[-2689,1329],[-844,1032],[-1392,1048],[-226,348]],[[-12901,-18566],[-150,282],[-1001,462],[-919,-66],[-396,1485],[-1099,1039],[-697,1336],[-1332,1235],[-414,895],[-836,45],[-31,639],[-1369,263],[-266,306],[307,1821],[-199,417],[-1663,2265],[-2216,1845],[-760,2516],[-1349,1320],[-2468,5136],[-3127,4779],[-750,635],[-1301,423],[-1832,1773],[-430,1362],[52,480],[218,99],[384,27],[801,-266],[2330,-2557],[1666,-1405],[501,-145],[166,-208],[846,-1729],[181,-785],[2423,-4659],[2661,-3488],[2027,-3124],[714,-1546],[1596,-2364],[4906,-6489],[1048,-1224],[2265,-1991],[2830,-2923],[3237,-2121],[2488,-1099],[2216,-738],[1322,-264],[2825,733],[3490,-252],[1363,105],[3072,1279],[2395,1516],[1264,971],[3357,3305],[3789,1089],[6012,1005],[1998,-55],[2707,196],[1569,-1034],[546,-815],[1389,-1126],[244,17],[622,524],[-769,-1301],[360,-696],[-117,790],[731,1133],[-31,-517],[1714,-89],[2903,-441],[-242,-125],[-1081,4],[-2781,473],[-803,-571],[-8,-623],[328,-103],[465,187],[1498,-517],[106,-212],[-356,-551],[145,-120],[245,-13],[541,462],[1643,-605],[1800,-1396],[2137,-875],[2029,-1591],[1480,-2677],[478,-421],[2797,-1279],[1323,-944],[2182,-1103]],[[6759,48600],[1042,-319],[2270,-1294],[2955,-1271],[1400,-1318],[1608,-2908],[51,-1970],[-1329,-1148],[-1867,-555],[-2025,1855],[-1389,834],[-879,784],[-1780,804],[-699,537],[-1007,35],[-505,244],[-2595,-464],[-3461,-1420],[-2661,-1393],[-2832,-1552],[-2222,-1630],[-453,-708],[-1443,-837],[-99,-462],[-750,-744],[-1170,-1683],[-232,-881],[-673,-308],[-880,-1175],[-1009,-846],[-794,-370],[-1013,-153],[-1849,506],[-1006,433],[-1081,187],[-541,614],[-210,732],[340,466],[8,513],[464,462],[584,205],[558,-105],[621,274],[1300,-46],[75,-327],[243,-66],[260,-453],[632,-9],[142,-157],[509,-46],[568,497],[138,818],[297,273],[-146,266],[508,1093],[41,645],[-1296,729],[-651,1150],[375,41],[502,-164],[278,-465],[321,-174],[370,111],[385,-309],[298,176],[624,1051],[2239,1204],[316,579],[1917,1378],[541,7],[-69,274],[284,410],[1232,349],[2099,1320],[689,-69],[314,399],[1505,323],[443,473],[478,-163],[1701,686],[114,203],[554,14],[-14,322],[213,180],[-91,383],[1176,709],[1520,-225],[-329,607],[56,246],[-322,397],[58,564],[391,789]],[[2994,48564],[3765,36]],[[-23177,38089],[-888,-226],[-439,88],[59,118],[-444,364],[-147,1055],[532,3350],[-37,716],[866,732],[334,1015],[571,821],[603,464],[57,700],[974,758],[1516,16],[856,-691],[191,-1013],[-64,-2029],[-327,-213],[102,-668],[-363,-907],[-396,-2205],[-248,-278],[-1970,-177],[-576,-1262],[-762,-528]]]}