{"type":"Topology","transform":{"scale":[1.0E-6,1.0E-6],"translate":[-73.03556205064778,42.131477047492794]},"objects":{"MA":{"geometries":[{"arcs":[[6,7,8,9,-4,10]],"id":171,"type":"Polygon","properties":{"bound":{"minx":-73.18358908178963,"miny":42.03801727804056,"maxx":-73.00824156365793,"maxy":42.254147043333774},"Geoid10":"25003933400"}},{"arcs":[[-2,11,-6,12,13,14]],"id":173,"type":"Polygon","properties":{"bound":{"minx":-73.30250765963474,"miny":42.04136253967796,"maxx":-73.17566316701479,"maxy":42.174042696861946},"Geoid10":"25003933300"}},{"arcs":[[-1,15,16,17,18,19,-3,-5,20,21]],"id":865,"type":"Polygon","properties":{"bound":{"minx":-73.0733455786336,"miny":42.03368115471894,"maxx":-72.7839979481016,"maxy":42.34588989966005},"Geoid10":"25013813000"}}],"type":"GeometryCollection"}},"arcs":[[[222146,113529],[-44225,-4516],[-6667,-8400],[-7872,-15652],[-40122,22694],[31700,26249],[-4606,67230]],[[-136655,-88136],[-5962,47859],[-8121,62364]],[[27569,106931],[126,-1],[-27053,-94756],[-36278,4562],[1078,-2165],[-55,-625],[-138,-552],[-1635,-1197],[2,-586],[1290,-2773],[1707,-1744],[-20,-1071],[461,-1436],[-55,-494],[-846,-571],[-413,-1497],[324,-2180],[1180,-1722],[566,-1657],[671,-1052],[355,-1735],[455,-831],[2013,-1480],[708,-1102],[2196,-2261],[295,-906],[-140,-529],[-620,-881],[-1533,-1316],[-2765,-1214],[-3147,-757],[-2109,-1122],[-1163,-917],[-288,-396],[-170,-844],[1128,-1149],[0,-1288],[-309,-495],[-818,-724],[-1851,-798],[-235,-509],[7,-734],[906,-3036],[1085,-7682],[10219,-21356],[984,-2389],[550,-177],[1086,-1506],[1563,-1109],[430,-656],[-89,-665],[-309,-436],[-722,-609],[-973,-335],[-633,-872],[-243,-1063],[-236,-307],[162,-709],[413,-647],[793,-561],[893,-462],[811,-167],[1205,-870],[2488,-753],[400,-441],[423,-161],[130,-353],[332,-2582],[-941,-2087],[-246,-1883],[-279,-772],[-864,-768],[-1051,-1472],[168,-1079],[1689,-1966],[110,-2256],[1565,-2855]],[[27569,106931],[-28378,-2265],[-461,4039],[-54165,-6021],[-1666,11337],[-28087,-2321],[211,971],[-599,744],[-383,1200],[-499,490],[-902,1437],[-330,996],[2133,1695],[118,835],[-299,1060],[-20854,-2519],[-19419,-2542]],[[35495,181215],[-310,-342],[-1469,-61261],[-2414,250],[-1400,-4388],[-2333,-8543]],[[-261526,27732],[5871,-38525],[-13143,-14024],[8096,-59622]],[[27569,106931],[126,-1],[-27053,-94756],[-36278,4562],[1078,-2165],[-55,-625],[-138,-552],[-1635,-1197],[2,-586],[1290,-2773],[1707,-1744],[-20,-1071],[461,-1436],[-55,-494],[-846,-571],[-413,-1497],[324,-2180],[1180,-1722],[566,-1657],[671,-1052],[355,-1735],[455,-831],[2013,-1480],[708,-1102],[2196,-2261],[295,-906],[-140,-529],[-620,-881],[-1533,-1316],[-2765,-1214],[-3147,-757],[-2109,-1122],[-1163,-917],[-288,-396],[-170,-844],[1128,-1149],[0,-1288],[-309,-495],[-818,-724],[-1851,-798],[-235,-509],[7,-734],[906,-3036],[1085,-7682],[10219,-21356],[984,-2389],[550,-177],[1086,-1506],[1563,-1109],[430,-656],[-89,-665],[-309,-436],[-722,-609],[-973,-335],[-633,-872],[-243,-1063],[-236,-307],[162,-709],[413,-647],[793,-561],[893,-462],[811,-167],[1205,-870],[2488,-753],[400,-441],[423,-161],[130,-353],[332,-2582],[-941,-2087],[-246,-1883],[-279,-772],[-864,-768],[-1051,-1472],[168,-1079],[1689,-1966],[110,-2256],[1565,-2855]],[[-17691,-91616],[-14409,286],[-19392,733],[-85163,2461]],[[-136655,-88136],[-5962,47859],[-8121,62364]],[[-150738,22087],[-412,2200],[20496,1540],[-607,5609],[4804,15646],[-77,18468],[51,6523],[193,2171],[279,41823]],[[27569,106931],[0,0]],[[-136655,-88136],[-57580,1536],[-25662,918],[-37926,995],[-2879,248]],[[-261526,27732],[9822,-82],[-1875,13200]],[[-253579,40850],[5440,-2560],[2737,-440],[159,-187],[621,2],[614,-172],[613,-396],[1077,192],[229,-170],[810,-54],[447,-167],[-32,-114],[1084,-29],[383,-477],[1807,-1422],[1789,-642],[24287,2884],[22611,-20389],[38165,5378]],[[-150738,22087],[0,0]],[[222146,113529],[957,-10031],[19045,1878],[1427,-19552],[9876,-31],[1072,-17522]],[[254523,68271],[-4723,725],[-12130,-34613],[-4614,-2975],[-5008,-5546],[-5361,-1492],[-281,-328]],[[222406,24042],[-15750,-18508],[-1141,917],[-1336,302],[-3073,-435],[-1697,-623],[-353,-640],[597,-1757],[-208,-438],[-487,-393],[-1072,-411],[-1539,-158],[-1127,-953],[-489,-227],[-2597,137],[-375,-66],[-264,-292],[-144,-774],[89,-1419],[510,-1367],[714,-1090],[100,-455],[-215,-437],[-389,-268],[-509,-106],[-2300,437],[-807,-82],[-2071,-1260],[-1521,-71],[-682,-423],[-128,-1150],[-448,-602],[-2029,-7901],[14557,-3313],[437,-1729],[-3492,-5095],[5183,-2651]],[[198350,-29259],[3777,-7669],[1250,-10307],[-3628,-9621],[-3040,-5072],[2160,-6576],[2720,-4095],[-918,-22166]],[[200671,-94765],[-12251,182],[-14707,800],[-12921,-42],[-65283,529],[-4268,523],[-21961,-324],[-33267,273],[-30514,544],[-21973,525],[-1217,139]],[[35495,181215],[522,572],[1094,748],[44638,29855],[58176,-3059],[877,-9335],[9552,1138]],[[150354,201134],[0,0]]]}