{"type":"Topology","transform":{"scale":[1.0E-6,1.0E-6],"translate":[-70.80068941888499,42.555985828867335]},"objects":{"MA":{"geometries":[{"arcs":[[2,3,4,5,6,7,8],[9],[10],[11],[12],[13],[14],[15],[16]],"id":511,"type":"Polygon","properties":{"bound":{"minx":-70.81494226534653,"miny":42.552047294936415,"maxx":-70.71487440978898,"maxy":42.59937081106152},"Geoid10":"25009218100"}},{"arcs":[[17,-2,18,19,20,21],[22],[23],[24]],"id":1168,"type":"Polygon","properties":{"bound":{"minx":-70.86846856930663,"miny":42.54445763356511,"maxx":-70.79269346581175,"maxy":42.59043016566023},"Geoid10":"25009217600"}},{"arcs":[[25,-1,26],[27],[28],[29],[30],[31],[32]],"id":1259,"type":"Polygon","properties":{"bound":{"minx":-70.892442605244,"miny":42.52139428984521,"maxx":-70.78216682083793,"maxy":42.537193099848956},"Geoid10":"25009204400"}}],"type":"GeometryCollection"}},"arcs":[[[-87145,-27946],[-2239,677],[-1015,-1982],[-1314,-1227],[764,-2387],[960,240],[177,-871]],[[6843,12400],[93,267],[-286,194],[185,448],[-657,10],[-12423,11049],[-3158,3741]],[[84461,23100],[1062,-3127],[-530,-765]],[[84993,19208],[85,578],[-1021,471],[-1733,248],[-1192,-40],[-997,-204],[-1277,-542],[-440,-1046],[-664,-744],[-108,-965],[-487,-526],[-2143,-230],[85,-201],[-216,-130],[-727,291],[-1075,-79],[-1663,-507],[-488,934],[53,1027],[-1021,759],[-271,392],[54,163],[920,437],[703,1042],[270,1634],[-1316,565],[-1439,285],[-1547,-19],[-921,-167],[-255,-139],[-92,-366],[364,-665],[-100,-907],[898,-797],[-874,-1107],[-355,-100],[-611,99],[-682,669],[797,440],[0,167],[-527,311],[-974,188],[-704,-236],[-997,-690],[-1547,-677],[-1834,328],[-696,-82],[-781,-346],[-1245,-5],[-154,-277],[240,-334],[-627,-208],[-936,-46],[720,-259],[-69,-289],[371,-517],[-464,11],[-541,-197],[-790,411],[-2089,81],[-2461,-1132],[465,723],[-294,221],[-449,-966],[-1029,-210],[-581,-765],[-743,56],[-712,-245],[-642,-586],[-487,213],[-124,413],[-363,43],[-2514,-668],[-915,-402],[351,-347],[-851,-460],[-1550,-1587],[-1037,-1698],[-243,-109],[346,-128],[-163,-602],[-335,-247],[-736,-74],[-198,239],[-745,9],[-405,-307],[76,-353],[539,-207],[289,-425],[330,-126],[-76,-352],[316,-95],[-552,-105],[214,-243],[326,-26],[-419,-552],[-652,100],[-192,299],[-585,-40],[-287,485],[-615,99],[-481,-65],[-122,-154],[-1834,-106],[-325,491],[214,377],[-187,41],[-256,473],[-1081,12],[-534,-568],[399,-575],[134,-746],[-409,-331],[94,-256],[-341,-194],[27,-212],[-606,-512],[4,-911],[-1357,-458],[-472,119],[-181,-93],[-362,459],[-532,152],[-432,-414],[-915,184],[-264,-116],[-25,-188],[-667,132],[-573,-224],[-626,354],[-96,260],[1220,364],[325,-90],[502,263],[334,517],[598,423],[-252,1202],[-824,1574],[-1090,1076],[439,473],[746,31],[649,348],[238,-122],[632,85],[-279,347],[2144,540],[372,215],[83,872],[-442,260],[-1104,90],[251,256],[-39,264],[995,663],[364,72],[398,-115],[25,-574],[202,-179],[494,18],[76,-246],[628,159],[371,1445],[-964,-165],[-100,-220],[-783,198],[865,562],[639,-16],[587,-374],[1074,786],[624,-194],[468,109],[-482,77],[-246,322],[644,249],[391,-108],[1173,196],[-161,106],[-993,-61],[-390,144],[-1572,-379],[-429,293],[-929,0],[274,729],[1107,508],[-414,348],[-380,-72],[-568,135],[-1793,-673],[-490,-45],[-410,-329],[291,-659],[-195,-295],[-904,362],[-348,-124],[-298,267],[-149,-58],[84,-146],[-369,-104],[-254,93],[242,-141],[-5,-410],[337,-102],[431,-1529],[-1086,-900],[-627,0],[-389,204],[-1363,28],[-252,180],[-302,692],[-474,119],[-276,-669],[-690,-171],[-1073,-1218],[226,-36],[74,-353],[369,308],[207,557],[509,357],[1611,-594],[42,-705],[-454,-226],[-196,-388],[-692,-607],[-2524,-1634],[-530,9],[-215,482],[-1415,78],[-523,-197],[-671,562],[-458,139],[-626,-209],[-335,-342],[70,-315],[431,-340],[-376,-129],[-187,107],[-1851,-600],[-134,-253],[-1042,-528],[-606,9],[69,334],[-429,-200],[-357,286],[-1065,-203],[-221,-217],[-1189,-400],[-72,665],[440,911],[-114,423],[245,303],[-257,789],[93,952],[332,406],[-61,553],[-387,237],[-8,360],[-363,404]],[[6843,12400],[93,267],[-286,194],[185,448],[-657,10],[-12423,11049],[-3158,3741]],[[-9403,28109],[-4400,9282]],[[-13803,37391],[13696,1947]],[[-107,39338],[27346,2924],[27800,1328]],[[55039,43590],[5195,-9580],[6611,-1890],[10328,-3781],[4609,-1972],[1796,-847],[883,-2420]],[[79754,10646],[-557,-80],[46,-315],[-982,67],[-1168,734],[401,1087],[2126,1824],[325,-144],[604,-873],[-46,-379],[-665,-429],[-224,-413],[155,-358],[448,-304],[-463,-417]],[[19341,-3631],[-199,-382],[-300,-126],[-711,74],[-349,426],[-292,-51],[159,1094],[539,344],[1710,420],[227,-94],[-41,-285],[-504,-226],[130,-458],[-217,-384],[184,-191],[-336,-161]],[[56111,16223],[248,-64],[117,-673],[-332,-811],[-1122,-76],[-170,506],[115,1357],[201,152],[409,-25],[534,-366]],[[81191,13716],[-557,50],[-225,164],[31,320],[750,74],[348,-346],[-347,-262]],[[18151,415],[-267,41],[-293,393],[755,373],[170,-76],[41,-577],[-406,-154]],[[19470,2212],[-208,15],[-52,335],[124,187],[501,137],[185,-301],[-154,-264],[-396,-109]],[[46041,10977],[-495,69],[-39,166],[434,29],[100,-264]],[[45128,11165],[-193,38],[124,146],[162,-61],[-93,-123]],[[-43110,34746],[8389,-51],[7719,-7550],[7381,-5309],[1292,1464],[5723,853],[3203,3956]],[[6843,12400],[688,-1460],[-311,-526],[-129,-964],[261,-811],[-201,92],[-2181,-525],[-1214,-821],[-93,462],[-1106,-202],[-448,-286],[-403,-560],[-611,-338],[-828,-900],[-996,-268],[-456,-350],[-1493,747],[-1114,-247],[-487,-521],[-2815,-1445],[-4570,-3391],[-2189,-1267],[-1136,-509],[-6024,-1883],[-936,-650],[-1848,-246],[-974,359],[-1600,-260],[-851,166],[-572,-103],[-1330,474],[-2165,-854],[-325,-217],[-38,-379],[-503,-508],[-1005,326],[-897,-311],[93,771],[-774,285],[-1121,-90],[-564,-216],[-564,-676],[-480,-187],[-1276,519],[-943,-73],[-835,-428],[-30,-554],[-225,-166],[-1036,-192],[-1160,215],[-378,-182],[0,-418],[-286,-433],[-1152,-698],[-340,-51],[-379,188],[-224,266],[30,397],[-433,254],[-595,40],[-449,-300],[-711,128],[-54,1179],[448,174],[-78,341],[-1029,573],[-1245,97],[-1554,-408],[-2898,-1798],[-401,-457],[487,-685],[-378,-628],[39,-265],[-240,-427],[-425,-246],[-370,-22]],[[-55587,-9949],[-382,1455],[-881,831],[-180,840],[-3527,3591],[395,152],[541,5456],[-520,405],[-7264,3463],[-194,156],[108,99]],[[-67491,6499],[2320,2027],[2751,1387],[1743,698],[3703,4461],[-2321,2555],[855,-72],[1000,125],[1558,685],[1238,337],[1086,-138],[3694,1241],[1190,742],[2118,2504],[1320,554],[-670,656],[-2041,1426],[-1310,701],[-727,1155],[-1209,558],[-866,124],[-1284,1225],[-1030,388],[-763,758],[-1468,1003],[-1660,1856],[-1944,1367]],[[-60208,34822],[17098,-76]],[[-182,-4577],[1492,-71],[533,-360],[518,-1145],[851,-203],[278,149],[124,695],[696,668],[511,58],[989,-615],[-240,-211],[-108,-609],[-441,-350],[170,-398],[1871,-353],[456,-538],[-162,-799],[-1391,163],[-1176,-550],[-542,-553],[-394,-52],[-1817,814],[-727,-34],[-595,391],[-1344,-111],[-642,-294],[-317,72],[-1245,1092],[1299,2209],[-857,1401],[471,196],[402,-7],[1337,-655]],[[3984,-11382],[-781,-134],[-765,-404],[-302,18],[-294,333],[78,353],[502,399],[1972,522],[155,-151],[-62,-469],[-503,-467]],[[3941,4029],[-650,26],[-232,419],[101,178],[943,-143],[-162,-480]],[[-83227,-34622],[-1932,2222],[-1583,-842],[-3070,-254]],[[-87145,-27946],[418,-425],[548,-252],[2604,-759],[2089,1831],[712,1277],[1376,486],[125,299],[-348,517],[286,108],[564,-657],[1585,769],[-46,143],[-750,101],[-46,386],[341,492],[1895,1085],[1561,-56],[873,217],[425,295],[0,306],[610,758],[1437,154],[533,216],[448,511],[54,335],[788,301],[278,346],[974,-20],[518,-216],[442,-853],[881,217],[70,-796],[859,-711],[-216,-292],[309,-242],[804,-86],[364,-193],[-680,-407],[-780,-760],[-557,-261],[-1855,595],[-1083,640],[-286,-63],[-518,-319],[-223,-418],[93,-647],[-387,-164],[40,-405],[842,-80],[1979,271],[619,-301],[108,-228],[843,-162],[201,-487],[-525,-428],[-618,-190],[-425,-394],[-30,-1369],[209,-456],[480,-307],[317,243],[487,-532],[-379,-402],[31,-207],[-448,200],[-487,-31],[-764,-805],[-533,-107],[-874,454],[-557,-9],[-698,-359],[-739,223],[-62,138],[293,320],[-124,259],[247,1044],[548,500],