{"type":"Topology","transform":{"scale":[1.0E-6,1.0E-6],"translate":[-71.23274864347792,41.74010913228842]},"objects":{"MA":{"geometries":[{"arcs":[[1,2,3,4,5,6],[7,8,9,10],[11],[12]],"id":191,"type":"Polygon","properties":{"bound":{"minx":-71.31656546729619,"miny":41.733281204494546,"maxx":-71.20139124868815,"maxy":41.780058245021436},"Geoid10":"25005645103"}},{"arcs":[[-1,13],[14,15],[16]],"id":325,"type":"Polygon","properties":{"bound":{"minx":-71.2454988719436,"miny":41.708414944399294,"maxx":-71.19204074547962,"maxy":41.73607908828085},"Geoid10":"25005645101"}}],"type":"GeometryCollection"}},"arcs":[[[40669,-11967],[-7490,2600],[-5002,793],[606,2264],[3824,-584],[244,901],[-3139,1832]],[[12838,35030],[-1124,-5750],[245,-2951],[-206,-4246],[9055,1400],[840,-374],[210,-880],[-67,-609],[1263,-1888],[409,-3014],[1326,-4848],[-605,-1521],[-420,113],[119,-305],[2549,-383],[1454,61],[1138,346],[373,-526],[520,-89],[-34,-2246],[840,-534],[-130,-583],[237,-126]],[[30830,6077],[8,-621],[-496,-406],[481,-297],[366,-691],[-68,-483],[-1153,-153],[-488,-622],[92,-277],[488,-81],[176,-663],[611,-173],[260,-1017],[22,-315],[-282,-423],[122,-547],[-626,-210],[77,-688],[-633,-390],[-267,-658],[534,-1035],[-671,-405],[-527,107],[-893,641],[-947,265],[-1618,-116],[-206,401],[305,330],[-504,360],[-435,-279],[-1198,279],[-863,-12],[-115,110],[168,647],[-382,529],[-259,-348],[-1160,510],[229,-401],[649,-371],[-23,-459],[-534,-812],[92,-525],[-176,-400],[-366,-435],[-862,-552],[-1023,-236],[-709,-676],[-1328,-566],[535,-233],[-49,-126]],[[17184,-6446],[-2587,337],[-19179,-874],[-8066,863]],[[-12648,-6120],[-4095,4584],[-11490,13544],[-19177,8076],[510,255],[-86,186],[316,367],[220,-113],[224,106],[44,400],[-264,125],[-13,175],[624,111],[-234,-298],[189,-180],[276,170],[-85,218],[474,66],[-184,475],[369,-21],[-223,277],[-383,138],[507,258],[-196,243],[422,20],[249,268],[203,-135],[-179,247],[333,475],[-397,-324],[21,390],[-410,-141],[-95,119],[159,209],[825,160],[-24,475],[-558,20],[-286,-190],[-718,216],[-286,-146],[-564,250],[-176,-147],[-726,-46],[-323,-574],[-1628,-1293],[-110,-597],[-741,-343],[81,-512],[-419,26],[155,230],[-80,412],[513,137],[462,329],[-381,325],[704,406],[-81,341],[-381,226],[712,1064],[-477,-32],[-103,-349],[-220,266],[1079,1034],[-609,285],[-198,613],[800,665],[418,756],[-351,943],[242,131],[103,434],[-147,439],[359,367],[-1040,1276],[-696,261],[-37,206],[381,247],[1826,387],[345,291],[103,403],[-543,426],[-1385,134],[330,407],[1100,193],[36,159],[-216,59]],[[-47949,34940],[58034,5062]],[[10085,40002],[-594,-3365],[3444,-1130],[-97,-477]],[[-52274,34699],[2758,111]],[[-49516,34810],[-240,-564],[80,-449],[1510,-379],[337,-228],[-1664,-42],[-521,-177],[-410,-454],[263,-1206],[652,-1081],[51,-823],[-308,-556],[-638,370],[-865,186],[-359,-71],[-294,-276],[682,-1269],[-894,-2077],[-947,-1206],[-458,-934],[270,-778],[-113,-168],[-20148,8528],[-2600,814],[-1487,914],[-6078,2567]],[[-83695,35451],[23988,-681]],[[-59707,34770],[7433,-71]],[[-47856,22414],[-308,-299],[22,-274],[-191,-49],[-197,194],[-374,38],[212,238],[345,-61],[469,365],[228,0],[-206,-152]],[[-48975,20795],[-294,78],[54,127],[240,-205]],[[40669,-11967],[-156,-107],[-2344,793],[-7,-167],[534,-129],[573,-917],[-664,-1278],[-168,-688],[168,-352],[-923,-518],[-1061,-1254],[374,-983],[-610,-728],[76,-656],[-259,-253],[-366,-1245],[-30,-406],[305,-111],[-53,-195],[-489,31],[-404,-201],[-458,-959],[-297,-46],[-443,-1072],[-1266,-983],[-46,-289],[-656,-499],[-389,-867],[16,-514],[-672,-571],[-129,-628],[160,-249],[-450,-306],[-61,-623],[-976,-352],[-443,-477],[-61,-325],[-1861,-545],[-69,-136],[-397,1],[-213,-287],[-2907,-723],[-702,275],[-763,611],[38,122],[535,11],[-619,762],[-3083,670],[-1633,649],[-1267,1029],[-137,245],[121,520],[481,622],[641,-95],[588,-462],[-420,-364],[-389,-7],[-190,-324],[755,-188],[427,54],[618,417],[626,764],[-115,146],[144,426],[-91,152],[-1221,422],[-15,-343],[-580,-592],[-313,179],[-305,-51],[602,1187],[580,187],[1282,-426],[801,52],[870,665],[999,1681],[450,121],[312,285],[306,-52],[862,205],[1167,694],[740,721],[420,909],[320,1460],[-413,537],[84,452],[-542,75],[-160,-381],[153,-731],[-473,-1482],[405,-505],[-107,-61],[-527,301],[-862,938],[-1779,1389],[-1183,369],[-1465,809],[-3168,1164],[-4473,944],[-267,243],[-557,57],[-656,379],[-1298,285],[-283,292],[1137,99],[69,1257],[373,413],[275,68],[253,-1760],[923,-617],[810,-214],[442,526],[1107,-375],[2648,727],[152,-92],[123,-826],[815,-378],[200,-494],[1496,331],[1495,1109],[946,122],[496,401],[-427,-89],[-1030,183],[-436,311],[-885,96],[-198,752],[-1023,120],[-504,544],[15,203],[-741,621],[-46,337],[405,111],[379,571],[-143,794],[-520,881],[90,1091],[291,47],[741,-206],[503,541],[862,458],[222,270],[1739,637],[557,609],[413,206],[358,-96],[558,-476],[1038,-250],[1053,-736],[779,-125],[1664,770],[1725,-241],[61,415],[-520,346],[154,215]],[[17184,-6446],[-150,-242],[-808,227],[-62,-168],[-504,-122],[108,-687],[320,-475],[-2677,-1349],[-474,-27],[-420,248],[-672,-53],[-716,-730],[-741,197],[-557,-150],[-236,198],[-405,37],[-641,10],[-427,-211],[98,813],[-351,-219],[-320,57],[-191,-413],[-427,68],[-786,-803],[474,-1032],[-350,-1236],[1923,-746],[-152,-79],[-2000,357],[-587,-291],[1176,-405],[640,229],[199,-104],[-572,-430],[16,-1824],[-320,-654],[352,-574],[61,-958],[268,-698],[-130,-331],[221,-216],[155,-2569],[366,-236],[8,-315],[-556,-501],[290,-459],[-61,-1104],[-411,-409],[-374,-921],[199,-537],[-503,-797],[54,-382],[237,-144],[-102,-158],[-19314,21644]],[[-12648,-6120],[8066,-863],[19179,874],[2587,-337]],[[18022,-12632],[1160,-310],[176,-222],[-176,-395],[-610,-431],[-519,40],[-603,429],[-221,-27],[412,378],[205,522],[176,16]]]}