{"type":"Topology","transform":{"scale":[1.0E-6,1.0E-6],"translate":[-73.21579758933292,42.69997014281355]},"objects":{"MA":{"geometries":[{"arcs":[[1,2,3,4,5,6,7]],"id":71,"type":"Polygon","properties":{"bound":{"minx":-73.30681255053669,"miny":42.626670482251676,"maxx":-73.16880463670557,"maxy":42.72562500781242},"Geoid10":"25003920102"}},{"arcs":[[8,9,-1,10,11]],"id":72,"type":"Polygon","properties":{"bound":{"minx":-73.27211152509706,"miny":42.6866161044582,"maxx":-73.16365751282387,"maxy":42.74744076026252},"Geoid10":"25003920101"}}],"type":"GeometryCollection"}},"arcs":[[[-57363,23884],[4033,-18],[6924,-5206],[1696,-4465],[4603,-3604],[15288,-6406],[3249,-3571],[-1364,-9803],[6329,-3563],[2463,934],[7017,13550],[2053,8002],[9898,4297],[14924,-3488],[11479,-8554],[8374,-713]],[[39603,1276],[-1066,-14208],[9489,-384],[-1986,-26481]],[[46040,-39797],[-1451,-25714]],[[44589,-65511],[-371,-5752]],[[44218,-71263],[-135404,3939]],[[-91186,-67324],[33823,91208]],[[-57363,23884],[4033,-18],[6924,-5206],[1696,-4465],[4603,-3604],[15288,-6406],[3249,-3571],[-1364,-9803],[6329,-3563],[2463,934],[7017,13550],[2053,8002],[9898,4297],[14924,-3488],[11479,-8554],[8374,-713]],[[39603,1276],[0,0]],[[52231,44012],[-2338,-32151]],[[49893,11861],[-9469,452],[-821,-11037]],[[-57363,23884],[8204,22085],[101390,-1957]],[[52231,44012],[0,0]]]}