{"type":"Topology","transform":{"scale":[1.0E-6,1.0E-6],"translate":[-73.2455278260475,42.55869013040052]},"objects":{"MA":{"geometries":[{"arcs":[[8,9,10,11,12,13,14]],"id":68,"type":"Polygon","properties":{"bound":{"minx":-73.31113603976527,"miny":42.48346044492782,"maxx":-73.16789060895663,"maxy":42.58990759009255},"Geoid10":"25003911100"}},{"arcs":[[15,16,17,18,19,20,21]],"id":71,"type":"Polygon","properties":{"bound":{"minx":-73.30681255053669,"miny":42.626670482251676,"maxx":-73.16880463670557,"maxy":42.72562500781242},"Geoid10":"25003920102"}},{"arcs":[[22,23,-8,-3,-4,-5,-1,-2,-7,24,-6,25]],"id":177,"type":"Polygon","properties":{"bound":{"minx":-73.4108102277542,"miny":42.35065308204505,"maxx":-73.17173762379588,"maxy":42.63468270640448},"Geoid10":"25003935100"}}],"type":"GeometryCollection"}},"arcs":[[[-85288,-206731],[-2846,16939],[4356,226],[-167,9037],[8585,-16],[-2215,13748],[11997,130],[2713,14643],[11878,-2012],[1183,7211]],[[-95461,-206814],[10173,83]],[[-85732,-141301],[-7650,1176],[19366,74871],[4430,-490],[3371,11662]],[[-67063,-144162],[-18669,2861]],[[-49804,-146825],[-17259,2663]],[[73948,70016],[-135404,3939]],[[-165315,-206952],[69854,138]],[[-66215,-54082],[53463,83957],[56475,-9348]],[[43723,20527],[-8796,-13523],[6060,-957],[-4897,-7646],[5904,-1072],[-8536,-13623],[24600,-3782],[-13342,-20035],[12377,-1963],[-1132,-1827],[23763,-3857]],[[79724,-47758],[-16396,-25517]],[[63328,-73275],[-31927,4740]],[[31401,-68535],[-67624,10017]],[[-36223,-58518],[-29992,4436]],[[-66215,-54082],[53463,83957],[56475,-9348]],[[43723,20527],[0,0]],[[69333,142556],[-1066,-14209],[9489,-384],[-1986,-26481]],[[75770,101482],[-1451,-25714]],[[74319,75768],[-371,-5752]],[[73948,70016],[-135404,3939]],[[-61456,73955],[33823,91209]],[[-27633,165164],[4033,-18],[6924,-5206],[1696,-4465],[4603,-3604],[15287,-6406],[3249,-3571],[-1364,-9804],[6329,-3563],[2463,934],[7017,13551],[2053,8002],[9899,4297],[14924,-3488],[11479,-8554],[8374,-713]],[[69333,142556],[0,0]],[[73948,70016],[-2703,-30200]],[[71245,39816],[-30104,7569],[4678,-16104],[-2096,-10754]],[[-165315,-206952],[103859,280907]],[[73948,70016],[0,0]]]}