{"type":"Topology","transform":{"scale":[1.0E-6,1.0E-6],"translate":[-70.83486942352205,42.773615765139645]},"objects":{"MA":{"geometries":[{"arcs":[[8,9,10,-8,11,-1,-2,-3,12],[13,14,15,16,-5,17,-7,18],[-4,19],[20],[21],[22],[23],[24],[25],[26],[27],[28],[29],[30],[31,32,33],[34,35,36],[-6,37]],"id":486,"type":"Polygon","properties":{"bound":{"minx":-70.9673623068401,"miny":42.73551510744522,"maxx":-70.79399062610712,"maxy":42.81142183455177},"Geoid10":"25009269100"}}],"type":"GeometryCollection"}},"arcs":[[[-82553,13879],[-8827,-6469],[-14284,-5217],[-17757,-10156],[-5072,-295],[-3806,-7031]],[[-55944,20689],[-7215,2893],[-7,1162],[-7086,-919],[-12301,-9946]],[[-40596,24335],[-15348,-3646]],[[9667,29881],[-2203,-1061]],[[18216,33926],[-4139,-1912]],[[4361,27345],[-538,-255]],[[26260,37894],[-4702,-2276]],[[-124823,-19782],[35568,-17841]],[[-17549,25222],[11374,-2930],[5307,2562]],[[-868,24854],[2899,299],[839,-2174],[-242,2270],[1173,-1004],[6505,1964],[2982,-3712],[-5744,-3919],[-2810,2498],[2655,-2667],[5976,3738],[7134,-2822],[2361,-2638],[-862,-4691],[-3842,286],[-132,2658],[-4393,3],[-932,-1789],[-1785,1511],[-1521,-1568],[85,1860],[-4277,-428],[-2663,2618],[1825,-1668],[-3058,-1580],[3237,822],[1172,-1598],[-2544,-4529],[2405,1659],[-296,3728],[2918,794],[1359,-1959],[1475,1662],[1894,-1622],[884,1815],[4393,-88],[-1063,-3101],[-2328,868],[1335,-929],[-1490,-1527],[1692,1337],[-924,1304],[1490,-1228],[396,1060],[4176,-920],[1459,-4398],[-1738,-1991],[-5820,-2258],[-2283,4728],[-62,-1933],[-3476,-172],[-706,-2781],[-4269,2260],[1832,-2092],[5153,177],[1358,-1419],[-3204,-1163],[-1281,1375],[-869,-1500],[2157,1399],[-1016,-3086],[-6138,523],[5378,-440],[-628,-1051],[5338,2692],[620,2315],[-3686,1593],[1777,1348],[4136,-3401],[4401,1772],[-1956,-3061],[1001,-2861],[-3274,-3014],[-3096,2634],[598,-3570],[-6728,2247],[-4771,-3327],[6579,3149],[2080,-1299],[-2344,-191],[5122,-900],[1986,955],[5098,-3629],[-1947,-3822],[939,-5361],[-5384,3156],[2474,3047],[-2172,1501],[-1381,-1643],[-3259,1861],[2212,-1896],[2118,1515],[2118,-925],[-2560,-3355],[-6044,2700],[-23894,2517],[-6722,-696],[-7190,-2994],[-1369,-4331],[-4392,1049],[-6850,-1937],[1571,-1454],[7104,1503],[-914,-1834],[1426,1734],[3576,531],[3712,5094],[7392,2039],[5059,-923],[-1419,-360],[10729,204],[4253,-2327],[7214,-906],[5541,-6107],[-2250,1076],[-5344,-2454],[-707,3028],[-2428,1222],[-4862,-3698],[-1443,1697],[-1777,-781],[-2180,1392],[-1055,-503],[2948,-835],[-201,-1241],[-2761,-531],[-2111,2366],[757,-3027],[-2356,3307],[-2591,-19],[-3737,-2952]],[[-19943,-23296],[-14777,-1556],[-3142,1587],[-3271,-2659],[-1563,1273],[-1622,-1463],[-2687,3852],[-2730,-3797],[-4587,2029],[-1234,-595],[1325,-1862],[-3964,979],[1098,-2514],[1929,607],[-2783,-2017],[-1731,129],[-873,3019],[-3323,-4932],[-23573,-7100],[-1804,693]],[[-124823,-19782],[-7476,4493]],[[-40596,24335],[12501,3599],[10546,-2712]],[[40225,-20364],[-13881,-2956]],[[26344,-23320],[-314,-67]],[[26030,-23387],[-661,-137]],[[25369,-23524],[2317,4840],[-1094,1010],[1776,505],[-2459,596],[2568,1828],[-4065,1818],[1606,1385],[-2118,-1443],[1257,2600],[-1498,4051],[3834,2200],[-1102,549],[395,-1340],[-3825,-1460],[-5222,763],[4942,5054],[117,1149],[-1405,-1404],[-489,906],[528,3498],[2786,2979],[-1638,3716],[2787,1566],[-210,2379],[-4883,6428],[-6700,3464],[1367,603],[-901,3390],[1971,-329],[-1934,4237]],[[18216,33926],[2617,-3664],[3019,-970],[832,2787],[-3126,3539]],[[26260,37894],[3748,-27555],[10217,-30703]],[[9667,29881],[607,-2875],[-3431,-506],[621,2320]],[[22596,11024],[-428,3838],[2554,-2589],[-2126,-1249]],[[14738,-18096],[760,-3082],[-2708,3843],[1948,-761]],[[20010,19492],[-5053,2743],[5053,-2743]],[[21983,-8260],[-3523,1673],[3523,-1673]],[[24847,12703],[-1126,2134],[1126,-2134]],[[11123,-18393],[-2414,2443],[2414,-2443]],[[20555,100],[403,2712],[-403,-2712]],[[16036,22572],[-1911,1393],[1911,-1393]],[[23015,14817],[-357,1458],[357,-1458]],[[13326,22849],[-621,958],[621,-958]],[[14794,21733],[-1018,1145],[1018,-1145]],[[24267,-23660],[-403,-50]],[[23864,-23710],[-34,1102],[437,-1052]],[[24267,-23660],[0,0]],[[25117,-23581],[-419,-40]],[[24698,-23621],[515,60]],[[25213,-23561],[-96,-20]],[[4361,27345],[-538,-255]]]}