{"type":"Topology","transform":{"scale":[1.0E-6,1.0E-6],"translate":[-70.18482869515108,41.28669732619156]},"objects":{"MA":{"geometries":[{"arcs":[[5,6,7,8,9],[10],[11],[12],[13],[14],[15],[16],[17],[18],[19],[20],[21],[22],[23]],"id":674,"type":"Polygon","properties":{"bound":{"minx":-70.3154769461702,"miny":41.25565370279486,"maxx":-70.1179346660186,"maxy":41.337074194687624},"Geoid10":"25019950307"}},{"arcs":[[24,25,-5,26,27]],"id":687,"type":"Polygon","properties":{"bound":{"minx":-70.13102050845082,"miny":41.27428945785098,"maxx":-70.08650042668785,"maxy":41.297152100610816},"Geoid10":"25019950100"}},{"arcs":[[-1,28,29,-3,30,-4,-2,31]],"id":823,"type":"Polygon","properties":{"bound":{"minx":-70.1647762620235,"miny":41.24263024937884,"maxx":-70.08664850270267,"maxy":41.27940848094507},"Geoid10":"25019950200"}}],"type":"GeometryCollection"}},"arcs":[[[96523,-15605],[-3036,2710]],[[93487,-12895],[-2808,2147],[-5147,-1742],[-15663,2584],[-4177,-2179],[-1468,1518],[-8334,981],[-1962,2842]],[[22125,-31210],[-1838,-1516]],[[53928,-6744],[-4040,-4757]],[[61984,7230],[3784,-8543],[-525,-3112],[-10127,593],[-1188,-2912]],[[61984,7230],[3784,-8543],[-525,-3112],[-10127,593],[-1188,-2912]],[[53928,-6744],[-4040,-4757]],[[49888,-11501],[-9849,-12709],[48,1371],[-3963,-1231],[-451,-1524],[-3909,305],[-209,-2869],[-3195,-2228],[-8062,-554],[-3396,1195],[908,-1379],[4315,-86]],[[22125,-31210],[-1838,-1516]],[[20287,-32726],[-46315,17574],[-23961,11826],[2365,938],[16146,-5007],[1828,-1539],[-2109,-403],[-341,1924],[-2509,-1836],[7578,-2667],[4461,-644],[6853,2540],[-2295,-2656],[1346,-491],[-2889,-1926],[15573,7724],[-2250,-378],[865,1401],[-1172,-278],[-8819,-5124],[8101,6738],[-607,5764],[-5248,3683],[-6763,-3250],[-3094,1258],[242,2334],[10919,2289],[424,1304],[4975,755],[10131,-2059],[58262,162]],[[-15045,5011],[-4537,-438],[-2399,-1783],[4697,-56],[2239,2277]],[[-89183,21313],[11236,3432],[16013,-5148],[5207,-5467],[-1010,-509],[-5638,6018],[-1659,-445],[2022,-4480],[3351,44],[-3406,-240],[-85,1854],[-769,-1841],[4256,42],[-835,-1129],[3443,-565],[2108,-5690],[-7051,-1294],[-14389,934],[5306,-3090],[211,-1716],[-14855,10621],[-7741,9734],[2045,4061],[1663,-683],[-2023,-2693],[2600,-1750]],[[-111824,50930],[8086,-849],[-3117,-4674],[-11756,-1362],[-2457,1123],[4290,-410],[-8386,3093],[-273,-2103],[5555,-3405],[-5889,2400],[-3400,4366],[2155,3407],[15192,-1586]],[[-115542,41885],[6464,388],[-4279,-1258],[-4856,2082],[2671,-1212]],[[-63460,2590],[-363,-1647],[-1560,1420],[1923,227]],[[-20247,3099],[-769,755],[769,-755]],[[-17992,4322],[0,0]],[[28871,-30470],[0,0]],[[-63465,15580],[0,0]],[[-63550,15923],[0,0]],[[-63263,15763],[0,0]],[[-17031,3640],[0,0]],[[-63669,15829],[0,0]],[[-63734,16025],[0,0]],[[95526,-11536],[-2039,-1359]],[[93487,-12895],[-2808,2147],[-5147,-1742],[-15663,2584],[-4177,-2179],[-1468,1518],[-8334,981],[-1962,2842]],[[61984,7230],[11654,1107],[7066,2336],[1604,-3902],[11531,-2783],[514,-1655],[-5342,-637],[-1640,-1543],[2302,-870],[-1974,-1449],[2751,198],[-439,-3833],[3260,-2714],[4549,-456],[-2347,-596],[53,-1969]],[[95526,-11536],[0,0]],[[96523,-15605],[1435,-1768],[-10644,-10055],[-5206,-9953],[2054,-357],[146,-4101],[-16028,-1087],[-403,-1716]],[[67877,-44642],[-47590,11916]],[[22125,-31210],[8082,741],[10303,6179],[9378,12789]],[[93487,-12895],[0,0]]]}