{"type":"Topology","transform":{"scale":[1.0E-6,1.0E-6],"translate":[-70.03305131056733,41.932934962743104]},"objects":{"MA":{"geometries":[{"arcs":[[1,2,3,4,5]],"id":215,"type":"Polygon","properties":{"bound":{"minx":-70.1565148769187,"miny":41.958777724297065,"maxx":-69.99417194102621,"maxy":42.07487801067959},"Geoid10":"25001010208"}},{"arcs":[[6,7,-1,8],[9],[10],[11]],"id":216,"type":"Polygon","properties":{"bound":{"minx":-70.0792666611904,"miny":41.87727161804666,"maxx":-69.95457872462914,"maxy":41.966231763831956},"Geoid10":"25001010206"}}],"type":"GeometryCollection"}},"arcs":[[[36322,33859],[-80739,-8973]],[[36322,33859],[-80739,-8973]],[[-44417,24886],[33,27321],[-2158,6170],[6211,-422],[-1199,-878],[2421,-681],[-882,-2723],[2369,2570],[-1833,2745],[8996,4507],[-8798,-3772],[-4409,4254],[309,-1795],[-1811,3376],[104,-4441],[2039,-757],[-3554,-1258],[-869,8721],[-4966,15261],[-11569,18191],[-18893,13969],[-31482,13473]],[[-114358,128717],[865,3586],[-7473,11631]],[[-120966,143934],[31602,-7337],[24393,-8153],[18383,-8154],[18696,-11132],[28357,-25630],[14848,-18448],[21009,-31221]],[[36322,33859],[0,0]],[[76382,-52910],[-36254,-3860],[-9841,982],[-2039,1980]],[[28248,-53808],[193,4252],[5968,4005],[-1323,-2212],[1575,54],[957,-2283],[-319,3365],[3208,2955],[-1904,1064],[1241,1110],[-3371,-1890],[-5024,3313],[3280,2716],[963,3704],[1661,-279],[-5354,1435],[612,2064],[-2941,-1530],[-238,4694],[2015,1377],[-289,-2262],[3537,1887],[2298,-929],[3928,4433],[986,-1532],[697,1362],[1229,-916],[-920,1487],[3474,2819],[-3308,-211],[-1990,-2070],[-2184,1799],[1504,2740],[-4255,-562],[-2240,-2737],[5170,-2125],[-5150,181],[830,-802],[-1926,-482],[-9369,2596],[-3352,-1075],[-933,1472],[1923,-3729],[3468,-1193],[-6137,-793],[-3160,989],[-10461,9622],[-1790,7198],[-3255,1154],[4681,-336],[3077,-6732],[4654,811],[-1719,3300],[2539,4210],[-491,2679],[-1432,3728],[-4289,689],[-468,-1593],[1897,-456],[-2574,-1383],[4712,-858],[-5000,-767],[-5306,1632],[-10477,-240],[-13954,-4358],[-6969,3135],[2441,1268],[-883,1400],[-5852,-2635],[1082,-5622],[3903,-664],[3500,1147],[4153,-2695],[3433,1218],[529,-889],[-13473,-9426],[3072,44],[-2270,-9454],[1536,-1916],[-3446,143],[-2307,-2427],[1751,-15108],[2873,-5551],[-3762,5924],[-3443,53290],[-4053,6966],[146,13985]],[[36322,33859],[19504,-34695],[20556,-52074]],[[6082,1070],[-1388,2564],[2779,-967],[-713,1911],[-2706,-329],[-846,-1641],[2874,-1538]],[[21747,-32056],[3409,-825],[-4930,398],[1563,-3251],[8243,-1920],[-1597,-2623],[2438,-1083],[-802,-1306],[-4054,1621],[67,1504],[-1345,-120],[712,-1334],[-9596,-633],[-138,2729],[-1809,-1734],[-5097,4042],[310,2646],[12626,1889]],[[32334,-35437],[-638,2059],[638,-2059]]]}