{"type":"Topology","transform":{"scale":[1.0E-6,1.0E-6],"translate":[-72.30423548611377,42.10704234724255]},"objects":{"MA":{"geometries":[{"arcs":[[5,6,7,8,-4,9]],"id":1223,"type":"Polygon","properties":{"bound":{"minx":-72.32391398236034,"miny":42.03130897521454,"maxx":-72.2707338489046,"maxy":42.14517932274609},"Geoid10":"25013813701"}},{"arcs":[[-1,10,11,12,13,-5,-3,14]],"id":1224,"type":"Polygon","properties":{"bound":{"minx":-72.38725001806925,"miny":42.031491284213615,"maxx":-72.3069232828558,"maxy":42.16202753259021},"Geoid10":"25013813702"}},{"arcs":[[15,16,-2,17,18]],"id":1225,"type":"Polygon","properties":{"bound":{"minx":-72.27064757021806,"miny":42.029416632766456,"maxx":-72.13498084477918,"maxy":42.0933508930957},"Geoid10":"25013813801"}}],"type":"GeometryCollection"}},"arcs":[[[-17021,-75054],[-2684,17795],[2006,3360],[681,8276],[9260,12184],[1993,13043],[-2731,9957],[-5947,6321],[12192,24713],[-4154,12983],[-3136,3410]],[[34140,-14520],[-580,-60842]],[[-9541,36988],[-1780,3950],[-3136,-1792],[-3376,3088],[-7566,2461],[-5637,7191],[-5539,22],[-1810,2308],[-1921,-1068],[-1362,1554],[-2370,-669]],[[29895,36810],[-5524,-247],[-1777,-2137],[-3287,-319],[-13457,3585],[-15391,-704]],[[-44038,54033],[-7181,-624],[-13862,-6650],[-11354,-1765],[-8269,344]],[[29895,36810],[4245,-51330]],[[34140,-14520],[-580,-60842]],[[33560,-75362],[-50581,308]],[[-17021,-75054],[-2684,17795],[2006,3360],[681,8276],[9260,12184],[1993,13043],[-2731,9957],[-5947,6321],[12192,24713],[-4154,12983],[-3136,3410]],[[29895,36810],[0,0]],[[-17021,-75054],[-45734,717]],[[-62755,-74337],[-12492,70426]],[[-75247,-3911],[-9272,48209]],[[-84519,44298],[-185,1040]],[[-9541,36988],[0,0]],[[169281,-16377],[-761,-60419]],[[168520,-76796],[-134960,1434]],[[34140,-14520],[135141,-1857]],[[169281,-16377],[0,0]]]}