{"type":"Topology","transform":{"scale":[1.0E-6,1.0E-6],"translate":[-72.03333458879602,42.658079906535576]},"objects":{"MA":{"geometries":[{"arcs":[[9,10,11,-5,12,13,14]],"id":707,"type":"Polygon","properties":{"bound":{"minx":-72.08079009092766,"miny":42.601665578537734,"maxx":-71.98160076727292,"maxy":42.716665281288904},"Geoid10":"25027701100"}},{"arcs":[[-1,-4,15,-3,-9,-8,16,17]],"id":721,"type":"Polygon","properties":{"bound":{"minx":-72.28175334595507,"miny":42.622786381112626,"maxx":-72.05700433529452,"maxy":42.72285779710447},"Geoid10":"25027702200"}},{"arcs":[[-7,18,-6,19,-2,20,21]],"id":811,"type":"Polygon","properties":{"bound":{"minx":-71.98584206697318,"miny":42.594716397223785,"maxx":-71.85678010150946,"maxy":42.71375226090246},"Geoid10":"25027700100"}}],"type":"GeometryCollection"}},"arcs":[[[-41163,-33831],[-6415,14835],[-165,8276],[3116,10475],[-1279,9494],[11870,8058],[2620,5336],[8069,892],[21,2454],[-2511,-77],[745,1952],[-2834,2337],[3391,864],[-5315,16710],[-5881,6234],[-8884,4135]],[[51759,55220],[-4397,-83314]],[[-191504,-19098],[57425,7542],[3135,-13955],[5933,643],[1697,-9611],[2076,214]],[[-105785,-34156],[22489,2684],[40882,-1372],[1251,-987]],[[-41163,-33831],[28425,-22413]],[[105312,-56070],[15089,5790],[2272,-1099],[14523,4634],[115,1410],[3128,1034],[756,-1312],[9088,2876],[-578,1008],[3028,989],[-1433,2572],[23422,9134]],[[174924,-24239],[1891,33846],[-1301,7300],[-6000,4500],[-2000,4700],[-4000,-500],[-27269,20139],[-1627,7592]],[[-249646,63469],[10986,-46890]],[[-238660,16579],[13612,750],[996,-7454],[13892,1293],[1386,-7606],[12629,1024],[4641,-23684]],[[51759,55220],[-4397,-83314]],[[47362,-28094],[-22409,-9606]],[[24953,-37700],[-24656,-10639],[-13035,-7905]],[[-41163,-33831],[-6415,14835],[-165,8276],[3116,10475],[-1279,9494],[11870,8058],[2620,5336],[8069,892],[21,2454],[-2511,-77],[745,1952],[-2834,2337],[3391,864],[-5315,16710],[-5881,6234],[-8884,4135]],[[-44615,58144],[96374,-2924]],[[51759,55220],[0,0]],[[-105785,-34156],[-15453,-109]],[[-249646,63469],[205031,-5325]],[[-44615,58144],[0,0]],[[174924,-24239],[-202,-4795]],[[105312,-56070],[-17770,-7131],[-4777,6830],[1762,814],[-3311,8175],[-4328,-425],[-19389,17180],[-10262,315],[125,2218]],[[51759,55220],[82859,-1882]],[[134618,53338],[0,0]]]}