{"type":"Topology","transform":{"scale":[1.0E-6,1.0E-6],"translate":[-73.31957534449252,42.16349692226884]},"objects":{"MA":{"geometries":[{"arcs":[[9,10,11,-9,12]],"id":110,"type":"Polygon","properties":{"bound":{"minx":-73.50697391557162,"miny":42.0492848069616,"maxx":-73.39253282368033,"maxy":42.296788348393235},"Geoid10":"25003934300"}},{"arcs":[[13,14,-8,15,16]],"id":111,"type":"Polygon","properties":{"bound":{"minx":-73.43656760127324,"miny":42.04474931514297,"maxx":-73.29237427905288,"maxy":42.16164332013809},"Geoid10":"25003926100"}},{"arcs":[[-5,17,-7,18,19,20]],"id":173,"type":"Polygon","properties":{"bound":{"minx":-73.30250765963474,"miny":42.04136253967796,"maxx":-73.17566316701479,"maxy":42.174042696861946},"Geoid10":"25003933300"}},{"arcs":[[-4,-3,-1,-2,-6,21]],"id":194,"type":"Polygon","properties":{"bound":{"minx":-73.2895280931508,"miny":42.147189528568155,"maxx":-73.16087800036011,"maxy":42.286598000098095},"Geoid10":"25003933200"}}],"type":"GeometryCollection"}},"arcs":[[[75639,93628],[-46134,-56244],[928,-28553]],[[158697,123101],[-65270,-8020],[-17788,-21453]],[[30433,8831],[13799,-4095],[3979,-2541],[24287,2884],[22611,-20388],[38165,5378]],[[133274,-9931],[-412,2200],[20496,1540],[-607,5609],[4804,15645],[446,68985]],[[147357,-120155],[-14083,110224]],[[158001,84048],[696,39053]],[[22486,-4286],[5871,-38526],[-13143,-14024],[8096,-59622]],[[-69405,-3404],[672,-4926],[-5128,-50],[374,-2486],[-13675,-4235],[2421,-16395],[-30534,362],[14840,-28611],[-8201,-21944],[-8532,-31268]],[[-82911,94987],[2390,13981],[-15362,7327],[39,12227],[-15887,4124]],[[-82911,94987],[6249,-33446],[-18123,271],[1843,-33194],[-1427,-5754],[2184,227],[3383,-26300],[19397,-195]],[[-69405,-3404],[672,-4926],[-5128,-50],[374,-2486],[-13675,-4235],[2421,-16395],[-30534,362],[14840,-28611],[-8201,-21944],[-8532,-31268]],[[-117168,-112957],[-60135,-864],[-11263,36582],[76835,209885]],[[-82911,94987],[0,0]],[[22486,-4286],[5871,-38526],[-13143,-14024],[8096,-59622]],[[23310,-116458],[-140478,3501]],[[-69405,-3404],[91891,-882]],[[22486,-4286],[0,0]],[[147357,-120155],[-124047,3697]],[[22486,-4286],[9822,-82],[-1875,13199]],[[30433,8831],[13799,-4095],[3979,-2541],[24287,2884],[22611,-20388],[38165,5378]],[[133274,-9931],[0,0]],[[158001,84048],[0,0]]]}