{"type":"Topology","transform":{"scale":[1.0E-6,1.0E-6],"translate":[-70.65572399238621,41.416888926830474]},"objects":{"MA":{"geometries":[{"arcs":[[5,6,7],[8,9,10]],"id":1127,"type":"Polygon","properties":{"bound":{"minx":-70.65684530494744,"miny":41.41398820380101,"maxx":-70.58638870549285,"maxy":41.482643824411376},"Geoid10":"25007200100"}},{"arcs":[[11,-5,12,13,14],[15],[16,17,18],[19,20],[21],[22]],"id":1128,"type":"Polygon","properties":{"bound":{"minx":-70.62173427988718,"miny":41.413721479552535,"maxx":-70.5471095651934,"maxy":41.47104221781113},"Geoid10":"25007200200"}},{"arcs":[[23,-3,24],[25],[26],[27],[28],[-2,29,30],[31,32]],"id":1129,"type":"Polygon","properties":{"bound":{"minx":-70.61602727354679,"miny":41.34762423323755,"maxx":-70.44581614384333,"maxy":41.42151487588303},"Geoid10":"25007200300"}},{"arcs":[[-4,-1,33,34],[35],[36],[37],[38],[39],[40],[41],[42],[43],[44],[45],[46],[47],[48],[49],[50],[51],[52]],"id":1130,"type":"Polygon","properties":{"bound":{"minx":-70.95242842500787,"miny":41.24991440051559,"maxx":-70.60438246215172,"maxy":41.520801208963746},"Geoid10":"25007200400"}}],"type":"GeometryCollection"}},"arcs":[[[48949,-67712],[-2702,35663],[-5642,28831]],[[102044,-2836],[-53,940]],[[83379,-2285],[-42774,-933]],[[40605,-3218],[-41109,47292]],[[55344,12875],[-2836,-3205],[-18089,18604],[6186,-31492]],[[55344,12875],[-2836,-3205],[-18089,18604],[6186,-31492]],[[40605,-3218],[-41109,47292]],[[-504,44074],[11397,1033],[8022,2621],[3564,2694],[1488,-1340],[-987,-1383],[-1006,846],[-783,-2119],[-3510,-240],[3487,-1922],[1760,2074],[6419,-3758],[689,-4387],[-1861,-723],[5231,-6081],[-1275,2224],[2573,2779],[-142,3815],[-3736,7500],[1477,3220],[-4290,1694],[-2294,-3227],[-2481,940],[12912,7693],[-2697,-3092],[2954,2192],[746,-1558],[1508,2284],[-2058,213],[15622,7825],[4659,-1481],[1636,-1509],[1378,-10770],[-4389,-7407],[-660,-5891],[3307,-2727],[10827,4977],[-12212,-7311],[2979,-3259],[4974,5491],[2116,-532],[-3062,-5090],[-8861,-6514],[-2635,-8993],[3062,-2000]],[[68076,42286],[627,-282]],[[68703,42004],[-1011,478]],[[67692,42482],[384,-196]],[[83379,-2285],[-42774,-933]],[[55344,12875],[1941,4884],[7108,7842],[2531,747],[4201,5227],[-337,2037],[3677,2696],[203,4364],[-5965,1332]],[[68703,42004],[-1011,478]],[[67692,42482],[3881,776],[9681,8313],[5642,2762],[5167,-1493],[6241,-8888],[-1562,-472],[-1416,1867],[-1627,-4277],[3233,-362],[1664,2778],[1306,-2290],[1978,774],[-1956,-894],[3057,-6566],[203,-11419],[-1415,374],[-138,6456],[-1066,-7269],[2036,275],[-1861,-868],[-642,-5945],[-1868,-181],[-2195,2476],[-4735,-127],[-3719,-6923],[4012,-1355],[-321,-3711],[-7373,-4129],[1328,-1724],[-1848,-2725]],[[77177,42325],[-1510,-659],[1510,659]],[[106631,-491],[-437,-220]],[[106194,-711],[-7614,11698],[-291,4732],[1641,164],[1291,-6143],[5955,-10025]],[[107176,-285],[-545,-206]],[[102044,-2836],[-53,940]],[[101991,-1896],[1767,1289],[-1714,-2229]],[[92081,11393],[81,-1296],[-81,1296]],[[90090,12276],[0,0]],[[48949,-67712],[-2702,35663],[-5642,28831]],[[83379,-2285],[1359,1628],[2436,-741],[175,2492],[8606,4342],[2683,-2195],[-1239,-1087],[1954,-2668],[-4113,-2547],[6454,-1768],[1494,-3831],[5280,257],[-1248,-2190],[2100,-2504],[7568,-67],[2612,2673],[-1830,1291],[-1524,-362],[882,-1076],[-1845,532],[-116,1988],[-8487,6786],[1101,527],[11965,-8039],[9799,-3384],[10105,-1496],[-2006,-1152],[3280,-1599],[-1583,-1487],[2477,-2406],[6242,964],[1551,-1110],[-1316,3657],[-5162,-179],[2997,1080],[2923,-857],[3944,-9445],[-1742,380],[-1265,5144],[113,-4962],[-2224,-49],[-3056,-2936],[-1130,627],[-1642,-2377],[6977,-8550],[1215,-6080],[-1685,-2771],[183,-8620],[9272,-5291],[-1345,-2762],[-10309,-3245],[23498,359],[5129,1215],[583,-1026],[12816,98],[2468,2674],[-1369,-1148],[-8261,10368],[-19889,2214],[-8199,6391],[616,3514],[-2175,1984],[1460,1212],[3162,-764],[1879,5906],[-2150,495],[-1219,-2448],[1449,-1296],[-4157,-2243],[609,4693],[-5213,7233],[11715,-4836],[7486,437],[24492,16984],[4856,567],[-6248,-2269],[-3911,-7649],[-1495,181],[2540,-6187],[4543,-2760],[-1115,-516],[3127,-301],[-1224,-687],[5139,430],[1064,-1054],[131,1005],[4840,335],[-366,-7455],[-2339,-1593],[489,-1405],[-1618,730],[2225,-5556],[-1465,-1246],[-1414,1449],[-1450,-1027],[5072,-1969],[687,-2378],[-6231,230],[-917,-2565],[8094,-5499],[1372,3185],[-3007,16145],[2188,8695],[-1983,1692],[3882,13094],[-1765,3469],[2814,4486],[-2638,2600],[1331,2192],[-2661,-2745],[-1298,889],[1320,-1377],[-4019,2299],[2005,3519],[3399,-1212],[775,2795],[-4041,875],[-1614,-1546],[-4286,5496],[-4548,73],[-7916,-8621],[1021,-12544],[-1982,10178],[2316,5447],[6204,5842],[14192,2237],[4453,-23364],[-3364,-18073],[426,-28679],[-5544,-3525],[-28653,534],[-11175,-1411],[-44004,2598],[-68254,-32]],[[94416,-40429],[-25,-3117],[1786,-867],[-1465,-1279],[-8029,5147],[5733,-5559],[664,-3124],[2849,-1065],[1232,-4545],[-4227,60],[1778,-2608],[2274,-1762],[1953,1483],[1763,-2674],[-9407,401],[-4270,4786],[1378,-3453],[-2580,-1658],[-4518,3535],[-1101,2953],[-531,-2789],[1785,-784],[3354,-8244],[27217,-854],[-1732,1808],[1574,2240],[-2448,961],[4591,3699],[6041,2042],[-4561,533],[-3382,-3255],[-3665,-1021],[649,1729],[-2077,747],[1589,1812],[-1997,-94],[-509,1450],[7434,6603],[-8265,-4490],[227,7889],[-2923,-1246],[-874,972],[2572,-9531],[-1174,-1059],[-3934,4414],[-3214,7713],[798,6684],[-5416,967],[4527,-1839],[-1444,-3711]],[[52523,-67046],[4575,1199],[3012,7434],[-812,4935],[-2076,-391],[1452,13785],[-2329,-10535],[-3250,520],[2536,-1360],[-456,-3580],[1859,-1652],[-2848,-1110],[-1240,1466],[-655,-1170],[2777,-1316],[577,-2597],[-2817,-2757],[-1861,3090],[-1260,-346],[462,-4172],[2354,-1443]],[[122992,-12248],[2320,292],[-5205,1598],[1251,-2016],[1634,126]],[[149010,-18922],[-2253,-256],[2253,256]],[[102044,-2836],[-53,940]],[[101991,-1896],[0,0]],[[106194,-711],[982,426]],[[107176,-285],[-982,-426]],[[48949,-67712],[-93033,-5868],[-29235,-5663],[-15072,-5568],[-4229,-2742],[-1489,-3006],[-8734,-3356],[-5603,-4065],[-3907,-6987],[1840,-2938],[-2529,-4923],[-7034,-2946],[-25252,12328],[-18168,13735],[-19519,18995],[4696,7264],[13558,52],[8196,2443],[11372,-1828],[17957,-6167],[7431,1190],[6909,4636],[1791,-2026],[-2550,-120],[371,-933],[2288,-28],[-3136,-6131],[851,-1373],[-15297,-73],[-1745,-11741],[2167,-348],[-1879,-961],[2103,856],[5940,-1328],[-87,1499],[7641,706],[800,-1181],[-3926,-635],[2680,-1187],[973,-4727],[3198,2179],[5076,-666],[-1063,714],[2230,2140],[2000,-3756],[2936,1338],[-5889,4114],[-4109,-1349],[-361,3409],[-600,-3875],[-2708,1857],[5503,7343],[-1123,8816],[3636,356],[-4289,3548],[-114,3107],[-3016,840],[14804,18116],[7433,3900],[5075,5184],[3520,9647],[5812,6986],[6948,831],[5311,6183],[2938,369],[3827,3514],[879,5940],[9645,13549],[976,5528],[10963,3246],[4245,4809],[6041,-1477],[6544,488],[-2116,-60],[5093,4150],[5723,12054],[5124,3628],[3315,231]],[[-504,44074],[0,0]],[[-57586,98149],[2045,-394],[-2636,-1604],[1680,-1048],[4353,1170],[1563,-1037],[-2131,-4057],[2242,302],[1635,2767],[3396,-1932],[-1613,-1932],[-2140,1119],[-2439,-928],[2936,-1652],[-510,-2882],[-5491,-418],[3145,-5286],[2227,-626],[-5532,-4628],[-8081,-3554],[-5796,245],[-9329,-1981],[-12555,-8641],[-7482,-30],[-1846,1439],[-2344,-1009],[-3011,-5422],[3778,-2703],[1136,-3645],[-3901,-5071],[-7079,-1293],[-1629,-2030],[-7925,-761],[-13226,-10855],[-10082,-49],[-5684,3734],[1503,1893],[-3049,2948],[-322,3448],[4897,1641],[665,6900],[10568,2722],[6119,8392],[9781,-754],[3440,3023],[688,3942],[1891,-665],[556,3617],[7703,777],[3200,2502],[2649,-797],[8064,9882],[10405,4613],[2682,-1690],[5206,573],[8949,6777],[1743,4080],[4988,868]],[[-199394,32310],[-292,-9112],[5794,-3714],[1264,-3161],[-8770,-6926],[-10572,-3771],[-13145,-1096],[-7934,1228],[-13689,-1313],[-4498,3190],[5949,9929],[17810,-2284],[4161,4054],[4283,481],[2153,2282],[-7937,-1115],[7485,1252],[5497,3483],[4253,804],[5590,6491],[2598,-702]],[[-161740,39840],[7275,-5917],[-1911,-1509],[2291,-1159],[-3123,-412],[1357,-1778],[-2123,1208],[-1474,-796],