{"type":"Topology","transform":{"scale":[1.0E-6,1.0E-6],"translate":[-73.02200069771345,42.15763804654342]},"objects":{"MA":{"geometries":[{"arcs":[[6,7,8,9,-4,10]],"id":171,"type":"Polygon","properties":{"bound":{"minx":-73.18358908178963,"miny":42.03801727804056,"maxx":-73.00824156365793,"maxy":42.254147043333774},"Geoid10":"25003933400"}},{"arcs":[[-2,11,-6,12,13,14]],"id":173,"type":"Polygon","properties":{"bound":{"minx":-73.30250765963474,"miny":42.04136253967796,"maxx":-73.17566316701479,"maxy":42.174042696861946},"Geoid10":"25003933300"}},{"arcs":[[-1,15,16,17,18,19,-3,-5,20,21]],"id":865,"type":"Polygon","properties":{"bound":{"minx":-73.0733455786336,"miny":42.03368115471894,"maxx":-72.7839979481016,"maxy":42.34588989966005},"Geoid10":"25013813000"}}],"type":"GeometryCollection"}},"arcs":[[[208584,87368],[-44225,-4516],[-6667,-8400],[-7872,-15652],[-40122,22694],[31700,26249],[-4606,67230]],[[-150217,-114297],[-14083,110224]],[[14007,80770],[-26926,-94756],[-36279,4562],[1023,-2790],[-1771,-2335],[3438,-7024],[-990,-4743],[3227,-6997],[5212,-5749],[-2293,-2726],[-9184,-4010],[670,-3677],[-3206,-3260],[1991,-10718],[11203,-23745],[3629,-3448],[-3043,-4996],[7556,-4415],[-3049,-9564],[3532,-8156]],[[14007,80770],[-28378,-2265],[-461,4039],[-54165,-6021],[-1666,11337],[-28087,-2321],[-2502,5838],[1952,3590],[-40273,-5061]],[[21933,155054],[-1779,-61603],[-2414,250],[-3733,-12931]],[[-275088,1571],[5871,-38525],[-13143,-14024],[8096,-59622]],[[14007,80770],[-26926,-94756],[-36279,4562],[1023,-2790],[-1771,-2335],[3438,-7024],[-990,-4743],[3227,-6997],[5212,-5749],[-2293,-2726],[-9184,-4010],[670,-3677],[-3206,-3260],[1991,-10718],[11203,-23745],[3629,-3448],[-3043,-4996],[7556,-4415],[-3049,-9564],[3532,-8156]],[[-31253,-117777],[-118964,3480]],[[-150217,-114297],[-14083,110224]],[[-164300,-4073],[-412,2200],[20496,1540],[-607,5608],[4804,15646],[446,68985]],[[14007,80770],[0,0]],[[-150217,-114297],[-124047,3697]],[[-275088,1571],[9822,-82],[-1875,13200]],[[-267141,14689],[13799,-4095],[3979,-2541],[24287,2884],[22611,-20388],[38165,5378]],[[-164300,-4073],[0,0]],[[208584,87368],[957,-10031],[19045,1878],[1427,-19552],[9876,-31],[1072,-17522]],[[240961,42110],[-4723,725],[-12130,-34613],[-9622,-8520],[-5642,-1820]],[[208844,-2118],[-15750,-18508],[-2477,1219],[-4770,-1058],[-451,-3228],[-7463,-1970],[1054,-5543],[-8279,-1773],[-2605,-9653],[14557,-3313],[-3055,-6824],[5183,-2651]],[[184788,-55420],[3777,-7669],[1250,-10307],[-6668,-14693],[4880,-10671],[-918,-22166]],[[187109,-120926],[-218362,3149]],[[21933,155054],[46254,31175],[58176,-3059],[877,-9335],[9552,1138]],[[136792,174973],[0,0]]]}