{"type":"Topology","transform":{"scale":[1.0E-6,1.0E-6],"translate":[-70.57934103529129,41.9046365882534]},"objects":{"MA":{"geometries":[{"arcs":[[7,8,9,10,11]],"id":304,"type":"Polygon","properties":{"bound":{"minx":-70.60175994238284,"miny":41.84544108897633,"maxx":-70.53470086318438,"maxy":41.9238155707776},"Geoid10":"25023530801"}},{"arcs":[[12,13,-7,-3,14,-6,11]],"id":322,"type":"Polygon","properties":{"bound":{"minx":-70.62069253419634,"miny":41.80403476978073,"maxx":-70.53382938064077,"maxy":41.866483832730104},"Geoid10":"25023530902"}},{"arcs":[[-2,-4,15,16,17]],"id":327,"type":"Polygon","properties":{"bound":{"minx":-70.57118297776877,"miny":41.839071633713125,"maxx":-70.52442224247419,"maxy":41.9335496918044},"Geoid10":"25023530802"}},{"arcs":[[-1,-5,18,19,20],[21,22],[23]],"id":359,"type":"Polygon","properties":{"bound":{"minx":-70.65550718831274,"miny":41.87409652155838,"maxx":-70.55931311119782,"maxy":42.01319196454847},"Geoid10":"25023530700"}}],"type":"GeometryCollection"}},"arcs":[[[9398,19471],[1747,3423],[7711,6321]],[[37442,-59682],[1730,-5441],[2949,-723],[1328,1646]],[[-37399,-69975],[26967,-6106],[413,-2880],[3196,4592],[4318,1019],[317,3447],[2702,120],[6884,-3539],[10498,-1517],[8682,-8258],[6900,-18106]],[[9398,19471],[5096,-5382],[7303,-1613],[5880,-4974],[963,-5380],[-1635,-4999],[16115,-16063],[-821,-10070],[1501,-4600],[-3710,-11459],[2743,-9511],[-5391,-5102]],[[-22020,-30953],[18633,16778],[1368,4823],[5374,7279],[3344,18256],[2699,3288]],[[37442,-59682],[-5928,6309],[-15317,9061],[-498,4742],[-11425,1585],[-10373,-7484]],[[33478,-101203],[8362,7242]],[[37442,-59682],[-5928,6309],[-15317,9061],[-498,4742],[-11425,1585],[-10373,-7484]],[[-6099,-45469],[-15921,14516]],[[-22020,-30953],[18633,16778],[1368,4823],[5374,7279],[3344,18256],[2699,3288]],[[9398,19471],[5096,-5382],[7303,-1613],[5880,-4974],[963,-5380],[-1635,-4999],[16115,-16063],[-821,-10070],[1501,-4600],[-3710,-11459],[2743,-9511],[-5391,-5102]],[[37442,-59682],[0,0]],[[37442,-59682],[1730,-5441],[2949,-723],[1328,1646]],[[43449,-64200],[1659,-597],[-2724,-5261],[-5108,-3315],[-1133,-4987],[1068,-8005],[4629,-7596]],[[-37399,-69975],[192,2539],[-3392,2789],[659,3816],[25654,6018],[4115,8972],[4072,372]],[[9398,19471],[1747,3423],[7711,6321]],[[18856,29215],[13510,-6825],[8180,-615],[-1093,-1365],[2018,-4101],[-7445,-2724],[-1975,-7199],[3323,-7159],[11883,-14295],[340,-21939],[6177,-8899],[-3184,-4803],[-3800,-13700],[-3883,2128],[542,-1919]],[[43449,-64200],[0,0]],[[-22020,-30953],[-8629,9142],[-10573,30867],[-3462,5669],[-8788,7297],[-21883,8537],[1580,-244]],[[-73775,30315],[18532,-1906],[15730,4405],[-3766,1791],[142,2750],[-5946,4429]],[[-49083,41784],[-8510,7921],[108,2238],[-15626,22634],[5848,-4554],[15354,-24185],[9380,-8259],[6026,-2101],[7679,586],[10088,7071],[14506,2235],[4369,-2434],[-408,-1997],[613,1923],[4586,-1047],[-4104,352],[-811,-1194],[8552,-3743],[3987,-4689],[6302,-3326]],[[-29422,108951],[7667,-4202],[1608,-2908],[-1278,-3118],[-1867,-555],[-6772,4814],[-4107,-185],[-11177,-5995],[-6709,-7644],[-5743,603],[61,2787],[5492,-233],[838,3095],[-1947,1879],[2231,-960],[6150,5079],[11934,4904],[-146,2603]],[[-33187,108915],[3765,36]],[[-59359,98440],[-1712,344],[348,5121],[2431,3732],[2490,774],[-1,-7726],[-3556,-2245]]]}