{"type":"Topology","transform":{"scale":[1.0E-6,1.0E-6],"translate":[-70.80253556627815,42.556725310877674]},"objects":{"MA":{"geometries":[{"arcs":[[2,3,4,5,6,7,8],[9],[10],[11],[12],[13],[14],[15],[16]],"id":511,"type":"Polygon","properties":{"bound":{"minx":-70.81494226534653,"miny":42.552047294936415,"maxx":-70.71487440978898,"maxy":42.59937081106152},"Geoid10":"25009218100"}},{"arcs":[[17,-2,18,19,20,21],[22],[23],[24]],"id":1168,"type":"Polygon","properties":{"bound":{"minx":-70.86846856930663,"miny":42.54445763356511,"maxx":-70.79269346581175,"maxy":42.59043016566023},"Geoid10":"25009217600"}},{"arcs":[[25,-1,26],[27],[28],[29],[30],[31],[32]],"id":1259,"type":"Polygon","properties":{"bound":{"minx":-70.892442605244,"miny":42.52139428984521,"maxx":-70.78216682083793,"maxy":42.537193099848956},"Geoid10":"25009204400"}}],"type":"GeometryCollection"}},"arcs":[[[-85299,-28686],[-2239,677],[-2329,-3209],[1901,-3018]],[[8689,11660],[-16246,15709]],[[86307,22360],[532,-3892]],[[86839,18468],[-4858,1053],[-2976,-3823],[-5739,-856],[-1727,3112],[1947,3276],[-5223,664],[-59,-3981],[-2352,1774],[-7804,-1708],[-1477,-865],[1022,-1065],[-6345,-826],[171,944],[-4156,-2716],[-3488,1],[-4062,-5333],[-2419,-379],[1043,-2485],[-6403,2013],[-2589,-4764],[-5049,366],[2883,1737],[-2166,3852],[4941,1917],[-1463,1221],[1207,1183],[2188,-864],[-612,1819],[4872,1048],[-4474,103],[967,1585],[-5783,-1649],[-81,-3082],[-3407,1224],[-2039,-2058],[1386,833],[1652,-1300],[-3866,-2855],[-3812,1074],[-4050,-2609],[-3798,-391],[-152,6002]],[[8689,11660],[-16246,15709]],[[-7557,27369],[-4400,9282]],[[-11957,36651],[13695,1947]],[[1738,38598],[55147,4252]],[[56885,42850],[5195,-9580],[21548,-7643],[2679,-3267]],[[81600,9906],[-2661,406],[2527,2911],[134,-3317]],[[21187,-4370],[-1851,-59],[159,1093],[2249,764],[-557,-1798]],[[57957,15483],[-1089,-1624],[1089,1624]],[[83037,12976],[0,0]],[[19997,-323],[0,0]],[[21316,1473],[0,0]],[[47887,10237],[0,0]],[[46974,10425],[0,0]],[[-41264,34006],[8389,-51],[15100,-12859],[1292,1464],[5723,853],[3203,3956]],[[8689,11660],[509,-3761],[-4795,-994],[-3743,-2702],[-2606,500],[-10061,-6624],[-8096,-3042],[-17737,-1220],[-5442,-2907],[-4719,3337],[-4452,-2206],[-1288,-2730]],[[-53741,-10689],[-4970,6717],[936,5608],[-7870,4123]],[[-65645,5759],[6814,4112],[3703,4461],[-2321,2555],[9431,2178],[4628,3800],[-14972,11217]],[[-58362,34082],[17098,-76]],[[1663,-5317],[3395,-1779],[1609,1570],[2535,-3873],[-3503,-992],[-5443,838],[-802,4702],[2209,-466]],[[5830,-12122],[-2142,-187],[2552,1274],[-410,-1087]],[[5787,3289],[0,0]],[[-81381,-35362],[-1932,2222],[-4653,-1096]],[[-85299,-28686],[3570,-1436],[3954,4410],[2435,220],[-501,1122],[8902,4468],[5005,-3192],[-2017,-1428],[-3224,1172],[-1035,-1548],[4431,-905],[-1367,-1499],[1115,-3030],[-5100,-434],[1897,4529],[-1670,378],[-4641,-6493],[1304,-1986],[-1575,1919],[-2104,-2475],[-3431,700],[-2030,-1168]],[[18536,-24063],[-4523,-2016],[474,6334],[5225,-1670],[-1176,-2648]],[[-10660,-32122],[1484,1190],[-1484,-1190]],[[9134,-31207],[-231,1545],[231,-1545]],[[-34273,-28617],[-627,1084],[627,-1084]],[[11259,-34987],[-1376,1095],[1376,-1095]],[[-39626,-22467],[0,0]]]}