{"type":"Topology","transform":{"scale":[1.0E-6,1.0E-6],"translate":[-70.53361384613754,41.395566207351386]},"objects":{"MA":{"geometries":[{"arcs":[[3,-3,4,5,6],[7],[8,9,10],[11,12],[13],[14]],"id":1128,"type":"Polygon","properties":{"bound":{"minx":-70.62173427988718,"miny":41.413721479552535,"maxx":-70.5471095651934,"maxy":41.47104221781113},"Geoid10":"25007200200"}},{"arcs":[[15,-2,16],[17],[18],[19],[20],[-1,21,22],[23,24]],"id":1129,"type":"Polygon","properties":{"bound":{"minx":-70.61602727354679,"miny":41.34762423323755,"maxx":-70.44581614384333,"maxy":41.42151487588303},"Geoid10":"25007200300"}}],"type":"GeometryCollection"}},"arcs":[[[-20065,18485],[-53,940]],[[-38730,19036],[-42774,-933]],[[-66765,34197],[-2836,-3205],[-18089,18604],[6186,-31493]],[[-38730,19036],[-42774,-933]],[[-66765,34197],[1941,4884],[7108,7842],[2531,747],[4201,5227],[-337,2037],[3677,2696],[203,4364],[-5965,1332]],[[-53406,63326],[-1011,478]],[[-54417,63804],[3881,776],[9681,8313],[5642,2762],[5167,-1493],[6241,-8888],[-1562,-472],[-1416,1867],[-1627,-4277],[3233,-362],[1664,2778],[1306,-2290],[1978,774],[-1956,-894],[3057,-6566],[203,-11419],[-1415,374],[-138,6456],[-1066,-7269],[2036,275],[-1861,-868],[-642,-5945],[-1868,-181],[-2195,2476],[-4735,-127],[-3719,-6923],[4012,-1355],[-321,-3711],[-7373,-4129],[1328,-1724],[-1848,-2726]],[[-44932,63647],[-1510,-659],[1510,659]],[[-15478,20830],[-437,-220]],[[-15915,20610],[-7614,11699],[-291,4732],[1641,164],[1291,-6143],[5955,-10026]],[[-14933,21036],[-545,-206]],[[-20065,18485],[-53,940]],[[-20118,19425],[1767,1289],[-1714,-2229]],[[-30028,32715],[81,-1296],[-81,1296]],[[-32019,33598],[0,0]],[[-73160,-46390],[-2702,35663],[-5642,28830]],[[-38730,19036],[1359,1628],[2436,-741],[175,2493],[8606,4342],[2683,-2195],[-1239,-1087],[1954,-2669],[-4113,-2547],[6454,-1768],[1494,-3831],[5280,257],[-1248,-2190],[2100,-2504],[7568,-67],[2612,2673],[-1830,1291],[-1524,-362],[882,-1076],[-1845,532],[-116,1988],[-8487,6786],[1101,527],[11965,-8039],[9798,-3384],[10105,-1496],[-2006,-1152],[3280,-1599],[-1583,-1487],[2477,-2406],[6242,964],[1551,-1110],[-1316,3657],[-5162,-179],[2997,1080],[2923,-857],[3944,-9444],[-1742,380],[-1265,5143],[113,-4961],[-2224,-49],[-3056,-2936],[-1130,627],[-1642,-2377],[6977,-8550],[1215,-6080],[-1685,-2771],[183,-8620],[9272,-5291],[-1345,-2762],[-10309,-3245],[23498,359],[5129,1215],[583,-1026],[12816,98],[2468,2674],[-1369,-1148],[-8261,10368],[-19889,2214],[-8199,6391],[616,3514],[-2175,1984],[1460,1212],[3162,-764],[1879,5906],[-2150,495],[-1219,-2448],[1449,-1296],[-4157,-2243],[609,4693],[-5213,7233],[11715,-4836],[7486,437],[24492,16983],[4856,567],[-6248,-2269],[-3911,-7648],[-1495,181],[2540,-6187],[4543,-2760],[-1115,-516],[3127,-301],[-1224,-687],[5139,430],[1064,-1054],[131,1005],[4840,335],[-366,-7455],[-2339,-1593],[489,-1405],[-1618,730],[2225,-5556],[-1465,-1246],[-1414,1449],[-1450,-1027],[5072,-1969],[687,-2378],[-6231,230],[-917,-2565],[8094,-5499],[1372,3185],[-3007,16145],[2188,8695],[-1983,1692],[3882,13093],[-1765,3469],[2814,4486],[-2638,2600],[1331,2192],[-2661,-2745],[-1298,889],[1320,-1377],[-4019,2299],[2005,3519],[3399,-1212],[775,2795],[-4041,875],[-1614,-1546],[-4286,5497],[-4548,73],[-7916,-8622],[1021,-12544],[-1982,10178],[2316,5447],[6204,5843],[14192,2237],[4453,-23365],[-3364,-18072],[426,-28679],[-5544,-3525],[-28653,534],[-11175,-1411],[-44003,2598],[-68254,-32]],[[-27693,-19107],[-25,-3117],[1786,-867],[-1465,-1279],[-8029,5147],[5733,-5559],[664,-3124],[2849,-1065],[1232,-4545],[-4227,60],[1778,-2608],[2274,-1762],[1953,1483],[1763,-2674],[-9407,401],[-4270,4786],[1378,-3453],[-2580,-1658],[-4518,3535],[-1101,2953],[-531,-2789],[1785,-784],[3354,-8244],[27217,-854],[-1732,1808],[1574,2240],[-2448,961],[4591,3699],[6041,2042],[-4561,533],[-3382,-3255],[-3665,-1021],[649,1729],[-2077,747],[1589,1812],[-1997,-94],[-509,1450],[7434,6603],[-8265,-4490],[227,7889],[-2923,-1246],[-874,972],[2572,-9531],[-1174,-1059],[-3934,4414],[-3214,7713],[798,6684],[-5416,967],[4527,-1839],[-1444,-3711]],[[-69586,-45724],[4575,1199],[3012,7434],[-812,4935],[-2076,-391],[1452,13785],[-2329,-10535],[-3250,520],[2536,-1360],[-456,-3580],[1859,-1652],[-2848,-1110],[-1240,1466],[-655,-1170],[2777,-1316],[577,-2597],[-2817,-2757],[-1861,3090],[-1260,-346],[462,-4172],[2354,-1443]],[[882,9073],[2320,292],[-5204,1598],[1251,-2016],[1633,126]],[[26900,2399],[-2253,-256],[2253,256]],[[-20065,18485],[-53,940]],[[-20118,19425],[0,0]],[[-15915,20610],[982,426]],[[-14933,21036],[-982,-426]]]}