{"type":"Topology","transform":{"scale":[1.0E-6,1.0E-6],"translate":[-70.16370449551322,42.03674484953768]},"objects":{"MA":{"geometries":[{"arcs":[[1,2,3,4,5]],"id":215,"type":"Polygon","properties":{"bound":{"minx":-70.1565148769187,"miny":41.958777724297065,"maxx":-69.99417194102621,"maxy":42.07487801067959},"Geoid10":"25001010208"}},{"arcs":[[-1,6],[7],[8],[9]],"id":242,"type":"Polygon","properties":{"bound":{"minx":-70.24657764827333,"miny":42.02041261556065,"maxx":-70.14619200315543,"maxy":42.081808801007085},"Geoid10":"25001010100"}}],"type":"GeometryCollection"}},"arcs":[[[16294,24907],[865,3586],[-7473,11631]],[[166975,-69950],[-80740,-8973]],[[86235,-78923],[33,27321],[-2158,6170],[6211,-422],[-1199,-878],[2421,-681],[-882,-2723],[2369,2570],[-1833,2745],[8996,4507],[-8798,-3772],[-4409,4254],[309,-1795],[-1811,3376],[104,-4441],[2039,-757],[-3554,-1258],[-869,8721],[-4966,15261],[-11569,18191],[-18893,13968],[-31482,13473]],[[16294,24907],[865,3586],[-7473,11631]],[[9686,40124],[31602,-7337],[24393,-8153],[18383,-8154],[18696,-11132],[28358,-25629],[14848,-18448],[21009,-31221]],[[166975,-69950],[0,0]],[[16294,24907],[-9142,811],[-11161,-2232],[-13474,-5401],[-4014,-3272],[4087,-2059],[-3210,1483],[1045,-2042],[-3712,1641],[663,-1625],[-1525,615],[-3454,-4606],[2386,-884],[-2467,763],[-3490,-5600],[199,-3166],[-4006,921],[2453,-2365],[-1752,-3690],[-2865,148],[-2415,2514],[1974,-2585],[1480,291],[-456,-2421],[-10532,5603],[10415,-8716],[5102,-1366],[-766,1317],[2746,1856],[5611,-4490],[3122,1498],[-2047,302],[11906,3063],[7100,6252],[-2417,-5056],[-6650,-5972],[-12309,-3414],[-6803,1860],[-14567,11016],[-8350,13167],[-14725,11837],[1283,-357],[-1799,1871],[3272,-1558],[2982,2055],[-2136,-654],[1273,2498],[2593,-109],[-11526,4431],[-2356,-1576],[49,3551],[2090,1956],[-3385,-4311],[814,-4364],[3081,-1915],[-6130,1112],[-2374,2453],[2757,5496],[5699,5284],[10923,4879],[12637,2864],[23809,1063],[35856,-5448]],[[-65962,21991],[-1156,-989],[-1054,1158],[2210,-169]],[[-73513,23162],[3616,-2104],[-4685,2664],[1069,-560]],[[-72566,26149],[0,0]]]}