{"type":"Topology","transform":{"scale":[1.0E-6,1.0E-6],"translate":[-70.56859352107406,41.438275830976664]},"objects":{"MA":{"geometries":[{"arcs":[[1,-1,2,3,4],[5],[6,7,8],[9,10],[11],[12]],"id":1128,"type":"Polygon","properties":{"bound":{"minx":-70.62173427988718,"miny":41.413721479552535,"maxx":-70.5471095651934,"maxy":41.47104221781113},"Geoid10":"25007200200"}}],"type":"GeometryCollection"}},"arcs":[[[-31785,-8511],[-2836,-3205],[-18089,18603],[6186,-31492]],[[-3750,-23672],[-42774,-933]],[[-31785,-8511],[1941,4884],[7108,7841],[2531,747],[4201,5227],[-337,2037],[3677,2696],[203,4364],[-5965,1332]],[[-18426,20617],[-1011,478]],[[-19437,21095],[3881,776],[9681,8313],[5642,2762],[5166,-1493],[6241,-8888],[-1562,-472],[-1416,1867],[-1627,-4277],[3233,-362],[1664,2778],[1306,-2290],[1978,774],[-1956,-894],[3057,-6566],[203,-11419],[-1415,374],[-138,6456],[-1066,-7269],[2036,275],[-1861,-868],[-642,-5944],[-1868,-181],[-2195,2476],[-4735,-127],[-3719,-6923],[4012,-1355],[-321,-3711],[-7372,-4129],[1328,-1724],[-1848,-2726]],[[-9952,20938],[-1510,-659],[1510,659]],[[19501,-21878],[-437,-220]],[[19064,-22098],[-7614,11699],[-291,4732],[1641,164],[1291,-6143],[5955,-10026]],[[20046,-21672],[-545,-206]],[[14914,-24223],[-53,940]],[[14861,-23283],[1767,1289],[-1714,-2229]],[[4951,-9993],[81,-1296],[-81,1296]],[[2960,-9110],[0,0]]]}