{"type":"Topology","transform":{"scale":[1.0E-6,1.0E-6],"translate":[-72.88034539229156,42.66030919995169]},"objects":{"MA":{"geometries":[{"arcs":[[6,7,-5,8,9,10,-6,11,12,13,14]],"id":73,"type":"Polygon","properties":{"bound":{"minx":-73.09501754860416,"miny":42.540074697564506,"maxx":-72.94964855701139,"maxy":42.7427729188945},"Geoid10":"25003931300"}},{"arcs":[[15,-1,-3,-2,16,-4,17,18]],"id":554,"type":"Polygon","properties":{"bound":{"minx":-73.01976300705115,"miny":42.5393584971572,"maxx":-72.62137317679863,"maxy":42.745720859571705},"Geoid10":"25011040100"}}],"type":"GeometryCollection"}},"arcs":[[[247403,-14946],[12314,1524]],[[3397,-119096],[-29,14243],[28477,3606]],[[31845,-101247],[16752,57565],[9268,2171],[7432,-2048],[11938,-125],[19569,4671],[19259,-1868],[10183,1551],[5715,-2941],[3104,1633],[-1441,4500],[3360,2941],[6472,-91],[1879,6167],[102068,12175]],[[-142557,80823],[-806,-38443],[25831,-1426],[48136,3839],[973,-966],[-5008,-5551],[2273,-4492],[-3104,-3988],[-3778,-103],[-4770,-2348],[-11549,1005],[-2859,-2999],[1389,-6548],[-13224,-605],[751,-4076],[-7072,-638],[7129,-6477],[7517,-2584],[5388,-3815],[5448,3018],[6220,314],[3132,3078],[6246,-2284],[-949,-10444],[2763,-3733],[1787,-9860],[-24340,-85073]],[[-205078,-100808],[106443,-17870]],[[-181480,14954],[-1455,-20560]],[[-142557,80823],[-806,-38443],[25831,-1426],[48136,3839],[973,-966],[-5008,-5551],[2273,-4492],[-3104,-3988],[-3778,-103],[-4770,-2348],[-11549,1005],[-2859,-2999],[1389,-6548],[-13224,-605],[751,-4076],[-7072,-638],[7129,-6477],[7517,-2584],[5388,-3815],[5448,3018],[6220,314],[3132,3078],[6246,-2284],[-949,-10444],[2763,-3733],[1787,-9860],[-24340,-85073]],[[-95033,-104376],[-3602,-14302]],[[-205078,-100808],[-10129,1739],[15067,12383],[-3826,21103]],[[-203966,-65583],[16764,-706],[1290,18341]],[[-185912,-47948],[2977,42342]],[[-181480,14954],[2353,33131]],[[-179127,48085],[10955,33097]],[[-168172,81182],[25615,-359]],[[-142557,80823],[0,0]],[[205768,72579],[2624,-13380],[2339,-3009],[-560,-3188],[-4318,-5002],[3923,-402],[-119,-4467],[5067,-3542],[3223,-7143],[7279,-3012],[-1025,-3303],[4260,-1454],[-3448,-3799],[3629,-4699],[8782,-3581],[2008,-2463],[4169,-529],[3325,-4498],[2332,-643],[-1891,-3636],[7507,-3172],[1014,-2078],[-1574,-1624],[1513,-2865],[2338,50],[2284,-2235],[-732,-2327]],[[3397,-119096],[-98430,14720]],[[-142557,80823],[348325,-8244]],[[205768,72579],[0,0]]]}