{"type":"Topology","transform":{"scale":[1.0E-6,1.0E-6],"translate":[-72.94141379288489,42.13929623573495]},"objects":{"MA":{"geometries":[{"arcs":[[7,8,9,10,-6,11]],"id":171,"type":"Polygon","properties":{"bound":{"minx":-73.18358908178963,"miny":42.03801727804056,"maxx":-73.00824156365793,"maxy":42.254147043333774},"Geoid10":"25003933400"}},{"arcs":[[-4,12,13,14,15,16,-5,-7,17,18]],"id":865,"type":"Polygon","properties":{"bound":{"minx":-73.0733455786336,"miny":42.03368115471894,"maxx":-72.7839979481016,"maxy":42.34588989966005},"Geoid10":"25013813000"}},{"arcs":[[-1,19,-3,-2,20]],"id":1174,"type":"Polygon","properties":{"bound":{"minx":-72.83733374097453,"miny":41.997355994536875,"maxx":-72.76336466803146,"maxy":42.1030564159895},"Geoid10":"25013813102"}}],"type":"GeometryCollection"}},"arcs":[[[170891,-136701],[-2351,7430],[2156,9575],[-9500,638],[-6006,5318],[2080,20453],[7191,3322],[7692,6223],[1694,2638],[-2249,1470],[2679,-707],[421,4084],[2302,928],[-12,5958],[-4279,6484],[5596,13741]],[[178305,-49146],[-74104,12068]],[[104201,-37078],[3777,-7669],[1250,-10307],[-6668,-14693],[4880,-10671],[-918,-22166]],[[127997,105710],[-44225,-4516],[-6667,-8400],[-7872,-15652],[-40122,22694],[31700,26249],[-4606,67230]],[[-66579,99112],[-26927,-94757],[-36279,4562],[1023,-2790],[-1771,-2335],[3438,-7023],[-990,-4743],[3227,-6997],[5212,-5749],[-2293,-2726],[-9184,-4010],[670,-3677],[-3206,-3260],[1991,-10718],[11203,-23745],[3629,-3448],[-3043,-4996],[7556,-4415],[-3049,-9564],[3532,-8156]],[[-66579,99112],[-28379,-2265],[-461,4039],[-54165,-6021],[-1666,11337],[-28087,-2321],[-2502,5838],[1952,3590],[-40273,-5061]],[[-58653,173396],[-1779,-61603],[-2414,250],[-3733,-12931]],[[-66579,99112],[-26927,-94757],[-36279,4562],[1023,-2790],[-1771,-2335],[3438,-7023],[-990,-4743],[3227,-6997],[5212,-5749],[-2293,-2726],[-9184,-4010],[670,-3677],[-3206,-3260],[1991,-10718],[11203,-23745],[3629,-3448],[-3043,-4996],[7556,-4415],[-3049,-9564],[3532,-8156]],[[-111840,-99435],[-118964,3480]],[[-230804,-95955],[-14083,110223]],[[-244887,14268],[-412,2200],[20496,1540],[-607,5609],[4804,15646],[446,68985]],[[-66579,99112],[0,0]],[[127997,105710],[957,-10031],[19045,1878],[1427,-19552],[9876,-31],[1072,-17522]],[[160374,60452],[-4723,725],[-12130,-34613],[-9622,-8521],[-5642,-1820]],[[128257,16223],[-15750,-18507],[-2477,1219],[-4770,-1058],[-451,-3228],[-7463,-1970],[1054,-5543],[-8279,-1773],[-2605,-9653],[14557,-3313],[-3055,-6824],[5183,-2651]],[[104201,-37078],[3777,-7669],[1250,-10307],[-6668,-14693],[4880,-10671],[-918,-22166]],[[106522,-102584],[-218362,3149]],[[-58653,173396],[46254,31175],[58175,-3059],[877,-9335],[9552,1138]],[[56205,193315],[0,0]],[[170891,-136701],[-46219,-5000],[3200,38899],[-21350,218]],[[178305,-49146],[0,0]]]}