{"type":"Topology","transform":{"scale":[1.0E-6,1.0E-6],"translate":[-72.4899256902631,42.643222606445356]},"objects":{"MA":{"geometries":[{"arcs":[[13,14,15,16]],"id":551,"type":"Polygon","properties":{"bound":{"minx":-72.51476119312332,"miny":42.60380160460563,"maxx":-72.37839136932594,"maxy":42.72966443774247},"Geoid10":"25011040300"}},{"arcs":[[17,-11,-13,-12,-7,-10,18,-4,19,20]],"id":552,"type":"Polygon","properties":{"bound":{"minx":-72.50244931838456,"miny":42.50018160405796,"maxx":-72.27263079748721,"maxy":42.72644986845685},"Geoid10":"25011040400"}},{"arcs":[[-3,-2,-9,-8,-6,-5,-1,21,22]],"id":555,"type":"Polygon","properties":{"bound":{"minx":-72.67238252921608,"miny":42.595130000964815,"maxx":-72.46631264978795,"maxy":42.734815857642594},"Geoid10":"25011040200"}}],"type":"GeometryCollection"}},"arcs":[[[-184651,89666],[2624,-13380],[2339,-3009],[-560,-3188],[-4318,-5002],[3923,-402],[-119,-4467],[5067,-3542],[3223,-7143],[7279,-3012],[-1025,-3303],[4260,-1454],[-3448,-3799],[3629,-4699],[8782,-3581],[2008,-2463],[4169,-529],[3325,-4498],[2332,-643],[-1891,-3636],[7507,-3173],[1014,-2078],[-1574,-1624],[1513,-2865],[2338,50],[2284,-2235],[-732,-2327]],[[-7145,-45653],[6071,6439]],[[-1074,-39214],[2422,3760],[6608,3648],[2041,4594],[-9309,19454],[6374,6154],[16315,10878],[1321,3711],[-6255,8162],[-329,5733],[-3979,577],[-4880,6373],[-4384,411],[-1491,-4191],[-2832,758],[-736,5965],[-6120,-1455],[-20540,49990]],[[77910,82212],[34884,-86126],[-86287,-19325],[1767,-13503],[-29348,-2472]],[[-130702,3664],[67310,7882]],[[-63392,11546],[12742,918],[680,-4924],[-528,-5790],[-5636,-699],[-2989,-3060],[2344,-6056],[-4475,-4873],[-480,-3319],[2900,-1189],[-1396,-1525],[827,-6760],[-3357,-5296]],[[30284,-126795],[20034,2159],[-1322,-8175],[82747,-9065],[1392,47356]],[[-62760,-31027],[6905,-7432],[1142,-7273],[5467,-739]],[[-49246,-46471],[18580,7751],[14288,-846],[3308,-5166],[2690,-1719],[3235,798]],[[-7145,-45653],[1913,-5059],[-2698,-2822],[-72,-3744],[-5582,-5576],[2569,-888],[7795,1219],[5312,-2345],[6405,848],[7874,-5246],[7450,2762],[3669,-9691],[8375,-7994],[1375,-4017],[-6956,-38589]],[[195679,12307],[-1157,5287],[12198,1686],[-2331,10889],[13541,1267]],[[133135,-94520],[3000,49280]],[[136135,-45240],[-5263,736],[-3234,-3435],[-2413,14093],[46272,5525],[-3139,16577],[10380,1358],[-1636,7966],[10937,625],[-1494,7413],[10308,1756],[-1174,4933]],[[77910,82212],[34884,-86126],[-86287,-19325],[1767,-13503],[-29348,-2472]],[[-1074,-39214],[2422,3760],[6608,3648],[2041,4594],[-9309,19454],[6374,6154],[16315,10878],[1321,3711],[-6255,8162],[-329,5733],[-3979,577],[-4880,6373],[-4384,411],[-1491,-4191],[-2832,758],[-736,5965],[-6120,-1455],[-20540,49990]],[[-26848,85308],[104758,-3096]],[[77910,82212],[0,0]],[[206944,78326],[10986,-46890]],[[-7145,-45653],[6071,6439]],[[77910,82212],[129034,-3886]],[[206944,78326],[0,0]],[[-184651,89666],[157803,-4358]],[[-26848,85308],[0,0]]]}