{"type":"Topology","transform":{"scale":[1.0E-6,1.0E-6],"translate":[-72.27936474115273,42.62274413531787]},"objects":{"MA":{"geometries":[{"arcs":[[12,13,14,15,16,-11,17,18,19]],"id":522,"type":"Polygon","properties":{"bound":{"minx":-72.35676181185367,"miny":42.54662709879518,"maxx":-72.22526098413412,"maxy":42.67562156183169},"Geoid10":"25011040502"}},{"arcs":[[20,-9,-12,-10,-6,-7,21,-5,22,23]],"id":552,"type":"Polygon","properties":{"bound":{"minx":-72.50244931838456,"miny":42.50018160405796,"maxx":-72.27263079748721,"maxy":42.72644986845685},"Geoid10":"25011040400"}},{"arcs":[[-1,-3,24,-2,-8,-4,25,26]],"id":721,"type":"Polygon","properties":{"bound":{"minx":-72.28175334595507,"miny":42.622786381112626,"maxx":-72.05700433529452,"maxy":42.72285779710447},"Geoid10":"25027702200"}}],"type":"GeometryCollection"}},"arcs":[[[204866,1503],[-6415,14835],[-165,8276],[3116,10475],[-1279,9495],[11870,8058],[2620,5336],[8069,892],[21,2454],[-2511,-77],[745,1952],[-2834,2337],[3391,864],[-5315,16710],[-5881,6234],[-8884,4135]],[[54525,16236],[57425,7542],[3135,-13955],[5933,643],[1697,-9611],[2076,214]],[[140244,1178],[22489,2684],[40882,-1372],[1251,-987]],[[-3616,98804],[10985,-46890]],[[-132650,102690],[34884,-86127],[-86287,-19324],[1767,-13503],[-29349,-2472]],[[-180276,-106317],[20034,2159],[-1322,-8175],[82747,-9065],[1392,47356]],[[-217706,-25175],[1913,-5059],[-2698,-2822],[-72,-3744],[-5582,-5576],[2569,-888],[7795,1219],[5313,-2345],[6405,848],[7874,-5246],[7450,2762],[3669,-9691],[8375,-7994],[1375,-4017],[-6956,-38589]],[[7369,51914],[13612,750],[996,-7454],[13892,1293],[1386,-7606],[12629,1024],[4641,-23685]],[[-14881,32785],[-1157,5287],[12198,1686],[-2331,10889],[13540,1267]],[[-77425,-74042],[3000,49280]],[[-14881,32785],[11800,-12390],[-612,-16430],[-2635,-2817],[1981,-9173],[3866,84],[-222,-6778],[-1370,-7998],[-3549,-2442],[-1780,-6477],[-5530,-3242],[526,-1663],[-7752,-224],[-372,-3086],[3905,-1564],[731,-2034],[-5084,-9412],[1421,-534],[-5307,-1414],[2678,-9363],[-12453,7174],[-8689,7099],[482,7071],[3202,994],[-3302,10264],[-9027,1002],[179,2302],[-6166,-529],[-2189,3227],[-4236,1804],[-5919,726],[-4121,-1724]],[[-74425,-24762],[-5263,736],[-3234,-3435],[-2413,14093],[46272,5525],[-3139,16576],[10380,1358],[-1636,7966],[10937,625],[-1494,7414],[10308,1756],[-1174,4933]],[[54525,16236],[-4209,-656],[3562,-8210],[-1561,-3226],[-4617,-1803],[2493,-1401],[-627,-1775],[2318,-147],[-783,-6462],[-3546,-1454],[-6266,739],[-16638,-2952],[1474,-6349],[-5571,-1564],[-1758,-2861],[-6496,-46],[5743,-24945]],[[18043,-46876],[-6729,1926],[-3305,-1673],[-2240,3193],[-1033,-2656],[-1824,192],[-208,-6412],[2560,-7870]],[[5264,-60176],[2631,-15338]],[[7895,-75514],[-85320,1472]],[[-77425,-74042],[3000,49280]],[[-14881,32785],[-1157,5287],[12198,1686],[-2331,10889],[13540,1267]],[[7369,51914],[13612,750],[996,-7454],[13892,1293],[1386,-7606],[12629,1024],[4641,-23685]],[[54525,16236],[0,0]],[[-3616,98804],[10985,-46890]],[[-217706,-25175],[6071,6439]],[[-132650,102690],[129034,-3886]],[[-3616,98804],[0,0]],[[140244,1178],[-15453,-109]],[[-3616,98804],[205030,-5325]],[[201414,93479],[0,0]]]}