{"type":"Topology","transform":{"scale":[1.0E-6,1.0E-6],"translate":[-71.2345123607727,41.74342609280903]},"objects":{"MA":{"geometries":[{"arcs":[[1,2,3,4,5,6],[7,8,9,10],[11],[12]],"id":191,"type":"Polygon","properties":{"bound":{"minx":-71.31656546729619,"miny":41.733281204494546,"maxx":-71.20139124868815,"maxy":41.780058245021436},"Geoid10":"25005645103"}},{"arcs":[[-1,13],[14,15],[16]],"id":325,"type":"Polygon","properties":{"bound":{"minx":-71.2454988719436,"miny":41.708414944399294,"maxx":-71.19204074547962,"maxy":41.73607908828085},"Geoid10":"25005645101"}}],"type":"GeometryCollection"}},"arcs":[[[42433,-15284],[-12492,3393],[606,2264],[3824,-584],[-2895,2733]],[[14602,31713],[-1085,-12947],[9895,1026],[2235,-12952],[5141,24],[1806,-4104]],[[32594,2760],[-776,-9750],[-4656,492],[-4649,2527],[237,-2968],[-3802,-2824]],[[18948,-9763],[-29832,326]],[[-10884,-9437],[-15585,18128],[-19177,8076],[3192,4721],[-3314,-43],[-3140,-3293],[2519,9022],[-1773,1743],[2552,925],[-1825,963],[1250,818]],[[-46185,31623],[58034,5062]],[[11849,36685],[-594,-3365],[3347,-1607]],[[-50510,31382],[2758,111]],[[-47752,31493],[1687,-1620],[-2595,-673],[966,-3110],[-2464,-347],[-1460,-6432],[-30313,12823]],[[-81931,32134],[23988,-681]],[[-57943,31453],[7433,-71]],[[-46092,19097],[0,0]],[[-47211,17478],[0,0]],[[42433,-15284],[-2500,686],[1100,-1213],[-3211,-8667],[-7064,-8930],[-5447,-1690],[-6227,3100],[-1283,1794],[1893,-764],[1273,1753],[-2525,-233],[602,1187],[2663,-187],[4966,3599],[1151,4079],[-724,-3085],[-5816,3806],[-10702,3364],[1854,1837],[1176,-2377],[5007,664],[1290,-1790],[1496,331],[2937,1632],[-5229,2741],[165,3785],[5328,2562],[3786,-1683],[3389,529],[-305,976]],[[18948,-9763],[-3773,-2816],[-5191,332],[-2075,-1310],[124,-2268],[1923,-746],[-2739,-13],[2015,-280],[-802,-14217],[-19314,21644]],[[-10884,-9437],[29832,-326]],[[19786,-15949],[550,-1358],[-550,1358]]]}