{"type":"Topology","transform":{"scale":[1.0E-6,1.0E-6],"translate":[-73.2511764532123,42.611669699491614]},"objects":{"MA":{"geometries":[{"arcs":[[8,9,10,11,12,13,14]],"id":68,"type":"Polygon","properties":{"bound":{"minx":-73.31113603976527,"miny":42.483460444927836,"maxx":-73.16789060895663,"maxy":42.58990759009258}}},{"arcs":[[15,16,17,18,19,20,21]],"id":71,"type":"Polygon","properties":{"bound":{"minx":-73.30681255053669,"miny":42.62667048225169,"maxx":-73.16880463670557,"maxy":42.72562500781244}}},{"arcs":[[22,23,-8,-3,-4,-5,-1,-2,-7,24,-6,25]],"id":177,"type":"Polygon","properties":{"bound":{"minx":-73.4108102277542,"miny":42.350653082045056,"maxx":-73.17173762379588,"maxy":42.634682706404504}}}],"type":"GeometryCollection"}},"arcs":[[[-79639,-259710],[-2846,16939],[4356,226],[-167,9037],[8585,-16],[-1815,10867],[-400,2881],[11997,130],[2713,14643],[11878,-2012],[1183,7211]],[[-89812,-259793],[10173,83]],[[-80083,-194280],[-7650,1176],[19366,74871],[4430,-490],[3371,11662]],[[-61414,-197141],[-18669,2861]],[[-44155,-199804],[-17259,2663]],[[79597,17037],[-69806,2030],[-8166,160],[-15933,561],[-41499,1188]],[[-159666,-259931],[69854,138]],[[-60566,-107061],[38999,61004],[2400,3967],[12064,18987],[47389,-7876],[8080,-1399],[1006,-73]],[[49372,-32451],[-8796,-13523],[6060,-957],[-4897,-7647],[5904,-1072],[-8536,-13623],[24600,-3782],[-13342,-20035],[12377,-1963],[-1132,-1827],[23763,-3857]],[[85373,-100737],[-16396,-25517]],[[68977,-126254],[-31927,4740]],[[37050,-121514],[-67624,10017]],[[-30574,-111497],[-29992,4436]],[[-60566,-107061],[38999,61004],[2400,3967],[12064,18987],[47389,-7876],[8080,-1399],[1006,-73]],[[49372,-32451],[0,0]],[[74982,89577],[-1066,-14209],[3982,-226],[5507,-158],[-1986,-26481]],[[81419,48503],[-1451,-25714]],[[79968,22789],[-371,-5752]],[[79597,17037],[-69806,2030],[-8166,160],[-15933,561],[-41499,1188]],[[-55807,20976],[13097,34806],[20726,56403]],[[-21984,112185],[2933,259],[549,-68],[551,-209],[972,-854],[1512,-1085],[1053,-1061],[916,-1182],[483,-316],[1331,-355],[657,-353],[1350,-1725],[185,-475],[149,-702],[-159,-957],[171,-606],[1443,-1383],[3160,-2221],[1984,-839],[1150,-911],[546,-316],[765,-148],[1686,117],[741,-175],[384,-226],[655,-683],[474,-351],[542,-195],[1351,-267],[426,-218],[1185,-895],[1705,-465],[1262,-543],[431,-291],[1681,-1915],[1224,-960],[222,-297],[122,-399],[24,-2176],[-950,53],[195,-314],[742,-32],[-30,-330],[-1227,-2644],[-285,-783],[-308,-1455],[25,-572],[450,-1551],[961,-1488],[476,-422],[528,-313],[843,-248],[1845,-291],[929,-352],[747,-449],[253,145],[882,184],[879,495],[449,110],[936,1796],[660,1557],[2590,4735],[722,2506],[396,929],[1466,1643],[247,385],[332,1389],[656,4696],[266,708],[799,1209],[518,421],[1603,839],[603,213],[1899,460],[699,408],[1342,971],[2511,611],[724,374],[1726,-306],[-18,-149],[4407,-908],[4113,-1135],[4226,-833],[470,-157],[4726,-3370],[2084,-2209],[1075,-923],[2481,-1503],[1113,-549],[661,-188],[742,-98],[6971,-427]],[[74982,89577],[0,0]],[[79597,17037],[-2703,-30199]],[[76894,-13162],[-30104,7569],[4678,-16104],[-2096,-10754]],[[-159666,-259931],[22378,60247],[13269,35936],[645,2117],[4790,12925],[4897,12768],[320,1136],[1232,3056],[544,2032],[704,1280],[5170,15125],[863,1658],[3504,9984],[5224,14152],[3511,9144],[838,2460],[20250,54451],[1456,4208],[5072,13328],[9192,24900]],[[79597,17037],[0,0]]]}