{"type":"Topology","transform":{"scale":[1.0E-6,1.0E-6],"translate":[-73.34470137934319,42.13588242071834]},"objects":{"MA":{"geometries":[{"arcs":[[4,5,6,-4,7]],"id":110,"type":"Polygon","properties":{"bound":{"minx":-73.50697391557162,"miny":42.0492848069616,"maxx":-73.39253282368033,"maxy":42.296788348393235}}},{"arcs":[[8,9,-3,10,11]],"id":111,"type":"Polygon","properties":{"bound":{"minx":-73.43656760127324,"miny":42.04474931514297,"maxx":-73.29237427905288,"maxy":42.16164332013809}}},{"arcs":[[-1,12,-2,13,14,15]],"id":173,"type":"Polygon","properties":{"bound":{"minx":-73.30250765963474,"miny":42.04136253967796,"maxx":-73.17566316701479,"maxy":42.174042696861946}}}],"type":"GeometryCollection"}},"arcs":[[[172483,-92541],[-1827,15417],[-4135,32442],[-800,5619],[-7321,56745]],[[47612,23327],[203,-789],[952,-6810],[2512,-16058],[2204,-14868],[-13143,-14024],[4956,-36411],[1198,-9468],[1942,-13743]],[[-44279,24209],[672,-4926],[-5128,-50],[374,-2486],[-13675,-4235],[2421,-16394],[-30534,362],[6083,-11060],[4924,-9717],[3833,-7834],[-8201,-21944],[-6366,-27054],[-2166,-4214]],[[-57785,122601],[2390,13981],[-15362,7327],[39,12227],[-15887,4124]],[[-57785,122601],[6249,-33446],[-10202,91],[-7921,180],[477,-22373],[1366,-10821],[-1277,-471],[-150,-5283],[2184,227],[132,-1050],[148,-330],[3103,-24921],[7685,-101],[11710,-36],[2,-58]],[[-44279,24209],[672,-4926],[-5128,-50],[374,-2486],[-13675,-4235],[2421,-16394],[-30534,362],[6083,-11060],[4924,-9717],[3833,-7834],[-8201,-21944],[-6366,-27054],[-2166,-4214]],[[-92042,-85343],[-52780,-933],[-7355,69],[-2187,7075],[-499,1187],[-3906,12736],[-17,363],[-4477,13971],[-177,1250],[8579,23733],[2475,6293],[3969,11383],[9703,26781],[52109,141695]],[[-57785,122601],[0,0]],[[47612,23327],[203,-789],[952,-6810],[2512,-16058],[2204,-14868],[-13143,-14024],[4956,-36411],[1198,-9468],[1942,-13743]],[[48436,-88844],[-31463,922],[-17915,414],[-10727,340],[-18651,372],[-51146,1398],[-6644,103],[-3932,-48]],[[-44279,24209],[29039,-189],[8087,-137],[54765,-556]],[[47612,23327],[0,0]],[[172483,-92541],[-20857,613],[-36723,923],[-3146,198],[-4509,69],[-18007,651],[-33040,937],[-4886,58],[-2879,248]],[[47612,23327],[9822,-82],[-1875,13200]],[[55559,36445],[786,-461],[3426,-1489],[630,-402],[598,-208],[931,-231],[1806,-209],[22,-130],[137,-57],[621,2],[102,-100],[512,-72],[613,-396],[1077,192],[229,-170],[810,-54],[447,-167],[-32,-114],[369,8],[207,-100],[508,63],[231,-125],[-3,-215],[155,-137],[900,-686],[265,-313],[642,-423],[1674,-544],[115,-98],[24287,2884],[22611,-20389],[38165,5378]],[[158400,17682],[0,0]]]}