{"type":"Topology","transform":{"scale":[1.0E-6,1.0E-6],"translate":[-70.19993994777329,41.28334706626173]},"objects":{"MA":{"geometries":[{"arcs":[[0,1,2,3,4],[5],[6],[7],[8],[9],[10],[11],[12],[13],[14],[15],[16],[17],[18]],"id":674,"type":"Polygon","properties":{"bound":{"minx":-70.3154769461702,"miny":41.25565370279486,"maxx":-70.1179346660186,"maxy":41.337074194687624},"Geoid10":"25019950307"}}],"type":"GeometryCollection"}},"arcs":[[[77095,10580],[21,-320],[508,-105],[61,-159],[82,-680],[204,-1190],[129,-444],[198,-887],[626,-959],[18,-49],[-36,-196],[-269,-947],[-6,-160],[24,-64],[52,-59],[319,-211],[253,-214],[973,-975],[518,-693],[109,-232],[7,-252],[-61,-513],[-85,-1272],[-96,-310],[-290,-764],[-892,163],[-778,89],[-299,48],[-891,263],[-1206,394],[-214,36],[-189,-7],[-586,-92],[-301,-28],[-998,-39],[-2837,-189],[-936,-45],[19,-1335],[-41,-296],[-61,-156],[-116,-192],[-176,-202],[-813,-731]],[[69039,-3394],[-111,-89],[-59,-117],[-294,-394],[-980,-120],[-352,-146],[-966,-847],[70,-977],[-83,-177],[1,-60],[-80,-55],[-58,-127],[-45,-36],[-34,16],[-118,-17],[-83,-58],[-125,-138],[-82,-11],[-125,-130],[-34,-15],[-11,-28],[-72,-40],[-82,-111],[-42,-11],[-88,-93],[-102,-172],[34,-75],[-34,-189],[92,-290],[-41,-52],[-51,-11],[-95,-64],[10,-123]],[[64999,-8151],[-202,-162],[-33,-5],[-34,44],[-47,13],[-138,-110],[-156,-74],[-174,-50],[-13,-23],[-29,-6],[-45,27],[6,-41],[-18,-12],[-7,-92],[-28,-65],[-70,-104],[-59,-43],[-12,-55],[-214,-192],[-87,-29],[-29,-44],[-100,-85],[-50,-101],[-346,-380],[-15,-49],[-133,-158],[-146,-103],[-20,-74],[29,-115],[-24,-58],[-208,-190],[-137,-245],[-67,-84],[-65,-27],[-116,-111],[-81,-105],[-59,-129],[-113,-96],[-22,-83],[54,-140],[-61,-142],[3,-223],[-68,-76],[-14,-113],[-52,-59],[-21,-14],[-24,6],[-46,-30],[-37,-143],[-191,-201],[-63,-136],[-199,-296],[-108,-107],[-296,-199],[-208,-183],[-267,-199],[-88,-104],[-174,-140],[-129,-183],[-88,-46],[-54,-157],[-69,-99],[-109,-60],[-117,-103],[-151,-55],[-94,-159],[-127,-33],[-123,-122],[-207,-331],[-65,-74],[-3,-44],[21,-16],[-11,-25],[-111,-115],[-146,-200],[-2,-54],[-67,-97],[2,-87],[-26,-115],[-138,-165],[-74,-49],[-26,-71],[-112,-70],[-220,-52],[-170,-77],[-141,-278],[-42,-168],[-228,-260],[-86,-28],[-43,9],[-23,-42],[36,-15],[-37,-126],[20,-38],[-9,-30],[-28,-43],[-67,-39],[-31,-44],[47,7],[7,-31],[-30,-77],[-141,-206],[-77,-73],[-26,-71],[-159,-97],[-22,-60],[-86,-75],[-16,-54],[-89,-73],[-148,-43],[-30,-21],[4,-130],[65,-61],[6,-127],[-24,-124],[-89,-159],[-82,-285],[-56,-93],[-49,-137],[-119,-187],[-127,-147],[-121,-84],[-152,-189],[-6,-96],[-60,-72],[-7,-69],[-55,-117],[-81,-102],[32,-53],[-29,-44],[-112,-83],[-178,-80],[-152,-24],[15,22],[-137,12],[-140,39],[-21,81],[264,492],[59,55],[88,178],[48,58],[221,160],[32,276],[-11,56],[-40,46],[-57,-60],[16,-162],[-94,-121],[-4,-87],[-278,-193],[-180,6],[-184,-36],[-175,-99],[-126,-38],[-71,-52],[-25,-114],[-42,-50],[-40,-4],[-181,42],[-162,63],[-217,9],[-278,-23],[-370,-85],[-49,16],[-70,65],[-28,6],[-24,-8],[27,-51],[-20,-246],[-49,-26],[-78,-6],[-46,-22],[-107,39],[-158,-36],[-41,-36],[8,-46],[-82,-25],[-147,6],[-145,58],[-30,45],[30,66],[-9,25],[-74,58],[-53,21],[-51,1],[-127,-37],[-172,-94],[-5,-24],[92,-97],[132,-331],[5,-174],[-35,-188],[-63,-121],[-72,-63],[19,-86],[53,-43],[-88,-101],[-266,-221],[-152,-29],[-71,-46],[-46,10],[-135,-23],[-228,6],[-260,-13],[-91,-17],[-34,-16],[-81,-85],[-106,-28],[-315,102],[-41,26],[-18,101],[-42,49],[-50,26],[-92,11],[-68,-22],[-48,13],[-44,-8],[-181,-88],[-40,16],[-56,-9],[-133,-68],[15,-48],[-46,-49],[-84,36],[-62,65],[42,20],[-120,141],[-26,-8],[70,-105],[-74,16],[-47,52],[4,58],[-139,74],[-63,10],[-105,-20],[-171,44],[-197,17],[-84,-20],[-51,25],[-20,-20],[60,-34],[-9,-17],[-93,-3],[-46,-16],[-72,18],[-84,-16],[-179,92],[-219,10],[-62,-60],[12,-81],[63,-72],[84,-177],[42,-42],[6,-57],[119,-224],[129,-114],[-20,-175],[25,-91],[-16,-56],[12,-39],[-39,-101],[-31,-333],[-64,-93],[-4,-154],[-179,-235],[-43,-217],[-38,-72],[-10,-136],[-27,-59],[-124,-114],[-19,-119],[-25,-48],[-56,-54],[-88,-11],[-83,-38],[-89,-71],[-68,-81],[-63,-36],[-49,-91],[-17,-135],[-141,-131],[-189,-86],[-290,-196],[-263,-81],[-136,-65],[-176,-18],[-108,-35],[-517,-310],[-216,-191],[-34,-50],[-98,-63],[-78,-118],[-52,-14],[-95,2],[-97,18],[-93,-46],[-141,-36],[-30,-32],[17,-13],[69,1],[248,33],[111,-15],[64,-45],[101,38],[31,52],[64,53],[60,17],[44,40],[71,27],[-3,-35],[-70,-67],[-101,-55],[-123,-131],[-58,-31],[-146,-15],[-43,18],[-7,43],[-19,11],[-210,-29],[-58,-39],[-102,48],[-43,55],[-24,4],[-282,-155],[8,-17],[32,-3],[216,83],[130,-62],[99,-12],[81,19],[22,-19],[-107,-58],[-158,26],[-227,-2],[-106,-22],[-72,6],[-39,18],[-163,5],[-20,19],[85,31],[-150,98],[-112,19],[30,28],[-62,12],[-6,64],[-31,-68],[35,-149],[37,-11],[99,9],[38,-23],[-33,-22],[-144,-12],[-18,14],[-250,-21],[-123,24],[-245,2],[-110,-33],[-200,-27],[-286,-75],[-177,-28],[-211,-3],[-213,-52],[-386,7],[-292,39],[-280,-11],[-214,38],[-96,56],[-132,25],[-174,-28],[-278,1],[-617,-93],[-155,13],[-259,58],[-156,18],[-282,86],[-240,46],[-357,29],[-246,-54],[-89,-45],[39,-27],[-7,-23],[-128,-149],[-150,-114],[-92,3],[-99,-57],[-136,-134],[-179,-38],[-225,-27],[-2287,250],[-749,1091],[-188,-91],[-172,-55],[908,-1379],[2643,31],[85,-63],[97,-111],[222,-87],[457,124],[301,-31],[172,75],[54,7],[284,-31]],[[37236,-27860],[-1838,-1516]],[[35398,-29376],[-1857,522],[-4462,1417],[-2807,790],[-1034,623],[-5403,1924],[-2003,971],[-6501,2661],[-6279,2408],[-4254,1920],[-714,252],[-2367,1003],[-840,435],[-3822,1634],[-523,164],[-1539,218],[-1910,632],[-1360,836],[-3004,1335],[-2436,1360],[39,179],[-5587,2678],[-1753,225],[-3033,960],[-3216,2035],[-607,572],[-1820,594],[-880,480],[-303,343],[-1,228],[364,297],[2001,641],[213,-69],[333,-320],[92,-389],[243,-272],[273,-160],[1607,-229],[999,-412],[1895,-688],[5186,-1460],[2317,-224],[640,-113],[2348,-670],[270,-157],[449,-478],[691,-251],[391,-283],[27,-370],[-1162,-324],[-947,-79],[-283,245],[-266,292],[-91,481],[-60,378],[73,14],[130,59],[85,16],[69,-12],[51,-37],[107,19],[49,23],[13,69],[64,40],[-5,52],[24,48],[52,10],[88,-20],[41,21],[-4,50],[-59,27],[-53,3],[-118,-29],[-31,14],[-163,145],[-54,16],[-73,-48],[-110,31],[-76,-14],[-199,-87],[19,-25],[93,18],[74,-11],[181,-68],[37,-26],[19,-60],[-49,-44],[-129,-23],[-251,45],[-36,-36],[-1103,-583],[-440,32],[-328,-186],[-157,-121],[-170,-192],[24,-176],[73,-93],[92,-169],[215,-212],[7363,-2455],[1611,-27],[697,-137],[1334,-526],[304,-23],[515,69],[1122,434],[273,275],[1273,504],[758,503],[1395,92],[576,206],[698,480],[394,137],[364,-91],[0,-320],[-516,-526],[-1537,-1030],[182,-33],[129,-214],[-26,-221],[-406,-163],[-121,-149],[61,-104],[88,-25],[173,-3],[174,-69],[1,-24],[29,-4],[20,42],[129,0],[29,-41],[-12,-31],[29,-8],[35,16],[159,10],[33,-15],[25,-45],[23,16],[-24,69],[46,29],[50,-2],[54,-26],[13,-30],[-52,-57],[-19,-92],[86,-26],[21,13],[-43,50],[72,82],[28,10],[34,-19],[100,-125],[-16,-82],[-66,-36],[-140,-21],[-1059,132],[-296,33],[-22,-10],[1355,-170],[76,-14],[12,-16],[-22,-8],[-84,-133],[-860,25],[-19,-11],[789,-41],[22,-8],[1,-18],[-40,-43],[-256,-113],[-119,-78],[-344,-165],[-129,-14],[-59,179],[-20,13],[49,-196],[-299,-49],[-149,-73],[-73,-95],[-34,-21],[-55,-13],[-122,19],[139,212],[-31,-19],[-147,-205],[-81,-4],[-69,-21],[-82,-41],[-23,-51],[-40,10],[-92,-38],[-118,-15],[-210,224],[-78,4],[-162,-54],[-185,-92],[-95,-84],[-134,-63],[-60,-53],[209,-86],[-11,-48],[-115,-180],[107,-54],[89,-127],[44,-32],[11,-50],[31,-30],[177,-84],[234,146],[269,41],[309,122],[7,20],[-96,145],[-69,59],[304,124],[30,-183],[213,-183],[758,115],[2909,1624],[1671,439],[174,114],[76,125],[98,240],[22,342],[-11,58],[-84,135],[4,65],[40,-40],[58,-141],[120,-189],[73,-157],[91,-119],[146,97],[-44,28],[-25,63],[31,45],[59,-1],[-8,61],[40,121],[-10,43],[-79,88],[-14,81],[51,212],[28,19],[54,-2],[44,-27],[36,-62],[68,-32],[34,29],[267,28],[106,59],[23,36],[111,41],[289,163],[42,5],[85,-27],[35,14],[55,93],[-1,44],[-57,39],[-2,18],[48,58],[83,32],[30,-13],[41,41],[309,166],