{"type":"Topology","transform":{"scale":[1.0E-6,1.0E-6],"translate":[-70.16335739246452,41.741877707308866]},"objects":{"MA":{"geometries":[{"arcs":[[12,-7,-4,13,14,15]],"id":293,"type":"Polygon","properties":{"bound":{"minx":-70.1819343259305,"miny":41.70129647705775,"maxx":-70.12398025583161,"maxy":41.76033547781783}}},{"arcs":[[-2,-5,-11,-8,16,-9,17,-10,18,19,20]],"id":294,"type":"Polygon","properties":{"bound":{"minx":-70.24101803608498,"miny":41.71340238721422,"maxx":-70.16784182024138,"maxy":41.75206544349531}}},{"arcs":[[-6,-3,21,-1,11]],"id":296,"type":"Polygon","properties":{"bound":{"minx":-70.14664923059627,"miny":41.70628995057001,"maxx":-70.04376994356022,"maxy":41.77844822094439}}}],"type":"GeometryCollection"}},"arcs":[[[78435,-15831],[195,350],[104,608],[4039,6592],[4120,7652],[3176,6464],[313,349],[435,1024],[497,766],[83,386],[177,314],[205,166],[694,1500],[506,443],[9,605],[876,1839],[634,828],[3002,2413],[1755,1237],[1629,939],[4731,3439],[5272,3343],[1802,1270],[2489,1305],[4120,1569],[124,947],[-367,652],[-3109,-380],[-154,2095],[108,1480],[-71,491],[-217,490],[-82,1277]],[[-5147,-21622],[-1344,1294],[-1131,1759],[-2693,1963],[-466,489],[-1040,2228],[-349,1055],[-374,505],[-707,529],[-89,929],[-462,921],[498,2030],[47,1273],[128,693],[249,217],[-671,3496],[2321,831],[256,138],[-55,322],[-257,399],[-451,1148],[-262,1880],[-93,1586],[-2452,1269],[-506,145],[-703,1752],[-1042,822],[-758,954],[209,219]],[[32414,11096],[-234,17],[-140,-99],[-117,-126],[14,-269],[315,-451],[418,-132],[-162,-532],[-213,11],[-263,253],[-235,-203],[-286,-50],[-52,-71],[176,-203],[-183,-82],[-337,433],[-388,-76],[-396,198],[-382,-379],[-29,-126],[117,-72],[535,38],[102,-527],[-820,259],[-250,-17],[-374,-263],[198,-395],[-425,0],[-96,165],[-124,16],[-99,-180],[81,-286],[-140,-208],[-293,66],[-241,318],[-323,-49],[-484,-478],[-367,-43],[-286,-198],[-367,-38],[-7,-148],[191,-176],[-81,-121],[-264,-115],[-352,104],[-73,-65],[80,-495],[-982,17],[-242,44],[-227,143],[-206,-38],[-117,-154],[-205,165],[-125,-6],[73,-324],[-205,-263],[-220,0],[-7,384],[-88,6],[-404,-230],[-227,-11],[-169,-165],[-139,-439],[-660,159],[-198,-175],[-242,-33],[-169,-225],[-300,93],[-125,-33],[-183,-214],[-1386,-307],[-396,-411],[-257,-516],[-367,-324],[308,-428],[7,-138],[-792,-697],[449,-168],[11553,-37753]],[[-5147,-21622],[345,-399],[650,-1343],[906,-1424],[110,-859],[-180,-1095],[490,-2336],[3071,429],[818,32],[2559,-179],[2624,-767],[534,-90],[838,43],[1873,265],[406,-1722],[41,-524],[3945,-2463],[8872,-2624],[1322,-741],[4417,-3082],[624,-286],[938,-272],[1124,-104]],[[-21415,-29010],[752,123],[736,344],[2123,1876],[604,393],[5359,2585],[1199,408],[3687,782],[754,295],[1054,582]],[[29510,-35740],[18027,4726],[1675,512],[6328,1569],[11446,3057],[1073,3700],[1248,4801],[7227,1439],[563,252],[1338,-147]],[[31180,-41163],[-1759,5399],[89,24]],[[-49117,-17348],[137,36],[267,-98],[6,-149],[-197,-196],[37,-115],[462,-318],[132,16],[344,291],[180,-84],[144,-223],[518,-46],[215,278],[386,89],[51,-119],[-242,-271],[91,-206],[301,-196],[345,-80],[283,112],[-9,336],[437,345],[136,-44],[-7,-450],[139,-71],[147,33],[73,153],[-77,216],[220,74],[512,-7],[950,-222],[-29,-472],[132,5],[190,187],[132,-33],[133,-417],[184,62],[75,148],[337,11],[204,137],[330,-128],[629,191],[422,-112],[151,251],[254,65],[47,148],[177,125],[-162,216],[754,51],[159,318],[330,-161],[288,165],[64,-129],[244,-83],[-110,-170],[138,99],[38,-105],[161,87],[29,-126],[285,-122],[5,-162],[587,-12],[1488,-820],[1792,-1245],[-1047,-2617],[-356,-442]],[[-50020,-18555],[98,-29]],[[-52896,-16940],[181,-96],[115,29]],[[-35081,-23354],[12488,-5743],[1178,87]],[[78435,-15831],[0,0]],[[32414,11096],[-234,17],[-140,-99],[-117,-126],[14,-269],[315,-451],[418,-132],[-162,-532],[-213,11],[-263,253],[-235,-203],[-286,-50],[-52,-71],[176,-203],[-183,-82],[-337,433],[-388,-76],[-396,198],[-382,-379],[-29,-126],[117,-72],[535,38],[102,-527],[-820,259],[-250,-17],[-374,-263],[198,-395],[-425,0],[-96,165],[-124,16],[-99,-180],[81,-286],[-140,-208],[-293,66],[-241,318],[-323,-49],[-484,-478],[-367,-43],[-286,-198],[-367,-38],[-7,-148],[191,-176],[-81,-121],[-264,-115],[-352,104],[-73,-65],[80,-495],[-982,17],[-242,44],[-227,143],[-206,-38],[-117,-154],[-205,165],[-125,-6],[73,-324],[-205,-263],[-220,0],[-7,384],[-88,6],[-404,-230],[-227,-11],[-169,-165],[-139,-439],[-660,159],[-198,-175],[-242,-33],[-169,-225],[-300,93],[-125,-33],[-183,-214],[-1386,-307],[-396,-411],[-257,-516],[-367,-324],[308,-428],[7,-138],[-792,-697],[449,-168],[11553,-37753]],[[-5147,-21622],[-1344,1294],[-1131,1759],[-2693,1963],[-466,489],[-1040,2228],[-349,1055],[-374,505],[-707,529],[-89,929],[-462,921],[498,2030],[47,1273],[128,693],[249,217],[-671,3496],[2321,831],[256,138],[-55,322],[-257,399],[-451,1148],[-262,1880],[-93,1586],[-2452,1269],[-506,145],[-703,1752],[-1042,822],[-758,954],[209,219]],[[-17344,9224],[2896,606],[3541,1153],[1892,729],[1180,648],[961,-6],[395,94],[2875,944],[1452,642],[1539,-34],[565,-274],[307,-39],[1217,220],[1562,482],[403,-5],[1386,-291],[506,32],[1943,494],[58,-571],[682,-308],[278,-411],[499,-187],[1100,-116],[168,-82],[608,-895],[-117,-187],[44,-291],[322,-236],[-44,-121],[-198,-99],[-946,-186],[-220,-143],[-477,-1103],[-447,-258],[-81,-390],[190,-532],[-289,-736],[22,-428],[205,-412],[220,-77],[388,198],[507,417],[1052,2009],[807,1120],[198,982],[176,126],[455,66],[-411,253],[-755,286],[-1216,1186],[-857,1658],[344,-198],[1254,-258],[2493,301],[2537,916],[1746,812],[909,340],[1233,697],[755,16],[1269,395],[726,137],[264,-28],[447,-285],[1129,-138],[652,-401],[499,-33],[1085,158],[579,165],[1497,740],[498,94],[499,-264],[1884,-265],[814,-346],[762,-132],[719,0],[1283,-347],[1275,-187],[646,107],[2280,-37],[60,-386],[-508,-492],[-96,-533],[-206,-236],[37,-263],[-1371,-55],[-345,-93],[-257,-104],[-961,-724],[-484,-143],[-227,94],[-183,-17],[-236,-488],[-1107,-697],[-176,-351],[-763,-329],[-309,-664],[147,-127],[410,-110],[455,6],[87,-390],[352,-77],[15,-127],[-198,-38],[-997,330]],[[32414,11096],[0,0]],[[-49117,-17348],[-56,55],[-221,-123],[-528,-1168]],[[-50020,-18555],[-472,505],[208,279],[198,86],[355,484],[-25,103],[-308,168],[-35,92],[-313,-272],[-400,-164],[-710,177],[-119,317],[-234,69],[-571,-115],[-154,-181]],[[-52896,-16940],[-238,201],[-212,0],[-224,-93],[-293,-491],[-656,-98],[-110,-72],[-147,-561],[176,-555],[380,-204],[220,-25],[377,303],[253,-66],[45,-119],[-101,-254],[-531,-310],[-1499,-164],[-778,-5],[-266,198],[-706,1041],[-249,23]],[[-57455,-18191],[178,202],[161,936],[258,-117],[200,462],[-29,165],[-447,620],[432,16],[59,88],[-287,736],[140,66],[153,-61],[279,-323],[271,-72],[125,33],[234,385],[132,82],[191,0],[249,-439],[213,-44],[139,159],[542,280],[14,291],[-80,55],[-169,-44],[-110,-313],[-469,-104],[-80,368],[-184,88],[-190,-50],[-498,-428],[-169,-6],[-359,362],[-301,77],[-344,-543],[0,-160],[235,-302],[-432,11],[-455,192],[-967,126],[-74,61],[-44,488],[169,50],[381,-66],[212,27],[125,99],[212,769],[-59,49],[-725,-5],[-52,186],[-271,159],[37,176],[-220,241],[-22,187],[131,88],[447,-27],[895,-461],[168,-11],[440,423],[22,247],[-301,-319],[-227,-109],[-593,159],[-198,236],[-733,16],[-293,-187],[-22,-324],[205,-236],[44,-197],[213,-105],[271,-356],[543,27],[7,-225],[-234,-329],[-550,60],[-205,-132],[-95,-379],[154,-384],[-44,-291],[-827,-785],[-455,-215],[-183,17],[-733,345],[-697,544],[-1290,784],[-733,768],[-81,511],[73,423],[139,203],[557,489],[293,115],[417,604],[733,215],[351,203],[316,-17],[520,-208],[169,28],[351,488],[293,181],[161,308],[15,571],[131,170],[462,138],[44,208],[205,225],[-176,138],[410,461],[-80,33],[-557,-522],[117,-192],[-161,-269],[-615,-286],[-66,-713],[-73,-149],[-337,-197],[-73,-165],[-308,-160],[-792,143],[-425,-203],[-710,-160],[-344,-428],[-1253,-989],[-234,-324],[-118,-11],[-293,445],[-1019,526],[-1789,461],[-645,-50],[-857,-571],[-337,44],[-147,312],[389,303],[36,175],[-103,170],[-264,11],[-505,-379],[37,-466],[433,-407],[-66,-230],[-125,44],[-58,307],[-197,71],[-264,-62],[-100,