{"type":"Topology","transform":{"scale":[1.0E-6,1.0E-6],"translate":[-70.61653048745474,41.965019025131674]},"objects":{"MA":{"geometries":[{"arcs":[[-1,-2,2,3,4],[5,6],[7]],"id":359,"type":"Polygon","properties":{"bound":{"minx":-70.65550718831274,"miny":41.87409652155839,"maxx":-70.55931311119782,"maxy":42.01319196454848}}}],"type":"GeometryCollection"}},"arcs":[[[46587,-40911],[657,1904],[1090,1519],[387,334],[2045,1122],[988,726],[213,386],[146,1066],[588,726],[559,372],[2169,1052],[616,537]],[[15168,-91336],[2759,2283],[296,396],[520,1127],[482,649],[5149,4913],[1019,772],[4080,2363],[524,387],[566,555],[1325,1740],[1454,1087],[459,506],[341,754],[675,3214],[352,855],[403,451],[1535,1172],[365,435],[2798,4638],[274,583],[468,1681],[420,3673],[614,1397],[1236,2277],[385,1582],[-30,595],[-520,1109],[-75,604],[553,2714],[293,2625],[490,852],[2209,2436]],[[15168,-91336],[-1758,1600],[-158,-48],[927,-1185],[-3849,3555],[-1100,1207],[-1218,1573],[-1473,2440],[-931,2173],[-9641,28695],[-1365,2781],[-1189,1769],[-908,1119],[-1530,1613],[-3892,3440],[-1323,1003],[-2043,1241],[-2234,1057],[-13699,5671],[-3039,1062],[-2911,747],[1580,-244]],[[-36586,-30067],[5147,-1224],[3839,-587],[4130,-235],[2916,18],[2500,122],[2810,397],[2408,598],[1685,565],[3215,1389],[1504,564],[4108,892],[-95,273],[-524,401],[-511,195],[-1519,256],[-543,243],[-574,423],[-277,357],[-61,311],[292,395],[360,211],[-172,1476],[-795,672],[-2083,925],[-606,404],[-556,514],[-288,518],[-1392,1048],[-226,348]],[[-11894,-18598],[-150,282],[-1001,462],[-785,-103],[-134,37],[-396,1485],[-1099,1039],[-315,429],[-382,907],[-915,930],[-417,305],[-248,687],[-166,208],[-201,73],[-635,-28],[-31,639],[-217,97],[-1152,166],[-266,306],[19,664],[202,505],[86,652],[-199,417],[-549,648],[-282,589],[-316,281],[-516,747],[-750,734],[-1466,1111],[-83,171],[34,308],[-711,2037],[-299,379],[-800,574],[-250,367],[-945,1715],[-889,2235],[-634,1186],[-1702,2716],[-1425,2063],[-350,403],[-400,232],[-1301,423],[-1832,1773],[-430,1362],[52,480],[218,99],[384,27],[801,-266],[300,-244],[499,-711],[616,-513],[915,-1089],[1666,-1405],[501,-145],[166,-208],[846,-1729],[-1,-405],[182,-380],[1477,-2931],[466,-563],[115,-442],[365,-723],[1198,-1432],[532,-833],[82,-281],[849,-942],[1196,-1961],[831,-1163],[714,-1546],[1596,-2364],[932,-1089],[3974,-5400],[1048,-1224],[583,-439],[1682,-1552],[549,-661],[2281,-2262],[3237,-2121],[2488,-1099],[2216,-738],[1321,-264],[2826,733],[3490,-252],[1363,105],[2040,903],[1032,376],[2395,1516],[1264,971],[3015,3104],[342,201],[1701,565],[2088,524],[6012,1005],[1998,-55],[2707,196],[679,-328],[890,-706],[546,-815],[1389,-1126],[244,17],[539,553],[83,-29],[-769,-1301],[195,-606],[165,-90],[-153,531],[36,259],[731,1133],[82,-45],[-113,-472],[1714,-89],[2903,-441],[-242,-125],[-1081,4],[-2781,473],[-262,-109],[-541,-462],[-77,-244],[69,-379],[328,-103],[465,187],[1498,-517],[106,-212],[-356,-551],[145,-120],[245,-13],[541,462],[1643,-605],[618,-374],[1182,-1022],[2137,-875],[723,-464],[1306,-1127],[672,-997],[407,-985],[401,-695],[478,-421],[2797,-1279],[1323,-944],[2182,-1103]],[[7766,48568],[1042,-319],[2270,-1294],[2955,-1271],[1400,-1318],[1608,-2908],[51,-1970],[-1329,-1148],[-1867,-555],[-2025,1855],[-1389,834],[-879,784],[-1780,804],[-699,537],[-1007,35],[-505,244],[-2595,-464],[-3461,-1420],[-2661,-1393],[-2832,-1552],[-2222,-1630],[-51,-188],[-402,-520],[-1093,-521],[-350,-316],[78,-199],[-177,-263],[-750,-744],[-301,-617],[-349,-380],[-156,-338],[-364,-348],[-32,-398],[-200,-483],[-673,-308],[-519,-589],[-361,-586],[-1009,-846],[-794,-370],[-1013,-153],[-617,241],[-1232,265],[-1006,433],[-1081,187],[-541,614],[-210,732],[340,466],[8,513],[464,462],[584,205],[558,-105],[225,191],[396,83],[969,-124],[331,78],[75,-327],[243,-66],[260,-453],[632,-9],[142,-157],[509,-46],[568,497],[138,818],[297,273],[-146,266],[234,713],[274,380],[41,645],[-896,415],[38,172],[-438,142],[-175,421],[-378,400],[-98,329],[375,41],[502,-164],[278,-465],[321,-174],[370,111],[385,-309],[298,176],[184,467],[440,584],[483,175],[1756,1029],[316,579],[994,726],[791,453],[132,199],[174,90],[367,-83],[-69,274],[138,79],[146,331],[375,27],[857,322],[2099,1320],[179,19],[271,-122],[239,34],[314,399],[1505,323],[173,315],[270,158],[478,-163],[612,320],[1088,366],[114,203],[555,14],[-69,162],[55,160],[181,78],[32,102],[-91,383],[1176,709],[877,-55],[513,-211],[130,41],[54,118],[-383,489],[56,246],[-213,132],[-109,265],[58,564],[388,591],[3,198]],[[4001,48532],[3765,36]],[[-22170,38057],[-888,-226],[-439,88],[59,118],[-444,364],[-147,1055],[532,3350],[-37,716],[161,241],[705,491],[48,457],[286,558],[571,821],[603,464],[57,700],[974,758],[1516,16],[856,-691],[191,-1013],[-142,-1253],[78,-776],[-327,-213],[-60,-263],[162,-405],[-363,-907],[-149,-1135],[-213,-483],[-34,-587],[-248,-278],[-1970,-177],[-576,-1262],[-762,-528]]]}