{"type":"Topology","transform":{"scale":[1.0E-6,1.0E-6],"translate":[-70.79923994620478,42.55607305449412]},"objects":{"MA":{"geometries":[{"arcs":[[2,3,4,5,6,7,8],[9],[10],[11],[12],[13],[14],[15],[16]],"id":511,"type":"Polygon","properties":{"bound":{"minx":-70.81494226534653,"miny":42.55204729493643,"maxx":-70.71487440978898,"maxy":42.599370811061526}}},{"arcs":[[17,-2,18,19,20,21],[22],[23],[24]],"id":1168,"type":"Polygon","properties":{"bound":{"minx":-70.86846856930663,"miny":42.54445763356513,"maxx":-70.79269346581175,"maxy":42.590430165660244}}},{"arcs":[[25,-1,26],[27],[28],[29],[30],[31],[32]],"id":1259,"type":"Polygon","properties":{"bound":{"minx":-70.892442605244,"miny":42.521394289845226,"maxx":-70.78216682083793,"maxy":42.53719309984898}}}],"type":"GeometryCollection"}},"arcs":[[[-88595,-28034],[-2239,677],[-583,-1283],[-432,-699],[-545,-586],[-769,-641],[764,-2387],[691,223],[269,17],[177,-871]],[[5393,12312],[93,267],[-286,194],[185,448],[-657,10],[-12423,11049],[-3158,3741]],[[83011,23012],[1062,-3127],[-530,-765]],[[83543,19120],[132,362],[-47,216],[-472,312],[-549,159],[-929,179],[-804,69],[-1192,-40],[-997,-204],[-1006,-326],[-271,-216],[-440,-1046],[-664,-744],[-108,-965],[-255,-374],[-232,-152],[-2143,-230],[85,-201],[-61,-105],[-155,-25],[-727,291],[-1075,-79],[-1137,-256],[-526,-251],[-100,336],[-179,191],[-23,270],[-186,137],[147,502],[-94,525],[-139,223],[-882,536],[-209,199],[-62,193],[54,163],[920,437],[703,1042],[270,1634],[-1316,565],[-681,188],[-758,97],[-1547,-19],[-921,-167],[-255,-139],[-92,-366],[364,-665],[54,-508],[-154,-399],[820,-591],[78,-206],[-874,-1107],[-355,-100],[-611,99],[-318,364],[-309,130],[-55,175],[797,440],[0,167],[-527,311],[-974,188],[-704,-236],[-997,-690],[-1547,-677],[-402,48],[-557,212],[-875,68],[-696,-82],[-325,-208],[-456,-138],[-588,50],[-657,-55],[-155,-106],[1,-171],[240,-334],[-627,-208],[-479,42],[-457,-88],[209,-154],[511,-105],[-69,-289],[371,-517],[-464,11],[-541,-197],[-464,326],[-326,85],[-997,125],[-1092,-44],[-2461,-1132],[47,235],[333,302],[85,186],[-39,130],[-255,91],[-8,-289],[-286,-252],[-155,-425],[-797,-107],[-232,-103],[-326,-333],[-15,-266],[-240,-166],[-743,56],[-712,-245],[-317,-369],[-325,-217],[-487,213],[8,315],[-132,98],[-363,43],[-2514,-668],[-915,-402],[351,-346],[-851,-460],[-1549,-1588],[-1051,-1584],[14,-113],[-243,-109],[345,-128],[-231,-461],[68,-141],[-328,-155],[-7,-93],[-136,-35],[-105,70],[-494,-108],[-100,34],[52,152],[-151,53],[-744,9],[-405,-307],[114,-158],[-39,-195],[539,-207],[290,-425],[329,-126],[23,-299],[-98,-53],[315,-95],[-95,-84],[-457,-21],[215,-243],[326,-27],[-90,-216],[-284,-159],[-46,-177],[-305,-30],[-346,131],[-30,209],[-162,90],[-172,-10],[-53,-89],[-360,58],[-81,184],[-157,-4],[47,194],[-96,112],[-615,99],[-482,-65],[-122,-154],[-150,45],[-143,-55],[-646,10],[-264,-154],[-127,95],[-504,-47],[-164,63],[-160,428],[214,376],[-187,42],[-13,182],[-283,224],[40,67],[-397,68],[-47,-127],[-180,-21],[-232,129],[-226,-37],[-287,-176],[-42,-244],[-204,-149],[35,-217],[238,-140],[126,-217],[86,-301],[-93,-255],[141,-190],[-115,-160],[-180,-16],[-115,-155],[95,-256],[-342,-195],[28,-211],[-426,-453],[-181,-59],[-19,-322],[96,-157],[-113,-71],[41,-361],[-574,-252],[-459,-70],[-325,-136],[-471,119],[-182,-93],[-298,202],[-64,256],[-531,153],[-153,-277],[-280,-137],[-158,-16],[-403,197],[-353,3],[-265,-116],[-24,-188],[-667,132],[-288,-171],[-286,-53],[-625,354],[-96,260],[609,114],[610,250],[325,-90],[502,262],[334,518],[268,217],[172,22],[158,184],[-252,1202],[-824,1574],[-634,733],[-391,139],[60,172],[-125,32],[440,473],[746,31],[141,68],[38,139],[470,141],[237,-122],[632,85],[-184,81],[-95,266],[1369,320],[470,198],[305,22],[372,215],[188,702],[-105,169],[-442,261],[-193,-66],[-518,36],[-393,120],[18,145],[172,12],[62,99],[-39,263],[679,338],[315,326],[365,72],[397,-115],[-88,-290],[113,-284],[203,-180],[245,57],[249,-38],[75,-247],[345,40],[284,120],[88,127],[-84,108],[112,230],[-47,181],[297,326],[-77,279],[82,194],[-335,10],[-215,-178],[-414,2],[-100,-220],[-182,78],[-360,-8],[-241,129],[865,562],[326,38],[313,-54],[586,-375],[360,156],[335,371],[379,260],[286,-2],[339,-192],[468,109],[-483,77],[-39,179],[-207,143],[184,-1],[461,249],[390,-107],[1174,196],[-161,106],[-993,-62],[-390,145],[-418,-133],[-384,33],[-770,-279],[-430,292],[-929,1],[274,729],[1018,405],[89,103],[27,84],[-440,264],[-381,-72],[-568,134],[-1793,-672],[-489,-45],[-18,-75],[-330,-137],[-62,-117],[290,-659],[-89,-38],[77,-144],[-183,-113],[-236,0],[-667,362],[-132,-25],[-75,-119],[-141,20],[-299,267],[-148,-58],[84,-146],[-370,-104],[-47,106],[-206,-14],[43,-85],[199,-56],[-76,-169],[71,-240],[188,-107],[149,4],[-63,-170],[76,-227],[246,-189],[12,-666],[160,-276],[-329,-215],[-430,-508],[-328,-177],[-626,0],[-389,204],[-1363,28],[-252,180],[-99,455],[-204,236],[-248,132],[-226,-12],[-260,-453],[-15,-217],[-349,-137],[-341,-33],[-896,-1107],[-178,-111],[227,-36],[73,-354],[87,154],[282,155],[-22,162],[230,395],[509,357],[789,-194],[624,-359],[197,-41],[115,-224],[-73,-481],[-42,-80],[-411,-146],[-197,-388],[-497,-355],[-195,-252],[-424,-171],[-150,-253],[-1529,-851],[-87,-144],[-333,-215],[-531,9],[-215,481],[-1269,-19],[-146,98],[-291,-174],[-231,-23],[-632,409],[-40,153],[-458,139],[-625,-209],[-336,-343],[-30,-81],[156,-146],[-56,-87],[146,-15],[332,-243],[-46,-83],[-376,-128],[-188,107],[-1850,-601],[-135,-252],[-286,-182],[-572,-196],[-184,-150],[-605,9],[-72,135],[161,32],[-20,167],[-366,-106],[-64,-94],[-139,84],[0,114],[-217,87],[-1065,-202],[-156,-69],[-66,-148],[-464,-157],[-378,-40],[-347,-203],[-117,82],[139,246],[-93,336],[439,911],[40,288],[-154,135],[245,304],[-257,788],[162,557],[-69,395],[332,406],[-61,553],[-387,237],[-8,360],[-363,404]],[[5393,12312],[93,267],[-286,194],[185,448],[-657,10],[-12423,11049],[-3158,3741]],[[-10853,28021],[-2181,4432],[-2219,4850]],[[-15253,37303],[13696,1947]],[[-1557,39250],[27346,2924],[27800,1328]],[[53589,43502],[5195,-9580],[6611,-1890],[10328,-3781],[3089,-1381],[1520,-591],[1796,-847],[883,-2420]],[[78304,10558],[-557,-80],[-62,-150],[108,-165],[-982,67],[-1168,734],[30,284],[371,803],[742,587],[1230,1221],[154,16],[325,-144],[604,-873],[-46,-379],[-665,-429],[-224,-413],[0,-176],[155,-182],[448,-304],[-463,-417]],[[17892,-3718],[-199,-382],[-300,-127],[-198,15],[-154,112],[-360,-52],[-46,162],[-249,112],[-53,151],[-174,-91],[-119,41],[-95,136],[269,448],[-76,269],[61,240],[540,345],[1237,357],[472,62],[228,-93],[-103,-95],[62,-190],[-505,-227],[121,-129],[9,-328],[-217,-384],[185,-192],[-336,-160]],[[54661,16135],[248,-64],[70,-210],[-85,-213],[132,-250],[-31,-316],[-301,-495],[-603,-118],[-519,42],[-123,142],[-47,364],[115,1357],[201,152],[409,-25],[194,-65],[340,-301]],[[79741,13628],[-557,50],[-225,164],[31,320],[394,114],[356,-40],[348,-346],[-115,-200],[-232,-62]],[[16701,328],[-266,41],[-294,393],[237,206],[519,166],[169,-76],[41,-576],[-406,-154]],[[18020,2125],[-207,15],[-52,335],[124,187],[501,136],[122,-49],[63,-252],[-171,-75],[17,-188],[-397,-109]],[[44591,10889],[-495,69],[-39,166],[263,67],[171,-38],[100,-264]],[[43678,11077],[-193,38],[124,146],[162,-61],[-93,-123]],[[-44560,34658],[8389,-51],[7719,-7550],[7381,-5309],[1292,1464],[5723,853],[3203,3956]],[[5393,12312],[26,-180],[241,-282],[-22,-331],[101,-142],[181,-64],[161,-461],[-311,-526],[10,-620],[-139,-344],[191,-346],[-30,-376],[100,-89],[-201,92],[-2181,-525],[-727,-399],[-487,-422],[-85,48],[108,349],[-116,65],[-456,-16],[-650,-186],[-448,-286],[-403,-560],[-610,-338],[-828,-900],[-997,-268],[-456,-350],[-217,15],[-418,381],[-564,117],[-294,234],[-541,-49],[-573,-198],[-487,-521],[-1462,-649],[-1353,-796],[-2119,-1664],[-1809,-1208],[-642,-518],[-2189,-1268],[-1136,-509],[-1261,-421],[-2644,-713],[-2119,-749],[-572,-284],[-364,-366],[-1848,-246],[-974,359],[-1600,-260],[-851,166],[-572,-103],[-371,219],[-959,255],[-418,-110],[-734,-368],[-1013,-376],[-325,-217],[-77,-105],[39,-274],[-503,-508],[-146,-7],[-611,301],[-248,32],[-897,-311],