{"type":"Topology","transform":{"scale":[1.0E-6,1.0E-6],"translate":[-73.0766243631354,42.13321898709201]},"objects":{"MA":{"geometries":[{"arcs":[[11,12,13,14,-9,15]],"id":171,"type":"Polygon","properties":{"bound":{"minx":-73.18358908178963,"miny":42.03801727804056,"maxx":-73.00824156365793,"maxy":42.254147043333774},"Geoid10":"25003933400"}},{"arcs":[[-6,16,-11,17,18,19]],"id":173,"type":"Polygon","properties":{"bound":{"minx":-73.30250765963474,"miny":42.04136253967796,"maxx":-73.17566316701479,"maxy":42.174042696861946},"Geoid10":"25003933300"}},{"arcs":[[-5,-4,-2,-3,-8,20]],"id":194,"type":"Polygon","properties":{"bound":{"minx":-73.2895280931508,"miny":42.147189528568155,"maxx":-73.16087800036011,"maxy":42.286598000098095},"Geoid10":"25003933200"}},{"arcs":[[-1,21,22,23,24,25,-7,-10,26,27]],"id":865,"type":"Polygon","properties":{"bound":{"minx":-73.0733455786336,"miny":42.03368115471894,"maxx":-72.7839979481016,"maxy":42.34588989966005},"Geoid10":"25013813000"}}],"type":"GeometryCollection"}},"arcs":[[[263208,111788],[-31463,-3222],[-4012,-390],[-7801,-791],[-949,-113],[-6667,-8400],[-4110,-8343],[-3762,-7309],[-2306,1327],[-13361,7535],[-24455,13832],[865,744],[246,170],[1864,1582],[133,79],[97,103],[14531,12001],[13964,11570],[-145,1901],[-91,750],[39,503],[-653,9070],[-2960,43378],[-772,11631],[-24,-3]],[[-167311,123906],[-13278,-15954],[-1588,-2059],[-456,-505],[-11917,-14680],[-4359,-5226],[-4357,-5419],[-5491,-6712],[-4688,-5689],[-275,-8557],[-201,-4020],[28,-2350],[-59,-1587],[97,-1594],[191,-1648],[357,-2626],[790,-6171]],[[-84253,153379],[-14105,-1727],[-176,-54],[-8170,-927],[-8326,-1060],[-9583,-1188],[-1285,-146],[-2108,-278],[-5609,-701],[-404,-77],[-15504,-1862],[-17788,-21453]],[[-212517,39109],[786,-461],[1640,-750],[1786,-739],[217,-177],[413,-225],[89,-22],[125,-71],[384,-115],[155,-29],[375,-125],[401,-77],[422,-6],[226,-55],[664,-66],[243,-60],[251,-22],[53,-28],[-31,-102],[137,-57],[353,-43],[268,45],[102,-100],[179,-26],[128,23],[205,-69],[428,-303],[185,-93],[236,6],[583,153],[258,33],[229,-170],[324,11],[325,-61],[161,-4],[205,-82],[113,-67],[129,-18],[-32,-114],[166,-9],[203,17],[207,-100],[276,53],[232,10],[231,-125],[-3,-215],[155,-137],[900,-686],[265,-313],[642,-423],[302,-138],[310,-55],[450,-143],[273,-137],[199,-22],[140,-49],[115,-98],[4195,508],[7884,919],[2264,282],[9944,1175],[22611,-20389],[38165,5378]],[[-109676,20346],[-412,2200],[20496,1540],[-620,5536],[13,73],[504,1320],[4256,14130],[44,196],[-17,9934],[-46,4490],[-14,4044],[51,6523],[193,2171],[391,40983],[-112,840]],[[-95593,-89877],[-778,6208],[-1049,9209],[-825,6007],[-943,7410],[-178,1557],[-942,7349],[-593,4988],[-220,1613],[-434,3518],[-800,5619],[-1202,9596],[-1496,11184],[-921,7721],[-1169,8549],[-924,7305],[-250,1797],[-1359,10593]],[[68631,105190],[126,-1],[-20965,-73393],[-27,-159],[-158,-487],[-663,-2425],[-917,-3133],[-4323,-15159],[-1955,234],[-631,96],[-20312,2556],[-4085,527],[-8891,1109],[-405,40],[28,-121],[47,-82],[192,-229],[267,-454],[154,-435],[165,-638],[177,-134],[48,-72],[-87,-220],[32,-405],[-28,-85],[-98,-107],[11,-230],[-23,-130],[-172,-128],[-739,-464],[-307,-216],[-417,-389],[-17,-45],[19,-541],[74,-213],[210,-278],[107,-209],[310,-964],[392,-592],[134,-394],[63,-123],[84,-123],[450,-534],[263,-248],[622,-492],[109,-105],[179,-242],[41,-86],[34,-176],[-6,-131],[-83,-453],[-6,-225],[57,-172],[212,-328],[35,-86],[119,-534],[38,-316],[19,-270],[-12,-94],[-62,-130],[-159,-128],[-394,-214],[-178,-114],[-115,-115],[-65,-215],[-239,-1068],[-109,-214],[-2,-400],[66,-721],[73,-357],[179,-431],[8,-271],[129,-200],[268,-302],[345,-478],[311,-487],[127,-255],[230,-557],[141,-394],[133,-529],[62,-177],[162,-291],[344,-425],[73,-122],[92,-214],[163,-480],[133,-533],[27,-541],[32,-181],[197,-426],[258,-405],[148,-143],[383,-227],[295,-153],[228,-148],[295,-221],[664,-588],[199,-282],[184,-382],[325,-438],[722,-719],[840,-775],[634,-767],[177,-237],[44,-87],[52,-221],[22,-361],[-51,-265],[-89,-264],[-111,-205],[-509,-676],[-294,-333],[-288,-292],[-199,-168],[-435,-321],[-317,-202],[-494,-257],[-516,-244],[-1423,-592],[-332,-121],[-611,-192],[-678,-187],[-347,-71],[-420,-51],[-560,-171],[-361,-39],[-170,-46],[-295,-153],[-575,-333],[-324,-129],[-346,-247],[-148,-83],[-111,-34],[-310,-143],[-434,-313],[-368,-291],[-361,-313],[-193,-231],[-95,-165],[-141,-484],[-28,-180],[-1,-180],[81,-168],[67,-78],[206,-170],[347,-249],[199,-170],[162,-187],[66,-127],[67,-217],[37,-235],[0,-356],[-45,-310],[-59,-170],[-132,-259],[-177,-236],[-405,-398],[-413,-326],[-251,-127],[-376,-151],[-353,-62],[-162,-60],[-480,-244],[-229,-154],[-132,-205],[-103,-304],[-37,-225],[0,-225],[44,-284],[89,-65],[88,-114],[15,-90],[-37,-256],[503,-1687],[97,-243],[151,-581],[1085,-7682],[10219,-21356],[528,-1339],[456,-1050],[235,-39],[170,-56],[145,-82],[256,-264],[172,-250],[283,-510],[375,-482],[301,-292],[225,-161],[276,-184],[538,-310],[223,-162],[194,-181],[62,-78],[56,-93],[118,-304],[22,-131],[-7,-135],[-45,-224],[-59,-175],[-110,-210],[-199,-226],[-118,-102],[-354,-246],[-250,-261],[-140,-74],[-331,-121],[-354,-70],[-148,-70],[-124,-106],[-148,-196],[-361,-570],[-74,-125],[-29,-89],[-44,-495],[-96,-354],[-44,-85],[-184,-181],[-8,-41],[89,-488],[73,-221],[222,-423],[191,-224],[338,-262],[455,-299],[531,-302],[362,-160],[288,-77],[420,-57],[103,-33],[272,-244],[310,-221],[623,-405],[290,-96],[718,-140],[538,-207],[448,-239],[494,-71],[400,-441],[423,-161],[50,-208],[80,-145],[52,-884],[81,-231],[66,-86],[118,-687],[-7,-373],[22,-321],[-941,-2087],[-59,-1245],[-187,-638],[-279,-772],[-864,-768],[-684,-802],[-367,-670],[38,-640],[130,-439],[533,-644],[488,-643],[668,-679],[-52,-605],[36,-876],[126,-775],[307,-743],[309,-541],[949,-1571]],[[-84949,114326],[27,932],[-106,1652],[321,10062],[454,26407]],[[68631,105190],[-1742,-149],[-26637,-2116],[-461,4039],[-54164,-6021],[-1129,7774],[-537,3563],[-28087,-2321],[32,200],[66,179],[-10,153],[121,304],[2,135],[-125,151],[-253,220],[-79,168],[-142,205],[-112,448],[-271,752],[-126,182],[-373,308],[-48,122],[-272,369],[-582,946],[-330,996],[9,108],[83,35],[336,242],[76,89],[351,269],[525,329],[325,175],[230,172],[107,115],[91,161],[120,443],[-2,392],[-48,366],[-111,384],[-140,310],[-4852,-608],[-16002,-1911],[-19419,-2542]],[[76557,179474],[-310,-342],[-1081,-47154],[-388,-14107],[-2414,250],[-459,-1252],[-941,-3136],[-2333,-8543]],[[-220464,25991],[203,-789],[952,-6810],[665,-3998],[1136,-7563],[711,-4498],[608,-4401],[599,-3817],[324,-2245],[673,-4404],[-12921,-13768],[-222,-256],[47,-168],[864,-6425],[537,-4149],[185,-901],[829,-6699],[1202,-8877],[616,-4293],[676,-4899],[341,-2768],[446,-3328],[411,-3372],[824,-5726],[1065,-7816],[53,-201]],[[68631,105190],[126,-1],[-20965,-73393],[-27,-159],[-158,-487],[-663,-2425],[-917,-3133],[-4323,-15159],[-1955,234],[-631,96],[-20312,2556],[-4085,527],[-8891,1109],[-405,40],[28,-121],[47,-82],[192,-229],[267,-454],[154,-435],[165,-638],[177,-134],[48,-72],[-87,-220],[32,-405],[-28,-85],[-98,-107],[11,-230],[-23,-130],[-172,-128],[-739,-464],[-307,-216],[-417,-389],[-17,-45],[19,-541],[74,-213],[210,-278],[107,-209],[310,-964],[392,-592],[134,-394],[63,-123],[84,-123],[450,-534],[263,-248],[622,-492],[109,-105],[179,-242],[41,-86],[34,-176],[-6,-131],[-83,-453],[-6,-225],[57,-172],[212,-328],[35,-86],[119,-534],[38,-316],[19,-270],[-12,-94],[-62,-130],[-159,-128],[-394,-214],[-178,-114],[-115,-115],[-65,-215],[-239,-1068],[-109,-214],[-2,-400],[66,-721],[73,-357],[179,-431],[8,-271],[129,-200],[268,-302],[345,-478],[311,-487],[127,-255],[230,-557],[141,-394],[133,-529],[62,-177],[162,-291],[344,-425],[73,-122],[92,-214],[163,-480],[133,-533],[27,-541],[32,-181],[197,-426],[258,-405],[148,-143],[383,-227],[295,-153],[228,-148],[295,-221],[664,-588],[199,-282],[184,-382],[325,-438],[722,-719],[840,-775],[634,-767],[177,-237],[44,-87],[52,-221],[22,-361],[-51,-265],[-89,-264],[-111,-205],[-509,-676],[-294,-333],[-288,-292],[-199,-168],[-435,-321],[-317,-202],[-494,-257],[-516,-244],