{"type":"Topology","transform":{"scale":[1.0E-6,1.0E-6],"translate":[-70.61489569629995,41.9587260630017]},"objects":{"MA":{"geometries":[{"arcs":[[-1,-2,2,3,4],[5,6],[7]],"id":359,"type":"Polygon","properties":{"bound":{"minx":-70.65550718831274,"miny":41.87409652155838,"maxx":-70.55931311119782,"maxy":42.01319196454847},"Geoid10":"25023530700"}}],"type":"GeometryCollection"}},"arcs":[[[44952,-34618],[183,388],[150,399],[282,1017],[42,100],[131,249],[811,1096],[148,174],[253,241],[134,93],[1771,956],[274,166],[873,619],[115,107],[98,109],[115,277],[35,163],[42,654],[69,249],[58,122],[166,236],[364,368],[252,192],[307,180],[296,150],[938,419],[739,398],[196,85],[616,537]],[[13533,-85043],[2429,1988],[330,295],[116,120],[180,276],[269,658],[251,469],[164,249],[318,400],[5149,4913],[561,466],[458,306],[4080,2363],[524,387],[403,374],[163,181],[1059,1443],[266,297],[509,418],[693,463],[252,206],[178,163],[281,343],[206,365],[135,389],[481,2215],[194,999],[176,519],[176,336],[127,172],[276,279],[484,395],[752,511],[299,266],[181,195],[184,240],[669,1070],[2129,3568],[274,583],[250,699],[218,982],[420,3673],[125,381],[489,1016],[302,591],[651,1137],[283,549],[85,204],[71,237],[229,1141],[3,394],[-33,201],[-131,368],[-296,516],[-93,225],[-74,378],[-1,226],[49,387],[155,879],[349,1448],[54,350],[144,1816],[95,459],[155,383],[97,159],[238,310],[2209,2436]],[[13533,-85043],[-1758,1600],[-158,-48],[927,-1185],[-2826,2565],[-595,559],[-428,431],[-763,813],[-337,394],[-726,904],[-492,669],[-426,623],[-390,636],[-657,1181],[-291,610],[-327,749],[-313,814],[-7848,23434],[-1644,4863],[-149,398],[-484,1109],[-260,535],[-341,649],[-280,488],[-245,398],[-944,1371],[-908,1119],[-822,914],[-708,699],[-1108,1018],[-2784,2422],[-649,513],[-674,490],[-961,620],[-1082,621],[-555,290],[-642,311],[-1037,456],[-4932,2036],[-1055,448],[-977,389],[-3445,1421],[-3290,1377],[-1667,629],[-1372,433],[-2911,747],[1067,-149],[513,-95]],[[-38221,-23774],[3075,-750],[1551,-367],[521,-107],[1996,-351],[560,-81],[1283,-155],[1199,-98],[889,-56],[998,-52],[1044,-29],[1935,-5],[981,23],[1581,62],[919,60],[595,56],[1001,131],[1214,210],[1604,374],[804,224],[596,185],[1089,380],[1559,652],[1656,737],[794,314],[710,250],[620,172],[3488,720],[-95,273],[-212,214],[-312,187],[-511,195],[-644,119],[-875,137],[-543,243],[-574,423],[-277,357],[-61,311],[105,216],[187,179],[249,95],[111,116],[23,243],[-195,1233],[-795,672],[-224,116],[-1034,460],[-825,349],[-606,404],[-556,514],[-288,518],[-1392,1048],[-226,348]],[[-13529,-12305],[-150,282],[-250,146],[-751,316],[-785,-103],[-134,37],[-132,392],[-264,1093],[-233,232],[-433,379],[-433,428],[-315,429],[-249,478],[-133,429],[-483,416],[-432,514],[-417,305],[-248,687],[-166,208],[-201,73],[-217,-14],[-234,-50],[-184,36],[-16,135],[35,369],[-50,135],[-217,97],[-1152,166],[-266,306],[19,664],[202,505],[86,652],[-199,417],[-549,648],[-282,589],[-316,281],[-516,746],[-750,734],[-750,598],[-716,513],[-83,171],[34,308],[-99,294],[-447,1117],[-165,626],[-299,379],[-800,574],[-250,367],[-115,307],[-379,613],[-155,216],[-296,580],[-889,2235],[-149,242],[-162,360],[-323,584],[-988,1491],[-714,1225],[-361,544],[-1064,1519],[-350,403],[-400,232],[-984,277],[-317,146],[-483,502],[-883,757],[-466,514],[-281,773],[-149,589],[52,480],[218,99],[150,50],[234,-23],[468,-133],[333,-133],[300,-244],[283,-343],[216,-368],[616,-513],[915,-1089],[600,-464],[1066,-941],[267,-48],[234,-97],[166,-208],[365,-662],[481,-1067],[-1,-405],[182,-380],[1145,-2318],[332,-613],[333,-318],[133,-245],[115,-442],[99,-233],[266,-490],[482,-612],[450,-477],[266,-343],[332,-564],[200,-269],[82,-282],[450,-465],[399,-477],[847,-1311],[349,-650],[831,-1163],[498,-1141],[216,-405],[566,-758],[1030,-1605],[416,-526],[516,-563],[1296,-1800],[1198,-1604],[515,-759],[965,-1237],[715,-783],[333,-441],[583,-439],[466,-452],[633,-550],[583,-550],[549,-661],[699,-673],[533,-562],[1049,-1027],[936,-667],[1145,-690],[1156,-764],[1399,-670],[1089,-429],[1231,-398],[985,-340],[676,-175],[646,-89],[2541,685],[284,48],[2695,-215],[795,-37],[530,5],[833,100],[2040,903],[1032,376],[2395,1516],[1264,971],[3015,3104],[342,201],[526,188],[1175,377],[1014,239],[1074,285],[4224,728],[1788,277],[1998,-55],[2707,196],[679,-328],[890,-706],[546,-815],[1389,-1126],[244,17],[181,124],[358,429],[83,-29],[-672,-1057],[-97,-244],[68,-349],[127,-257],[165,-90],[-153,531],[36,259],[137,275],[594,858],[82,-45],[-113,-472],[816,-7],[898,-82],[2903,-441],[-60,-62],[-182,-63],[-387,-34],[-694,38],[-2781,473],[-262,-109],[-241,-185],[-300,-277],[-77,-244],[69,-379],[328,-103],[122,16],[343,171],[225,-59],[1273,-458],[106,-212],[-97,-244],[-259,-307],[42,-60],[103,-60],[245,-13],[541,462],[246,-73],[329,-148],[1068,-384],[184,-75],[104,-59],[330,-240],[499,-451],[683,-571],[2137,-875],[723,-464],[1306,-1127],[335,-423],[337,-574],[407,-985],[401,-695],[478,-421],[741,-373],[2056,-906],[1323,-944],[2182,-1103]],[[6131,54861],[1042,-319],[2270,-1294],[1213,-509],[1742,-762],[1400,-1318],[1608,-2908],[51,-1970],[-818,-747],[-511,-401],[-1867,-555],[-2025,1855],[-1389,834],[-795,693],[-84,91],[-227,95],[-570,276],[-983,433],[-699,537],[-1007,35],[-505,244],[-1445,-244],[-1150,-220],[-3461,-1420],[-2661,-1393],[-2832,-1552],[-2222,-1630],[-51,-188],[-402,-520],[-565,-298],[-528,-223],[-350,-316],[78,-199],[-177,-263],[-253,-192],[-497,-552],[-301,-617],[-349,-380],[-156,-338],[-364,-348],[-32,-398],[-200,-483],[-673,-308],[-519,-589],[-361,-586],[-1009,-846],[-794,-370],[-634,-131],[-379,-22],[-617,241],[-1232,265],[-1006,433],[-1081,187],[-541,614],[-210,732],[340,466],[8,513],[464,462],[584,205],[558,-105],[225,191],[396,83],[969,-124],[331,78],[75,-327],[243,-66],[260,-453],[453,-24],[179,15],[142,-157],[509,-46],[423,412],[145,85],[138,818],[297,273],[-146,266],[234,713],[274,380],[41,645],[-372,132],[-524,283],[38,172],[-438,142],[-149,216],[-26,205],[-378,400],[-98,329],[375,41],[502,-164],[278,-465],[321,-174],[370,111],[192,-130],[193,-179],[298,176],[184,467],[440,584],[483,175],[1756,1029],[316,579],[994,726],[791,453],[132,199],[174,90],[294,-45],[73,-38],[-69,274],[138,79],[146,331],[375,27],[857,322],[2099,1320],[179,19],[271,-122],[239,34],[97,80],[47,176],[170,143],[997,180],[168,105],[167,41],[173,-3],[91,198],[82,117],[270,158],[229,-30],[141,-121],[108,-12],[612,320],[605,238],[295,56],[189,72],[114,203],[209,40],[346,-26],[-69,162],[55,160],[181,78],[32,102],[-116,260],[25,123],[103,117],[1072,592],[395,-43],[482,-12],[358,-112],[155,-99],[130,41],[67,42],[-13,76],[-173,265],[-210,224],[56,246],[-213,132],[-109,265],[-13,344],[71,220],[388,591],[3,198]],[[2366,54825],[1338,43],[1447,-16],[980,9]],[[-23805,44350],[-888,-226],[-439,88],[59,118],[-229,147],[-215,217],[-147,1055],[182,962],[103,882],[247,1506],[-37,716],[161,241],[494,331],[211,160],[48,457],[286,558],[571,821],[603,464],[-3,415],[60,285],[212,144],[762,614],[1516,16],[856,-691],[191,-1013],[-142,-1253],[78,-776],[-327,-213],[-60,-263],[162,-405],[-363,-907],[-149,-1135],[-213,-483],[-34,-587],[-248,-278],[-1076,-80],[-894,-97],[-576,-1262],[-762,-528]]]}