{"type":"Topology","transform":{"scale":[1.0E-6,1.0E-6],"translate":[-70.21197099076996,41.288048804396446]},"objects":{"MA":{"geometries":[{"arcs":[[0,1,2,3,4],[5],[6],[7],[8],[9],[10],[11],[12],[13],[14],[15],[16],[17],[18]],"id":674,"type":"Polygon","properties":{"bound":{"minx":-70.3154769461702,"miny":41.25565370279486,"maxx":-70.1179346660186,"maxy":41.337074194687624}}}],"type":"GeometryCollection"}},"arcs":[[[89126,5879],[21,-320],[508,-105],[674,-3360],[644,-1008],[-305,-1142],[18,-224],[624,-484],[973,-975],[627,-925],[-139,-2038],[-386,-1074],[-1969,300],[-2311,693],[-1076,-127],[-4771,-273],[19,-1335],[-102,-452],[-292,-394],[-813,-731]],[[81070,-8095],[-464,-600],[-980,-120],[-352,-146],[-966,-847],[70,-977],[-82,-237],[-183,-218],[-235,-59],[-661,-577],[-102,-172],[92,-554],[-187,-127],[10,-123]],[[77030,-12852],[-202,-162],[-114,52],[-294,-184],[-261,-52],[-188,-412],[-430,-350],[-690,-791],[-15,-247],[-846,-987],[32,-223],[-140,-554],[-143,-97],[-490,-776],[-1141,-932],[-340,-485],[-721,-532],[-522,-805],[-93,-353],[-238,-285],[-502,-199],[-183,-446],[-228,-260],[-129,-19],[-13,-251],[-346,-577],[-372,-359],[-178,-64],[75,-318],[-195,-568],[-224,-417],[-400,-420],[-177,-509],[-141,-127],[-330,-104],[-262,73],[-21,81],[411,725],[269,218],[-19,378],[-139,-430],[-278,-193],[-364,-30],[-301,-137],[-138,-216],[-600,110],[-648,-108],[-147,87],[-17,-305],[-438,-51],[-115,-107],[-292,64],[-9,136],[-127,79],[-350,-130],[219,-452],[-30,-362],[-135,-184],[72,-129],[-354,-322],[-223,-75],[-669,-20],[-312,-146],[-315,102],[-101,176],[-142,37],[-437,-98],[-164,-165],[-224,262],[44,-113],[-256,200],[-671,56],[31,-71],[-295,-17],[-398,102],[-50,-141],[443,-686],[1,-361],[-138,-681],[-179,-235],[-91,-425],[-195,-340],[-447,-291],[-207,-357],[-479,-282],[-683,-199],[-517,-310],[-426,-422],[-244,6],[-264,-114],[334,21],[175,-60],[371,227],[-297,-288],[-204,-46],[-69,72],[-268,-68],[-169,107],[-282,-155],[256,63],[310,-55],[-85,-77],[-765,31],[65,50],[-262,117],[-38,104],[4,-217],[141,-47],[-780,7],[-1197,-218],[-958,35],[-442,119],[-1069,-120],[-1449,250],[-335,-99],[-96,-199],[-477,-302],[-404,-65],[-2287,250],[-749,1091],[-360,-146],[908,-1379],[2643,31],[404,-261],[457,124],[811,20]],[[49267,-32561],[-1838,-1516]],[[47429,-34077],[-6319,1939],[-2807,790],[-1034,623],[-5403,1924],[-2003,971],[-6501,2661],[-6279,2408],[-4254,1920],[-3082,1255],[-840,435],[-3822,1634],[-523,164],[-1539,218],[-1910,632],[-1359,836],[-3004,1335],[-2436,1360],[39,179],[-5587,2678],[-1753,225],[-3033,960],[-3216,2035],[-607,572],[-1820,594],[-880,480],[-303,343],[-1,229],[364,297],[2001,641],[213,-69],[333,-320],[92,-389],[243,-273],[273,-160],[1607,-229],[2894,-1100],[5186,-1460],[2957,-337],[2348,-670],[270,-157],[449,-478],[691,-251],[391,-283],[27,-370],[-1162,-324],[-947,-79],[-549,537],[-91,481],[-60,378],[288,89],[227,-30],[145,232],[181,11],[-63,77],[-202,-12],[-217,161],[-458,-118],[367,-86],[7,-130],[-380,22],[-1139,-619],[-440,32],[-328,-186],[-327,-313],[189,-438],[215,-212],[7362,-2455],[1611,-27],[697,-137],[1334,-526],[819,46],[1122,434],[273,275],[1273,504],[758,503],[1395,92],[576,206],[698,480],[394,137],[364,-91],[0,-320],[-516,-526],[-1537,-1030],[182,-33],[129,-214],[-26,-221],[-406,-163],[-121,-149],[61,-104],[465,-125],[149,42],[46,-80],[194,26],[58,-60],[-1,85],[96,27],[67,-56],[-71,-149],[107,-13],[-43,50],[100,92],[118,-226],[-206,-57],[-1377,155],[1443,-200],[-106,-141],[-860,25],[793,-78],[-759,-399],[-129,-14],[-79,192],[49,-196],[-299,-49],[-256,-189],[-177,6],[139,212],[-178,-224],[-255,-117],[-250,-43],[-288,228],[-576,-293],[-60,-53],[209,-86],[-126,-228],[459,-377],[234,146],[578,163],[-158,224],[304,124],[30,-183],[213,-183],[758,115],[2910,1624],[1671,439],[174,114],[174,365],[22,342],[-91,258],[382,-646],[146,97],[-69,91],[90,44],[32,182],[-103,212],[51,212],[82,17],[148,-121],[301,57],[529,299],[162,-8],[43,252],[463,226],[272,-16],[365,111],[-71,9],[218,193],[235,-144],[-196,181],[94,108],[-260,39],[375,102],[70,162],[272,168],[-45,54],[476,340],[24,90],[108,-14],[-41,46],[282,117],[198,229],[586,251],[210,-214],[-164,225],[524,275],[66,-178],[34,71],[149,-7],[-60,44],[103,46],[-16,-60],[172,16],[-122,51],[115,264],[197,88],[61,145],[344,104],[7,114],[139,-183],[-161,-245],[178,214],[132,5],[36,115],[288,-65],[115,123],[314,-44],[71,81],[168,-18],[52,144],[396,210],[126,26],[61,-111],[-46,128],[104,60],[-125,79],[25,-63],[-544,-280],[-55,-155],[-141,42],[-626,-129],[-373,115],[332,185],[-498,-146],[-303,-214],[4,113],[-163,95],[76,41],[-105,-8],[-335,367],[1388,793],[-288,-11],[-385,-192],[-499,-75],[-312,-363],[-403,-28],[76,-249],[-239,-149],[-139,-314],[141,-187],[-38,-238],[-390,-211],[-594,-106],[89,-38],[-65,-119],[-862,-599],[-183,227],[138,-252],[-212,-166],[-106,63],[26,-95],[-270,-238],[-166,9],[-288,200],[40,209],[-74,-12],[-49,136],[-56,-203],[-187,-21],[-115,81],[-446,-257],[-543,-610],[-156,-74],[-220,-402],[-773,52],[-426,-132],[-398,-7],[-255,-135],[-288,-411],[-75,39],[-378,-149],[-292,-360],[-331,-15],[159,196],[777,558],[312,595],[1806,1733],[301,115],[964,796],[1568,640],[1122,892],[1092,1213],[394,961],[91,595],[-152,1487],[-91,686],[-121,91],[-334,1076],[-91,45],[-303,824],[-1153,1715],[-1062,983],[-1547,618],[-1486,366],[-789,-23],[-1122,-458],[-30,-206],[182,-549],[-273,-297],[-2062,-847],[-2669,-869],[-637,-46],[-788,115],[-577,182],[-455,274],[-455,435],[-182,297],[-273,892],[30,824],[151,297],[334,321],[970,457],[8705,1511],[1244,321],[303,297],[30,549],[-242,206],[0,160],[333,92],[1911,206],[2396,549],[668,0],[1638,-366],[1668,-732],[2669,-434],[2033,-46],[1273,-389],[851,-92],[1820,69],[5581,434],[3064,-23],[9441,-301],[4904,-73],[2781,-135],[9141,-94],[5915,67],[8038,271],[2639,-162],[4938,109]],[[12096,3660],[-59,-82],[66,-110],[-151,-104],[-226,74],[115,100],[-59,73],[-1254,19],[-439,-151],[-389,57],[-164,-156],[-1176,-159],[-801,1],[-88,-56],[47,-179],[-174,-221],[-187,104],[-15,-124],[-1283,-275],[-262,-226],[-244,-30],[348,-400],[-129,-63],[-339,5],[-73,-318],[622,-397],[1045,-245],[1315,197],[348,136],[146,-43],[486,80],[216,67],[272,219],[247,-70],[-249,330],[32,217],[-120,-41],[-2,73],[225,-83],[-57,-172],[136,-203],[109,261],[888,242],[343,325],[-236,121],[-243,-237],[-170,3],[136,244],[226,107],[55,-95],[283,-64],[522,440],[18,121],[106,-14],[59,84],[-71,54],[73,97],[-96,8],[-311,-122],[-122,74],[-213,-65],[-325,23],[109,50],[48,325],[-8,-310],[126,-19],[303,62],[89,369],[-60,-375],[89,-25],[215,91],[209,-16],[77,93],[525,-82],[678,298],[-401,191],[-756,-103]],[[-62041,19962],[306,-45],[516,366],[1213,252],[759,434],[1396,983],[3319,1107],[2120,195],[909,177],[698,-37],[1313,-332],[1247,-495],[4233,-1102],[9220,-3219],[722,-372],[1770,-1184],[1379,-1252],[687,-856],[649,-1803],[-294,-536],[-474,-111],[-242,138],[-58,576],[-543,461],[2,438],[-632,1243],[-1115,1291],[-3292,2009],[-393,1],[63,-295],[-120,-182],[-313,-67],[-896,98],[27,-74],[878,-465],[618,-737],[518,-1732],[-19,-1472],[287,-86],[844,115],[1055,15],[939,187],[226,-187],[-445,105],[-280,-236],[-904,-134],[-780,176],[-133,-120],[-221,-53],[-155,72],[-488,-50],[-244,300],[-124,0],[205,261],[-76,44],[145,41],[-47,114],[-134,-47],[-35,77],[166,12],[48,141],[11,911],[-231,-246],[-73,173],[-125,12],[-265,-245],[284,-692],[-233,-711],[-126,-132],[109,-10],[186,133],[375,-224],[454,-119],[276,8],[584,162],[457,-101],[1351,-20],[291,46],[173,167],[68,-58],[-328,-291],[-422,-116],[-173,-390],[20,-274],[191,-101],[879,7],[366,208],[487,48],[397,-271],[1123,-456],[1081,-1297],[598,-947],[571,-671],[58,-301],[-162,-1549],[239,-438],[-277,-487],[-1497,-700],[-2960,-435],[-2594,-159],[-915,-7],[-3495,433],[-1183,-45],[-2336,-365],[-1031,1],[-2153,298],[-1123,-22],[-424,92],[-698,503],[-394,115],[-637,-69],[-182,-160],[515,-480],[1365,-687],[546,-161],[1061,-503],[879,-573],[1122,-526],[272,-275],[121,-275],[30,-1235],[-212,69],[-1183,915],[-1697,1145],[-2304,1122],[-2153,1213],[-3032,1923],[-1485,1076],[-607,549],[-2394,2678],[-2759,3753],[-545,