{"type":"Topology","transform":{"scale":[1.0E-6,1.0E-6],"translate":[-70.28049416804745,41.64010373380279]},"objects":{"MA":{"geometries":[{"arcs":[[9,10,11,-6,12],[13]],"id":210,"type":"Polygon","properties":{"bound":{"minx":-70.32236134781006,"miny":41.62458616943714,"maxx":-70.27201441336982,"maxy":41.651396699599836}}},{"arcs":[[14,15,-4,16],[17,18]],"id":214,"type":"Polygon","properties":{"bound":{"minx":-70.22376473611241,"miny":41.63697137533441,"maxx":-70.18263373133026,"maxy":41.672537294947716}}},{"arcs":[[19,20,-8,21,-9,22],[23]],"id":217,"type":"Polygon","properties":{"bound":{"minx":-70.27497849410308,"miny":41.60955050625624,"maxx":-70.21956245086963,"maxy":41.66404042344564}}},{"arcs":[[-5,-3,24,25,-2,-1,-7,26]],"id":276,"type":"Polygon","properties":{"bound":{"minx":-70.37602331647957,"miny":41.624771377779,"maxx":-70.30979630078328,"maxy":41.65800307324378}}}],"type":"GeometryCollection"}},"arcs":[[[-59487,17268],[-10043,-466]],[[-69530,16802],[-1825,-141],[-2378,-417],[-12186,-3360],[-2217,-457],[-2105,-231],[-1605,-54],[-3197,146]],[[-40152,-8830],[1318,338],[32,662],[-173,828],[-1154,-131],[-552,492],[-947,4074],[212,167],[597,56],[-255,1316],[9012,835],[1658,-257],[755,-341],[-845,1833],[-275,882],[-300,1549],[-70,1467],[-532,685],[-440,1062],[-736,783],[-252,1099],[-911,1385],[20,321],[185,268]],[[68582,25634],[2385,-2808],[701,-686],[-620,34],[-439,-77],[-505,-1235],[-7,-681],[-1039,-530],[-2954,-2029],[-3646,-1577],[-1039,-1052],[33,-685],[263,-727],[-937,-848],[-693,-226],[-762,-531],[-355,-685],[-185,-97],[-219,19],[-156,-631],[-343,-476],[-58,-540],[-207,-120],[-823,-161],[188,-274]],[[-33805,10543],[-1068,463]],[[-15734,7692],[-627,-259],[-429,-29],[-1433,216],[-1198,66],[-2323,-227],[-830,70],[-5801,925],[-1406,291],[-1912,568],[-507,263],[-795,592],[-810,375]],[[-34873,11006],[-6992,2652],[-6330,3058],[-959,348],[-1057,273],[105,202],[-474,37],[-120,545],[-1600,-436],[-716,-107],[-6471,-310]],[[6708,8665],[-416,-585],[-41,-225]],[[10369,20196],[-1981,-6129],[-649,-1688],[-877,-2879]],[[-1834,7924],[-875,-1570],[364,-119],[303,0],[206,81],[329,346],[323,187],[1532,264],[12,160],[1371,413],[1304,764],[423,-629],[336,82],[92,-268],[9,-197],[-781,-1002],[-124,-490],[128,-485],[333,-448],[1275,-644],[444,-91],[449,-20],[1343,190]],[[6962,4448],[-228,-614],[22,-406],[-147,-154],[-2144,-60],[-337,-109],[-637,-373],[-644,-527],[-425,44],[-336,450],[-263,203],[-220,0],[-410,-362],[505,88],[124,-61],[44,-175],[183,-66],[59,-182],[1324,-247],[-278,-263],[-323,-835],[-88,-1942],[950,-2647],[599,-873],[505,-313],[1346,-434],[1076,-456],[900,-236],[-74,-209],[96,-38],[-1304,-2339],[-132,50],[359,604],[-424,411],[-1756,1077],[-1251,665],[-1719,642],[-915,226],[-2202,225],[-51,-285],[-1076,138],[-717,0],[-966,230],[-571,-115],[-1068,220],[-593,28],[-1324,-115],[-271,-708],[-366,-55],[29,373],[-176,137],[-826,143],[-996,22],[-1149,-137],[-834,-186],[-205,-77],[51,-154],[-527,55],[-483,-88],[-3600,-1114],[-1713,-785],[-688,-532],[-578,-785],[1324,148],[8,-93],[-1398,-159],[-117,-516],[161,-857],[-52,-571],[4353,-4030],[3838,-1099],[-44,-77],[-3150,841],[-695,264],[-4485,4134],[-4449,-812],[-343,33],[-652,-104],[-227,-165],[-987,-99],[-374,-159],[-783,-66],[-578,-230],[-2246,-352],[-856,-236],[-681,-340],[-153,-214],[-461,-127],[-1668,-834],[-1237,-330],[-278,-27],[15,165],[-1961,664],[-1208,2201],[-593,725],[-1778,1839],[-59,214],[168,148],[198,-11],[366,-181],[388,-450],[505,-357],[351,-93],[681,5],[300,-175],[922,-824],[36,-104],[-219,-494],[51,-72],[534,-290],[308,-275],[197,60],[51,231],[308,296],[43,149],[-109,104],[-659,252],[-402,462],[-103,263],[1068,-16],[315,82],[1808,840],[775,39],[593,208],[1390,-417],[271,-681],[-322,-175],[-59,-121],[213,66],[344,-66],[629,-972],[263,-231],[461,-120],[644,16],[454,143],[241,0],[37,66],[-132,60],[-717,-60],[-439,176],[-739,774],[-344,631],[22,379],[834,571],[-292,609],[468,1054],[-183,-44],[-168,-318],[-352,-319],[-285,-823],[-293,-357],[-607,324],[-1090,154],[-527,466],[80,225],[-329,94],[-154,192],[-124,401],[95,263],[490,280],[132,225],[220,110],[483,-55],[475,198],[-51,313],[-307,302],[-513,137],[-124,148],[-344,143],[-29,159],[344,198],[-103,153],[-468,-43],[-439,-506],[-578,-219],[-586,-330],[37,-131],[205,-154],[402,-22],[300,-220],[373,-22],[-175,-225],[-22,-346],[-285,-329],[-483,-71],[-637,-324],[-373,-99],[-351,-6],[-505,236],[-154,6],[-161,-77],[-95,-313],[-293,-296],[22,-407],[-146,-131],[-403,82],[-278,-27],[-1178,-423],[-603,346]],[[-40152,-8830],[1318,338],[32,662],[-173,828],[-1154,-131],[-552,492],[-947,4074],[212,167],[597,56],[-255,1316],[9012,835],[1658,-257],[755,-341],[-845,1833],[-275,882],[-300,1549],[-70,1467],[-532,685],[-440,1062],[-736,783],[-252,1099],[-911,1385],[20,321],[185,268]],[[-15734,7692],[-80,-277],[293,-141],[497,-40],[1948,665],[3128,-38],[6110,2728],[3368,800],[75,-109],[-187,-96],[-108,-204],[-145,-846],[-999,-2210]],[[-34031,-8117],[102,-329],[278,-379],[-51,-104],[-432,99],[-432,-17],[-1917,-1081],[-505,-88],[-936,192],[-447,236],[147,132],[285,93],[666,55],[476,346],[373,165],[483,538],[497,-6],[271,72],[864,428],[190,-88],[88,-264]],[[90558,32378],[395,-848],[378,536],[1245,-1874],[1838,-1644],[904,-1135],[101,-276],[-20,-484],[2278,-659]],[[97677,25994],[49,-79],[-234,-439],[-132,-38],[-439,-703],[-154,-780],[-263,-406],[-1018,-747],[-527,-77],[-579,-258],[-358,-11],[-813,-389],[-754,-917],[-417,-346],[-37,-49],[110,-28],[-242,-395],[-175,44],[-161,-286],[219,-104],[-293,-324],[-290,244],[-134,-74],[381,-351],[-410,-857],[-315,-175],[-842,-242],[-549,-544],[-1032,-768],[-1325,-763],[-1215,-506],[-205,-505],[-1025,-516],[-520,-477],[-431,-1357],[-322,-779],[-168,-203],[-205,-714],[-352,-324],[-300,-489],[-446,-1262],[117,-989],[842,-752],[-183,-560],[-7,-527],[73,-170],[491,-483],[-7,-258],[-213,0],[8,-110],[241,-16],[-21,-1208],[-125,143],[-476,-22],[-636,-165],[-2994,-259],[-468,-98],[14,-149],[-212,17],[-981,-198],[8,-110],[-666,71],[-388,-55],[-154,-65],[0,-72],[-381,55],[-344,-49],[-651,-132],[-22,-127],[-827,-104],[-380,-209],[-410,-16],[-695,-396],[-491,-110],[-826,-428],[-462,-99],[-351,-214],[-468,-121],[-454,-330],[-1353,-483],[-505,-361],[-630,-154],[-1544,-852],[-1675,-769],[-2546,-978],[-637,-77],[-666,-176],[-271,88],[-249,302],[461,412],[205,308],[95,494],[285,488],[22,434],[1134,77],[-15,176],[-900,-28],[197,598],[1135,159],[0,154],[-1098,-28],[-359,423],[241,219],[1347,138],[-22,192],[-1083,-126],[-139,66],[-15,285],[102,225],[974,226],[-52,170],[-702,-110],[-198,60],[-66,637],[-249,587],[-60,1373],[-175,357],[-828,702],[-432,582],[-205,433],[-667,385],[-15,444],[988,292],[-307,587],[-1113,-313],[-124,516],[-290,212],[-86,-20]],[[68582,25634],[532,94],[1550,62],[924,163],[1013,-12],[1099,232],[1269,-54],[77,-133],[525,59],[330,-98],[388,252],[541,6],[15,390],[176,5],[461,-258],[476,-121],[403,6],[183,88],[424,499],[630,423],[87,747],[345,236],[373,631],[659,-43],[542,-143],[0,-231],[-183,-148],[-96,-274],[367,-187],[578,-66],[556,231],[374,911],[842,242],[483,532],[937,-186],[513,-11],[805,82],[425,149],[403,389],[299,451],[491,280],[315,483],[242,115],[512,22],[190,598],[205,291],[403,183],[293,-143]],[[85083,8117],[2717,65]],[[87800,8182],[-1010,-390],[-1500,-445],[-542,-922],[-14,-1861],[-132,-11],[14,1872],[644,1087],[-102,126],[-417,66],[342,413]],[[30633,19690],[952,-7],[1165,133],[3398,847],[1593,-4023],[345,-1304],[256,-1665],[63,-3148],[7650,-380],[1569,-133],[2328,-292],[3809,-766],[883,-120],[1011,-17],[1436,180]],[[57091,8995],[-34,-133],[235,-137],[-59,-176],[96,-197],[227,-291],[358,-198],[1,-516],[556,-461],[44,-378],[308,-412],[-139,-247],[66,-357],[213,-110],[322,-16],[66,-253],[563,-65],[227,-357],[-7,-99],[-402,-181],[-315,-264],[732,-291],[-300,-137],[527,-746],[-131,-242],[256,-307],[-183,-187],[74,-324],[-425,-148],[-44,-94],[147,-461],[-234,-368],[227,-373],[22,-285],[-87,-384],[-249,-159],[80,-181],[-131,-209],[73,-357],[-117,-49],[-315,219],[-439,61],[-380,-83],[-439,-242],[-505,-16],[-418,93],[-659,