{"type":"Topology","transform":{"scale":[1.0E-6,1.0E-6],"translate":[-73.07116961658579,42.13511685550896]},"objects":{"MA":{"geometries":[{"arcs":[[11,12,13,14,-9,15]],"id":171,"type":"Polygon","properties":{"bound":{"minx":-73.18358908178963,"miny":42.03801727804056,"maxx":-73.00824156365793,"maxy":42.254147043333774}}},{"arcs":[[-6,16,-11,17,18,19]],"id":173,"type":"Polygon","properties":{"bound":{"minx":-73.30250765963474,"miny":42.04136253967796,"maxx":-73.17566316701479,"maxy":42.174042696861946}}},{"arcs":[[-5,-4,-2,-3,-8,20]],"id":194,"type":"Polygon","properties":{"bound":{"minx":-73.2895280931508,"miny":42.147189528568155,"maxx":-73.16087800036011,"maxy":42.286598000098095}}},{"arcs":[[-1,21,22,23,24,25,-7,-10,26,27]],"id":865,"type":"Polygon","properties":{"bound":{"minx":-73.0733455786336,"miny":42.03368115471894,"maxx":-72.7839979481016,"maxy":42.34588989966005}}}],"type":"GeometryCollection"}},"arcs":[[[257753,109890],[-44225,-4516],[-6667,-8400],[-4110,-8343],[-3762,-7309],[-40122,22694],[31700,26249],[-4606,67230]],[[-172766,122008],[-13278,-15954],[-1588,-2059],[-12373,-15185],[-4359,-5226],[-14536,-17820],[-476,-12577],[-31,-3937],[288,-3242],[1147,-8797]],[[-89708,151481],[-14281,-1781],[-8170,-927],[-27315,-3450],[-15504,-1862],[-17788,-21453]],[[-217972,37211],[786,-461],[3426,-1489],[630,-402],[598,-208],[931,-231],[1806,-209],[22,-130],[137,-57],[621,2],[102,-100],[512,-72],[613,-396],[1077,192],[229,-170],[810,-54],[447,-167],[-32,-114],[369,8],[207,-100],[508,63],[231,-125],[-3,-215],[155,-137],[900,-686],[265,-313],[642,-423],[1674,-544],[115,-98],[24287,2884],[22611,-20389],[38165,5378]],[[-115131,18448],[-412,2200],[20496,1540],[-607,5609],[504,1320],[4300,14326],[-77,18468],[51,6523],[193,2171],[391,40983],[-112,840]],[[-101048,-91775],[-1827,15417],[-4135,32442],[-800,5619],[-7321,56745]],[[63176,103292],[126,-1],[-27053,-94756],[-36278,4562],[533,-886],[319,-1073],[225,-206],[-87,-220],[32,-405],[-126,-192],[-12,-360],[-1217,-808],[-417,-389],[2,-586],[391,-700],[310,-964],[391,-592],[197,-517],[534,-657],[885,-740],[288,-347],[75,-262],[-95,-809],[304,-586],[157,-850],[-55,-494],[-846,-570],[-413,-1497],[64,-1122],[260,-1059],[742,-980],[438,-742],[566,-1657],[671,-1052],[296,-1013],[59,-722],[455,-831],[1054,-671],[959,-809],[708,-1102],[1562,-1494],[634,-767],[221,-324],[74,-582],[-140,-529],[-620,-881],[-582,-625],[-951,-691],[-1010,-501],[-1755,-713],[-1289,-379],[-1858,-378],[-2108,-1122],[-1163,-917],[-288,-396],[-170,-844],[148,-246],[752,-589],[228,-314],[104,-808],[-104,-480],[-309,-495],[-818,-724],[-627,-278],[-515,-122],[-709,-398],[-235,-509],[7,-734],[177,-179],[-22,-346],[751,-2511],[1085,-7682],[10218,-21356],[984,-2389],[550,-177],[1086,-1506],[526,-453],[1037,-656],[256,-259],[174,-397],[-89,-665],[-309,-436],[-722,-609],[-973,-335],[-633,-872],[-243,-1063],[-236,-307],[162,-709],[413,-647],[793,-561],[893,-462],[811,-167],[1205,-870],[1008,-236],[986,-446],[494,-71],[400,-441],[423,-161],[130,-353],[52,-884],[147,-317],[118,-687],[15,-694],[-941,-2087],[-59,-1245],[-187,-638],[-279,-772],[-864,-768],[-684,-802],[-367,-670],[38,-640],[130,-439],[1021,-1287],[668,-679],[-16,-1481],[126,-775],[307,-743],[1258,-2112]],[[-90404,112428],[-79,2584],[321,10062],[454,26407]],[[63176,103292],[-28379,-2265],[-461,4039],[-54164,-6021],[-1666,11337],[-28087,-2321],[211,971],[-378,371],[-221,373],[-383,1200],[-499,490],[-902,1437],[-330,996],[9,108],[846,635],[1080,676],[198,276],[118,835],[-299,1060],[-20854,-2519],[-19419,-2542]],[[71102,177576],[-310,-342],[-1469,-61261],[-2414,250],[-1400,-4388],[-2333,-8543]],[[-225919,24093],[203,-789],[952,-6810],[2512,-16059],[2204,-14867],[-13143,-14024],[4956,-36411],[1198,-9468],[1942,-13743]],[[63176,103292],[126,-1],[-27053,-94756],[-36278,4562],[533,-886],[319,-1073],[225,-206],[-87,-220],[32,-405],[-126,-192],[-12,-360],[-1217,-808],[-417,-389],[2,-586],[391,-700],[310,-964],[391,-592],[197,-517],[534,-657],[885,-740],[288,-347],[75,-262],[-95,-809],[304,-586],[157,-850],[-55,-494],[-846,-570],[-413,-1497],[64,-1122],[260,-1059],[742,-980],[438,-742],[566,-1657],[671,-1052],[296,-1013],[59,-722],[455,-831],[1054,-671],[959,-809],[708,-1102],[1562,-1494],[634,-767],[221,-324],[74,-582],[-140,-529],[-620,-881],[-582,-625],[-951,-691],[-1010,-501],[-1755,-713],[-1289,-379],[-1858,-378],[-2108,-1122],[-1163,-917],[-288,-396],[-170,-844],[148,-246],[752,-589],[228,-314],[104,-808],[-104,-480],[-309,-495],[-818,-724],[-627,-278],[-515,-122],[-709,-398],[-235,-509],[7,-734],[177,-179],[-22,-346],[751,-2511],[1085,-7682],[10218,-21356],[984,-2389],[550,-177],[1086,-1506],[526,-453],[1037,-656],[256,-259],[174,-397],[-89,-665],[-309,-436],[-722,-609],[-973,-335],[-633,-872],[-243,-1063],[-236,-307],[162,-709],[413,-647],[793,-561],[893,-462],[811,-167],[1205,-870],[1008,-236],[986,-446],[494,-71],[400,-441],[423,-161],[130,-353],[52,-884],[147,-317],[118,-687],[15,-694],[-941,-2087],[-59,-1245],[-187,-638],[-279,-772],[-864,-768],[-684,-802],[-367,-670],[38,-640],[130,-439],[1021,-1287],[668,-679],[-16,-1481],[126,-775],[307,-743],[1258,-2112]],[[17915,-95255],[-14409,286],[-8780,391],[-10611,342],[-61118,1817],[-10467,214],[-13578,430]],[[-101048,-91775],[-1827,15417],[-4135,32442],[-800,5619],[-7321,56745]],[[-115131,18448],[-412,2200],[20496,1540],[-607,5609],[504,1320],[4300,14326],[-77,18468],[51,6523],[193,2171],[391,40983],[-112,840]],[[63176,103292],[0,0]],[[-101048,-91775],[-20857,613],[-36723,923],[-3146,198],[-4509,69],[-18007,651],[-33040,937],[-4886,58],[-2879,248]],[[-225919,24093],[9822,-82],[-1875,13200]],[[-217972,37211],[786,-461],[3426,-1489],[630,-402],[598,-208],[931,-231],[1806,-209],[22,-130],[137,-57],[621,2],[102,-100],[512,-72],[613,-396],[1077,192],[229,-170],[810,-54],[447,-167],[-32,-114],[369,8],[207,-100],[508,63],[231,-125],[-3,-215],[155,-137],[900,-686],[265,-313],[642,-423],[1674,-544],[115,-98],[24287,2884],[22611,-20389],[38165,5378]],[[-115131,18448],[0,0]],[[-90404,112428],[0,0]],[[257753,109890],[957,-10031],[19045,1878],[1427,-19552],[9876,-31],[1072,-17522]],[[290130,64632],[-4723,725],[-12130,-34613],[-4614,-2975],[-5008,-5546],[-5361,-1492],[-281,-328]],[[258013,20403],[-625,-646],[-1250,-1562],[-13875,-16300],[-449,442],[-692,475],[-707,217],[-629,85],[-1967,-194],[-1106,-241],[-1697,-623],[-307,-366],[-46,-274],[607,-1445],[-10,-311],[-208,-438],[-487,-393],[-1072,-411],[-914,-5],[-625,-153],[-545,-363],[-582,-590],[-489,-227],[-964,-24],[-1633,161],[-375,-66],[-264,-292],[-144,-775],[89,-1419],[510,-1367],[714,-1090],[100,-455],[-215,-437],[-389,-268],[-509,-106],[-1188,162],[-1112,275],[-807,-82],[-741,-342],[-1330,-918],[-702,-88],[-819,17],[-319,-89],[-363,-334],[-128,-1150],[-222,-476],[-226,-126],[-2029,-7901],[14557,-3313],[437,-1729],[-3492,-5095],[5183,-2651]],[[233957,-32898],[3777,-7669],[1250,-10307],[-2138,-5440],[15,-178],[-1505,-4003],[-3040,-5072],[2160,-6576],[2720,-4095],[-662,-13492],[-256,-8674]],[[236278,-98404],[-12251,182],[-14707,800],[-12921,-42],[-65283,529],[-3459,470],[-809,53],[-21961,-324],[-33267,273],[-20671,416],[-9843,128],[-21974,525],[-1217,139]],[[71102,177576],[522,572],[1094,748],[44638,29855],[58176,-3059],[877,-9335],[9552,1138]],[[185961,197495],[0,0]]]}