{"type":"Topology","transform":{"scale":[1.0E-6,1.0E-6],"translate":[-70.07548752364242,42.01330684120202]},"objects":{"MA":{"geometries":[{"arcs":[[0,1,2,3,4]],"id":215,"type":"Polygon","properties":{"bound":{"minx":-70.1565148769187,"miny":41.958777724297065,"maxx":-69.99417194102621,"maxy":42.07487801067959}}}],"type":"GeometryCollection"}},"arcs":[[[78758,-46512],[-31341,-2797],[-10730,-1129],[-38668,-5047]],[[-1981,-55485],[-113,678],[-1,1203],[419,1526],[301,3212],[-45,1438],[103,543],[-268,11491],[-435,3480],[72,3750],[-229,1603],[-920,2355],[-950,1460],[-59,752],[1155,132],[310,-461],[316,-181],[692,-154],[611,154],[596,533],[2317,-324],[213,-121],[88,-131],[-147,-110],[-331,159],[-331,-66],[-338,-362],[-140,-368],[257,-28],[464,275],[280,55],[198,-132],[74,-549],[552,-131],[390,5],[206,-176],[-154,-477],[-236,-253],[-684,-269],[-103,-126],[7,-456],[-375,-450],[148,-225],[412,-115],[-302,-412],[405,60],[73,247],[258,209],[-788,247],[427,307],[110,500],[707,412],[125,148],[279,802],[110,27],[471,-159],[221,-154],[250,-477],[126,461],[22,648],[-67,77],[-809,137],[-361,153],[-316,264],[14,785],[-316,681],[95,88],[913,203],[522,-105],[486,330],[832,60],[257,165],[508,126],[1906,1252],[493,176],[-67,77],[-427,-6],[288,242],[331,708],[272,368],[1354,198],[861,307],[411,39],[-192,166],[153,113],[-1204,-87],[-1152,-403],[-732,-372],[-382,-708],[-346,-340],[-574,-330],[-3885,-1427],[-523,-105],[-942,868],[-501,312],[-419,379],[-560,741],[-625,522],[-1361,1432],[66,-346],[-66,-197],[155,-170],[721,-357],[-243,-176],[125,-433],[-139,-187],[-310,71],[-338,857],[-494,620],[-633,1564],[-162,275],[-184,60],[-257,-1306],[236,-1109],[125,-2026],[206,-308],[427,-296],[589,-93],[795,22],[22,-82],[-383,-248],[-890,6],[-603,-105],[-214,-87],[-353,-341],[-279,-104],[-74,-291],[-758,-88],[537,324],[22,1230],[-848,4578],[-580,2589],[-1591,4738],[-671,2657],[-656,1635],[-73,571],[-325,698],[-177,900],[-243,368],[-508,1827],[-722,1866],[-413,631],[-147,533],[-251,373],[-729,1718],[-266,390],[-390,1010],[-1046,1965],[-280,736],[-959,1647],[-449,598],[-251,554],[-3146,4441],[-3242,3595],[-1179,1086],[-663,500],[-228,291],[-3132,2804],[-4369,3528],[-2498,1833],[-2410,1465],[-2314,1311],[-1466,735],[-634,416],[-4252,2068],[-2159,938],[-2129,1086],[-5850,2227],[-2547,896],[-1098,473],[-4117,1297],[-390,429],[-1001,478],[-655,714],[-383,247],[-1672,665],[-1451,335],[-1244,830],[-1407,489],[-1127,301]],[[-71922,48345],[51,2219],[814,1367],[-4835,7384],[-2638,4247]],[[-78530,63562],[523,-161],[1046,-165],[1960,-220],[3654,-913],[2026,-127],[2910,-939],[3382,-918],[1297,-265],[2902,-1049],[2504,-660],[2439,-496],[3197,-792],[3762,-632],[524,-335],[339,-115],[3773,-1003],[1651,-361],[1886,-746],[1651,-466],[2049,-982],[2241,-899],[6219,-1809],[1209,-669],[1657,-620],[1194,-148],[472,-505],[1525,-724],[2049,-642],[1996,-872],[708,-406],[3352,-1295],[803,-472],[2314,-894],[619,-417],[1186,-313],[1878,-1015],[1481,-599],[1820,-1064],[3056,-1965],[1606,-917],[619,-258],[1400,-818],[942,-400],[1370,-730],[1820,-1280],[2151,-1224],[2062,-1372],[744,-362],[449,-396],[656,-346],[2651,-1965],[2231,-2097],[714,-461],[3064,-2350],[699,-440],[3210,-3074],[950,-802],[751,-401],[707,-571],[964,-1087],[714,-626],[140,-247],[2525,-2136],[1244,-1252],[522,-642],[3467,-3542],[2230,-2125],[1575,-1812],[2251,-2724],[714,-1114],[1317,-1191],[949,-1142],[470,-703],[971,-994],[1545,-2120],[559,-1098],[471,-687],[3346,-4025],[431,-738],[979,-939],[845,-972],[846,-1559],[603,-824],[14,-368],[177,-280],[617,-675],[1052,-1456],[544,-532],[132,-527],[515,-522],[242,-483],[1633,-1643],[1962,-3772],[2469,-3701],[1852,-2472],[706,-1213],[2182,-2856],[133,77],[0,313],[140,-55],[330,-956],[1249,-2208],[551,-708],[3060,-4801]],[[78758,-46512],[0,0]]]}