{"type":"Topology","transform":{"scale":[1.0E-6,1.0E-6],"translate":[-70.56790896987124,41.439836244818245]},"objects":{"MA":{"geometries":[{"arcs":[[1,-1,2,3,4],[5],[6,7,8],[9,10],[11],[12]],"id":1128,"type":"Polygon","properties":{"bound":{"minx":-70.62173427988718,"miny":41.413721479552535,"maxx":-70.5471095651934,"maxy":41.47104221781113},"Geoid10":"25007200200"}}],"type":"GeometryCollection"}},"arcs":[[[-32470,-10072],[55,-136],[-1383,-1457],[-885,-163],[-592,-215],[-31,-1234],[-3021,3114],[-602,588],[-191,239],[-3786,3891],[-2911,2941],[-1744,2076],[-1020,962],[-2448,2411],[-501,545],[-1865,1836],[307,-1660],[1042,-5275],[841,-4404],[279,-1622],[202,-771],[305,-1048],[0,-396],[908,-4795],[222,-932],[2080,-10589]],[[-4435,-25233],[-165,-44],[-57,34],[-1121,-822],[-4072,-17],[-371,23],[-244,-20],[-982,2],[-610,-14],[-13454,-7],[-757,-35],[-1082,33],[-797,-39],[-6313,-22],[-6371,38],[-6378,-43]],[[-32470,-10072],[317,-172],[182,-33],[102,11],[88,49],[36,127],[-66,329],[30,159],[109,154],[109,38],[102,66],[22,66],[-36,214],[-44,77],[-73,66],[-562,389],[-95,88],[-95,138],[29,120],[408,555],[306,576],[8,44],[124,77],[87,33],[73,116],[80,274],[-15,253],[183,269],[109,98],[328,577],[95,126],[379,154],[117,88],[189,258],[55,111],[3,65],[44,27],[22,44],[585,327],[851,689],[482,434],[561,730],[211,385],[44,148],[0,137],[-7,94],[-30,71],[-22,346],[44,115],[66,66],[51,38],[1181,533],[247,159],[293,154],[926,757],[284,264],[307,241],[299,357],[138,544],[-59,208],[-153,297],[88,44],[116,22],[708,-49],[153,27],[124,-11],[226,66],[314,143],[802,505],[183,225],[58,132],[36,236],[-36,159],[-22,352],[29,181],[58,99],[95,93],[839,417],[591,330],[94,132],[307,576],[379,632],[248,302],[1167,1109],[175,252],[65,258],[-22,121],[37,44],[-44,176],[14,38],[-109,275],[-329,532],[-80,220],[-7,164],[138,209],[365,154],[146,11],[365,77],[117,60],[218,61],[139,82],[190,71],[284,202],[343,194],[160,241],[139,105],[460,510],[299,247],[277,302],[175,379],[160,423],[146,488],[73,423],[94,835],[0,554],[51,269],[-22,192],[-36,94],[21,417],[-87,461],[-81,66],[-116,142],[-212,154],[-80,77],[-314,198],[-110,93],[-540,379],[-347,211],[-346,178],[-526,132],[-87,38],[-197,11],[-249,71],[-547,17],[-263,-11],[-299,-66],[-131,-88],[-452,-247],[-139,-148],[-358,-39],[-233,121],[-263,175],[-272,76]],[[-19111,19056],[-265,228],[-111,-9],[-251,63],[-384,196]],[[-20122,19534],[-24,198],[-29,121],[-36,44],[-37,225],[29,66],[88,49],[138,28],[365,-44],[635,-154],[292,-33],[533,-115],[613,-22],[416,77],[898,336],[554,351],[277,231],[226,164],[153,149],[168,98],[139,132],[795,813],[190,241],[65,204],[52,54],[7,55],[73,116],[58,38],[153,17],[205,104],[182,71],[219,187],[255,165],[161,148],[153,93],[124,176],[204,236],[307,319],[766,659],[1109,1048],[861,659],[321,165],[168,104],[168,77],[175,154],[22,104],[-22,77],[138,82],[73,17],[416,252],[95,99],[0,44],[37,66],[87,22],[132,61],[175,32],[51,28],[138,137],[59,88],[-44,137],[36,39],[212,49],[168,61],[87,54],[117,77],[15,33],[-8,72],[-21,27],[73,49],[452,132],[109,187],[59,55],[263,-17],[102,33],[109,88],[154,83],[21,66],[36,20],[50,22],[53,-10],[95,17],[80,-6],[219,83],[-22,126],[292,82],[22,-16],[117,33],[102,0],[110,49],[189,127],[59,109],[219,83],[80,5],[124,88],[-29,0],[168,181],[408,363],[548,285],[138,55],[139,22],[533,-5],[628,-88],[429,-88],[80,-33],[110,-5],[219,27],[175,-22],[321,-104],[132,-60],[80,-17],[95,0],[139,39],[131,0],[160,-33],[168,-94],[468,-175],[313,-88],[329,-121],[358,-99],[386,-219],[445,-313],[1599,-1592],[701,-922],[1051,-1521],[1065,-2317],[-65,-148],[985,-1795],[117,-187],[124,-120],[292,-165],[372,-121],[-1438,-488],[-124,16],[-44,71],[-65,357],[-73,127],[-183,230],[103,165],[7,66],[-66,137],[-44,49],[-51,138],[-160,142],[-175,105],[-117,22],[-146,82],[-183,60],[-51,66],[-168,50],[-649,-1159],[51,-137],[0,-132],[-29,-186],[-394,-462],[-95,-236],[-58,-296],[-81,-225],[-95,-159],[-342,-835],[-37,-197],[102,-253],[584,-346],[263,-110],[14,-38],[139,-38],[175,-22],[51,-22],[1686,104],[117,33],[146,71],[58,6],[66,55],[73,214],[0,219],[29,127],[-7,137],[21,247],[-14,37],[36,144],[168,373],[15,105],[102,148],[66,44],[116,22],[37,27],[95,291],[270,170],[51,121],[-22,105],[562,192],[-29,-319],[43,-165],[161,-285],[1131,-1521],[963,242],[-14,60],[95,50],[408,0],[22,-55],[66,22],[197,247],[-95,11],[270,241],[66,-44],[-168,-192],[58,-27],[-204,-390],[-569,-170],[-117,154],[-956,-269],[124,-280],[66,-236],[95,-215],[51,-175],[36,-242],[431,-752],[138,-186],[-14,-66],[51,-61],[95,-241],[693,-681],[-270,-77],[-51,-66],[700,-1449],[343,-395],[-197,-39],[124,-499],[-7,-110],[65,-258],[73,-121],[183,-192],[328,-225],[-336,-50],[423,-1948],[30,-275],[-37,-274],[-87,-286],[-219,-362],[-161,-121],[-95,-143],[-102,-88],[-379,-537],[-30,-127],[15,-197],[146,-291],[350,-434],[7,-88],[-313,-214],[-103,-132],[-14,-66],[124,-1010],[226,-894],[467,-1466],[14,-407],[66,-488],[58,-143],[0,-121],[153,-730],[0,-527],[-1415,374],[80,285],[168,269],[15,77],[29,27],[7,99],[-44,192],[73,203],[44,72],[-7,77],[-73,44],[-66,120],[0,143],[44,49],[109,72],[321,132],[22,43],[81,50],[-51,379],[-227,77],[-73,38],[-29,44],[-7,44],[22,22],[0,44],[58,137],[-58,93],[-182,445],[-227,906],[15,120],[-124,253],[22,66],[88,110],[-1,131],[-65,390],[14,148],[44,182],[95,197],[117,154],[22,82],[-37,28],[-102,164],[-102,77],[-153,171],[-117,-105],[-15,-55],[146,-225],[51,-38],[1,-77],[-88,-154],[-161,-131],[-58,-83],[-175,-499],[-73,-286],[-22,-285],[29,-214],[190,-363],[14,-137],[102,-258],[117,-66],[124,-27],[95,-39],[58,-66],[66,-120],[66,-215],[-59,-76],[-87,-61],[-22,-66],[22,-472],[-205,-186],[-182,-110],[-66,-66],[-21,-60],[58,-61],[29,-93],[51,-55],[183,-418],[21,-131],[-58,-187],[-44,-104],[-44,-28],[-80,-98],[-51,-17],[-36,-329],[-30,-77],[-262,-220],[-95,-49],[-153,-110],[-248,-121],[-51,-44],[-37,-126],[51,-460],[29,-49],[29,-22],[44,-6],[102,-104],[103,-11],[73,11],[87,-16],[117,49],[51,27],[22,280],[109,66],[88,82],[197,225],[189,-17],[796,-240],[-467,-94],[-327,-115],[-439,-242],[-175,-181],[-161,-88],[-226,-82],[-66,-66],[-36,-121],[14,-252],[-33,-80],[-207,-321],[36,-197],[-87,-528],[-8,-159],[37,-170],[36,-340],[-109,-535],[-66,-860],[-161,-883],[-14,-253],[-59,-154],[-14,-466],[43,-253],[-14,-373],[-751,-88],[-1117,-93],[37,291],[44,153],[-117,253],[-66,82],[-29,99],[-80,82],[-88,176],[-197,236],[-160,143],[-51,82],[-102,83],[-66,93],[-204,137],[-73,72],[-197,120],[-204,165],[-248,110],[-394,99],[-474,16],[-263,-38],[-540,-116],[-197,-76],[-241,-143],[-408,-203],[-234,-77],[-270,0],[-1152,-110],[-124,33],[-58,38],[-146,165],[-37,60],[-22,105],[-87,137],[-110,38],[-73,127],[-43,43],[-139,-27],[-117,-99],[-36,-110],[65,-175],[117,-88],[110,-137],[22,-132],[-73,-176],[-175,-258],[-66,-66],[14,-55],[-29,-93],[0,-214],[-29,-49],[-277,-291],[-372,-237],[-212,-192],[-116,-181],[-137,-43],[-9,-17],[22,-39],[-44,-66],[51,-76],[-15,-50],[-51,-27],[0,-50],[-80,-54],[-146,-237],[-189,-87],[-343,-264],[-190,-181],[-394,-505],[-248,-357],[-21,-66],[-95,-49],[-88,-264],[-58,-77],[-44,-131],[0,-110],[58,-143],[44,-60],[146,-99],[533,-181],[72,-61],[-7,-33],[-21,-22],[-66,-16],[-241,60],[-80,0],[-80,33],[-110,0],[-73,17],[-51,-33],[15,-44],[36,-61],[95,-76],[-7,-39],[-204,-38],[-300,-17],[-108,-38],[-109,-66],[-37,-115],[0,-116],[44,-181],[-58,-44],[-73,-346],[22,-109],[44,-61],[43,-38],[44,-11],[58,-55],[94,-33],[132,-132],[72,-33],[161,-131],[44,-66],[408,-187],[598,-110],[81,-44],[124,11],[80,-60],[124,-269],[95,-60],[95,-33],[87,5],[168,55],[102,66],[7,38],[102,11],[168,-16],[153,-77],[175,0],[270,50],[44,-33],[80,-11],[51,16],[197,0],[88,-38],[14,-33],[-211,-192],[-37,-83],[-204,-252],[15,-77],[-29,-77],[-81,-71],[-65,-94],[-66,-38],[-58,-71],[58,-116],[-7,-38],[-58,-77],[116,-148],[-51,-116],[15,-38],[73,-44],[29,-71],[0,-192],[44,-28],[109,-121],[58,-170],[-58,-71],[-44,-225],[-51,-412],[37,-198],[-37,-126],[0,-77],[175,-390],[-7,-65],[-80,-94],[-387,-247],[-642,-296],[-211,-126],[-306,-324],[-124,-176],[-263,-280],[-73,-203],[-22,-209],[-51,-77],[-102,-88],[-313,