{"type":"Topology","transform":{"scale":[1.0E-6,1.0E-6],"translate":[-72.5211399707274,42.63784428294348]},"objects":{"MA":{"geometries":[{"arcs":[[13,14,15,16]],"id":551,"type":"Polygon","properties":{"bound":{"minx":-72.51476119312332,"miny":42.60380160460563,"maxx":-72.37839136932594,"maxy":42.72966443774247}}},{"arcs":[[17,-11,-13,-12,-7,-10,18,-4,19,20]],"id":552,"type":"Polygon","properties":{"bound":{"minx":-72.50244931838456,"miny":42.50018160405796,"maxx":-72.27263079748721,"maxy":42.72644986845685}}},{"arcs":[[-3,-2,-9,-8,-6,-5,-1,21,22]],"id":555,"type":"Polygon","properties":{"bound":{"minx":-72.67238252921608,"miny":42.595130000964815,"maxx":-72.46631264978795,"maxy":42.734815857642594}}}],"type":"GeometryCollection"}},"arcs":[[[-153437,95044],[1846,-9843],[347,-636],[-27,-834],[409,-1552],[49,-515],[360,-741],[887,-797],[825,-889],[267,-582],[-11,-1040],[-246,-526],[-303,-1622],[-479,-310],[-1084,-197],[-356,-183],[-169,-275],[33,-559],[-337,-903],[-139,-81],[-650,-35],[-109,-70],[-797,-1897],[-201,-218],[-30,-274],[528,-158],[2573,-6],[387,-57],[435,-181],[127,-663],[-274,-1006],[-90,-742],[-9,-1474],[127,-582],[482,-524],[513,-365],[1553,-819],[576,-432],[467,-491],[838,-306],[638,-605],[180,-247],[103,-757],[157,-388],[1539,-1242],[78,-205],[5,-1005],[342,-262],[998,-1494],[-447,-584],[1,-377],[267,-582],[279,-240],[420,-204],[1505,-557],[1350,-361],[1395,-227],[388,-125],[310,-136],[1632,-1162],[204,-651],[-399,-869],[-570,-755],[-231,-457],[-29,-571],[518,-351],[321,-82],[2961,-416],[248,-125],[187,-240],[25,-240],[-592,-1178],[-480,-138],[-1208,-70],[-865,-608],[-275,-880],[-28,-925],[187,-160],[372,-113],[513,-364],[907,-352],[506,-411],[391,-913],[302,-1827],[451,-559],[730,-501],[1273,-649],[962,-261],[2248,-429],[869,-558],[2700,-1183],[638,-627],[966,-1551],[404,-285],[589,-170],[1673,-100],[1907,-259],[637,-547],[1000,-1574],[1084,-809],[636,-648],[65,-254],[-95,-215],[-2,-451],[424,-172],[1225,-107],[403,-136],[280,-228],[126,-571],[-183,-834],[-199,-457],[-370,-447],[-1206,-744],[-59,-583],[466,-376],[1829,-557],[1736,-316],[573,-171],[655,-5],[440,-134],[580,-360],[466,-411],[762,-843],[857,-1392],[157,-686],[-339,-331],[-835,-390],[-324,-480],[-76,-423],[1339,-1963],[80,-765],[94,-137],[559,-296],[650,-136],[897,287],[0,80],[232,115],[125,-171],[465,-136],[208,-739],[509,-665],[264,-182],[434,-114],[279,-228],[250,-468],[-15,-183],[-293,-411],[-726,-527],[-107,-228],[1,-355],[158,-155]],[[24068,-40275],[641,447],[1187,1461],[3674,3824],[569,707]],[[30139,-33836],[602,640],[358,547],[597,1187],[866,1386],[580,438],[582,306],[2770,945],[822,363],[965,754],[889,842],[419,595],[1622,3999],[31,1190],[-519,2107],[-1405,2424],[-2305,3520],[-3729,6241],[-1239,1645],[-454,1045],[-6,386],[317,896],[516,906],[1526,1754],[1141,1005],[1425,1030],[1766,1458],[1938,1341],[8115,4399],[2430,1836],[3832,3303],[1164,1186],[232,625],[65,656],[-140,1244],[-129,577],[-718,1291],[-4271,4512],[-672,930],[-465,852],[-248,1188],[-319,3376],[238,1169],[-3276,733],[-703,-156],[-986,1700],[-1942,2503],[-1952,2170],[-1834,1043],[-2550,-632],[-307,-1722],[-1184,-2469],[-2832,758],[-737,5965],[-6120,-1455],[-403,819],[-387,1168],[-2508,6159],[-17242,41844]],[[109124,87590],[7346,-18333],[9360,-22828],[12107,-30172],[195,-312],[1940,-4884],[611,-1101],[367,-1286],[264,-415],[127,-515],[2567,-6281],[-17837,-3958],[-11237,-2602],[-33648,-7568],[-12924,-2766],[-701,-216],[-9940,-2214],[1767,-13503],[-29349,-2472]],[[-99488,9042],[21377,2469],[3235,304],[42698,5109]],[[-32178,16924],[9669,1091],[-421,-595],[3494,422],[-442,-1842],[-68,-1890],[260,-501],[831,-525],[99,-166],[-247,-405],[-719,-726],[-425,-1034],[8,-180],[289,-496],[11,-718],[479,-729],[178,-525],[13,-630],[-115,-347],[-287,-156],[-306,129],[-611,-37],[-197,104],[-163,243],[-238,24],[-1062,-734],[-752,-296],[-599,-93],[-563,150],[-858,-33],[-272,-392],[-662,-647],[-761,-1276],[-593,-454],[-598,-166],[-103,-126],[41,-913],[-116,-624],[297,-965],[-184,-701],[211,-701],[246,-510],[359,-470],[637,-545],[657,-232],[133,-126],[63,-268],[-236,-313],[-190,-613],[-1139,-1589],[-507,-388],[-716,-99],[-218,-106],[-181,-235],[-227,-602],[-845,-509],[-216,-419],[-22,-361],[527,-709],[71,-447],[-265,-599],[-763,-1024],[-28,-179],[283,-290],[490,-262],[1076,116],[471,-72],[318,-278],[262,-403],[-275,-394],[-948,-698],[-173,-433],[62,-448],[429,-1311],[13,-720],[-202,-703],[1,-359],[160,-342],[459,-496],[-481,-1758],[47,-173],[321,-271],[18,-179],[-781,-901],[-1711,-1172],[-378,-341],[-576,-1801],[89,-1081]],[[61498,-121417],[20034,2159],[-1322,-8175],[8743,-940],[1582,-235],[61951,-6697],[8564,-1049],[252,41],[1655,-185],[1392,47356]],[[-31546,-25649],[-91,-683],[95,-654],[754,-1056],[1600,-1602],[907,-728],[1330,-664],[1051,-664],[901,-778],[358,-603],[221,-611],[193,-1350],[-89,-2870],[177,-1384],[214,-516],[426,-542],[409,-335],[758,-372],[413,-147],[1265,-232],[696,-5],[1926,352]],[[-18032,-41093],[1028,296],[6235,2299],[3022,1488],[5121,3081],[1695,480],[1478,107],[3229,-114],[2997,27],[984,-108],[106,141],[3575,-318],[638,-148],[1431,-87],[1328,-239],[514,-345],[162,-284],[122,-1074],[293,-736],[757,-1327],[1460,-1400],[2690,-1719],[772,-15],[913,101],[663,239],[887,473]],[[24068,-40275],[693,-673],[222,-598],[4,-1156],[-297,-1067],[26,-200],[307,-401],[743,-450],[296,-295],[-81,-219],[-1266,-1362],[-1013,-850],[-419,-610],[-369,-879],[-3,-289],[379,-472],[238,-860],[-53,-772],[-264,-472],[-3585,-3277],[-2205,-1713],[55,-339],[153,-247],[745,-504],[517,-250],[1307,-134],[1296,168],[101,-38],[1936,499],[1444,187],[466,312],[1471,150],[1081,-59],[1289,-511],[1812,-1388],[2212,-446],[1913,-5],[1131,74],[231,91],[399,-20],[398,151],[307,308],[492,185],[565,86],[969,-22],[1374,-370],[931,-574],[1876,-1582],[901,-1331],[834,-711],[764,-427],[1194,-251],[622,-11],[2500,567],[946,410],[2540,1472],[842,324],[253,-528],[1256,-1339],[631,-845],[0,-160],[-248,-377],[-17,-308],[446,-1256],[-331,-610],[-160,-561],[240,-337],[663,-617],[230,-731],[616,-846],[122,-673],[-32,-503],[679,-435],[324,-503],[478,-491],[-72,-399],[114,-366],[975,-527],[755,-1143],[926,-538],[215,-343],[324,-252],[572,-161],[401,-285],[541,-207],[864,-629],[1279,-1715],[73,-1324],[737,-1943],[565,-750],[-6956,-38589]],[[226893,17685],[-1157,5287],[3776,598],[8422,1088],[-2331,10889],[13541,1267]],[[164349,-89142],[1624,26569],[135,680],[1241,22031]],[[167349,-39862],[-1158,293],[-371,222],[-789,54],[-1274,302],[-914,-14],[-757,-121],[-1184,-1098],[-194,-272],[-15,-372],[-850,-784],[-351,-573],[-640,-336],[-2413,14093],[2982,410],[3363,327],[394,121],[39533,4667],[-3139,16577],[10380,1358],[-1636,7965],[10937,625],[-1494,7414],[10308,1756],[-301,904],[-873,4029]],[[109124,87590],[7346,-18333],[9360,-22828],[12107,-30172],[195,-312],[1940,-4884],[611,-1101],[367,-1286],[264,-415],[127,-515],[2567,-6281],[-17837,-3958],[-11237,-2602],[-33648,-7568],[-12924,-2766],[-701,-216],[-9940,-2214],[1767,-13503],[-29349,-2472]],[[30139,-33836],[602,640],[358,547],[597,1187],[866,1386],[580,438],[582,306],[2770,945],[822,363],[965,754],[889,842],[419,595],[1622,3999],[31,1190],[-519,2107],[-1405,2424],[-2305,3520],[-3729,6241],[-1239,1645],[-454,1045],[-6,386],[317,896],[516,906],[1526,1754],[1141,1005],[1425,1030],[1766,1458],[1938,1341],[8115,4399],[2430,1836],[3832,3303],[1164,1186],[232,625],[65,656],[-140,1244],[-129,577],[-718,1291],[-4271,4512],[-672,930],[-465,852],[-248,1188],[-319,3376],[238,1169],[-3276,733],[-703,-156],[-986,1700],[-1942,2503],[-1952,2170],[-1834,1043],[-2550,-632],[-307,-1722],[-1184,-2469],[-2832,758],[-737,5965],[-6120,-1455],[-403,819],[-387,1168],[-2508,6159],[-17242,41844]],[[4365,90686],[78996,-2249],[25763,-847]],[[109124,87590],[0,0]],[[238158,83704],[10986,-46890]],[[24068,-40275],[641,447],[1187,1461],[3674,3824],[569,707]],[[109124,87590],[56263,-1745],[72771,-2141]],[[238158,83704],[0,0]],[[-153437,95044],[50042,-1255],[8042,-345],[17855,-365],[6608,-243],[21098,-533],[54157,-1617]],[[4365,90686],[0,0]]]}