{"type":"Topology","transform":{"scale":[1.0E-6,1.0E-6],"translate":[-72.29678490632985,42.61042266873654]},"objects":{"MA":{"geometries":[{"arcs":[[12,13,14,15,16,-11,17,18,19]],"id":522,"type":"Polygon","properties":{"bound":{"minx":-72.35676181185367,"miny":42.54662709879518,"maxx":-72.22526098413412,"maxy":42.67562156183169},"Geoid10":"25011040502"}},{"arcs":[[20,-9,-12,-10,-6,-7,21,-5,22,23]],"id":552,"type":"Polygon","properties":{"bound":{"minx":-72.50244931838456,"miny":42.50018160405796,"maxx":-72.27263079748721,"maxy":42.72644986845685},"Geoid10":"25011040400"}},{"arcs":[[-1,-3,24,-2,-8,-4,25,26]],"id":721,"type":"Polygon","properties":{"bound":{"minx":-72.28175334595507,"miny":42.622786381112626,"maxx":-72.05700433529452,"maxy":42.72285779710447},"Geoid10":"25027702200"}}],"type":"GeometryCollection"}},"arcs":[[[222286,13825],[-284,718],[-3992,8307],[-1310,2773],[-273,674],[-191,576],[-160,590],[-119,573],[-86,624],[-69,974],[-212,5721],[-3,625],[22,289],[97,667],[92,392],[186,630],[1402,4348],[1289,4107],[123,746],[24,252],[14,592],[-17,364],[-54,461],[-1053,5319],[-286,1630],[-5,440],[24,242],[98,447],[138,370],[93,189],[107,184],[351,507],[282,317],[389,365],[824,662],[302,194],[449,252],[786,356],[1345,570],[474,233],[366,204],[479,308],[1554,1062],[546,362],[603,368],[786,538],[1325,996],[236,130],[217,-84],[218,-25],[21,318],[-317,490],[-59,37],[71,197],[141,219],[189,167],[366,256],[37,50],[51,127],[51,361],[185,677],[71,194],[106,175],[159,202],[441,373],[332,374],[630,979],[145,140],[168,76],[274,87],[172,33],[226,17],[121,-9],[146,-36],[371,-173],[327,-80],[215,-34],[391,-36],[169,-1],[437,34],[1206,233],[180,47],[154,53],[661,311],[223,79],[419,103],[235,42],[392,37],[1582,109],[-12,773],[33,1681],[-1693,-42],[-818,-35],[75,1143],[45,297],[87,143],[538,369],[-971,822],[-1863,1515],[1269,552],[754,297],[138,30],[148,9],[1082,-24],[-1034,1721],[-1067,1852],[-218,443],[-86,228],[-391,1431],[-557,1673],[-96,522],[-176,1770],[-86,426],[-541,1978],[-202,548],[-755,1579],[-136,328],[-97,361],[-139,679],[-4,345],[-82,437],[85,126],[267,263],[-555,666],[-1185,1285],[-889,1033],[-1754,1915],[-546,555],[-670,570],[-282,210],[-961,656],[-339,200],[-529,285],[-947,456],[-388,177],[-5720,2361]],[[71945,28558],[323,17],[394,45],[5014,662],[1411,207],[1209,144],[4139,598],[1494,180],[10098,1288],[10956,1449],[5209,738],[2267,245],[14911,1969],[2142,-10101],[907,-3457],[86,-397],[5851,670],[6,-35],[76,8],[1697,-9611],[2076,214]],[[157664,13500],[22489,2684],[261,-28],[3222,-88],[11626,-382],[25773,-874],[1251,-987]],[[13803,111126],[10986,-46890]],[[-115230,115012],[109,-233],[534,-1485],[3092,-7616],[995,-2315],[1170,-3017],[1014,-2499],[432,-1168],[226,-446],[9077,-22367],[10,-23],[47,8],[-23,-61],[10515,-25942],[1615,-4169],[195,-312],[1940,-4884],[227,-317],[147,-334],[109,-175],[128,-275],[164,-442],[123,-454],[80,-390],[145,-270],[119,-145],[127,-515],[2040,-5028],[527,-1253],[-17837,-3959],[-775,-213],[-10462,-2389],[-11187,-2499],[-22461,-5069],[-12924,-2766],[-701,-216],[-8324,-1865],[-1616,-349],[398,-2664],[1369,-10838],[-5380,-408],[-237,-73],[-1417,-107],[-20886,-1782],[-1130,-66],[-299,-36]],[[-162856,-93995],[16637,1780],[2609,302],[788,77],[-1322,-8175],[314,-61],[6863,-745],[1566,-134],[1582,-235],[4945,-513],[6735,-741],[7048,-750],[1781,-204],[39525,-4308],[1917,-181],[8564,-1049],[252,41],[1655,-185],[883,30068],[-6,393],[38,372],[231,8165],[116,2234],[-42,295],[172,5829]],[[-200286,-12853],[693,-673],[222,-598],[-22,-324],[26,-832],[-127,-368],[-170,-699],[-1,-115],[27,-85],[307,-401],[387,-286],[205,-83],[151,-81],[296,-295],[-81,-219],[-202,-236],[-1064,-1126],[-635,-564],[-378,-286],[-247,-312],[-172,-298],[-98,-283],[-271,-596],[-3,-289],[161,-240],[218,-232],[93,-238],[145,-622],[14,-289],[-16,-207],[-51,-276],[-264,-472],[-146,-173],[-248,-230],[-497,-430],[-229,-173],[-948,-872],[-608,-502],[-183,-229],[-507,-438],[-219,-230],[-333,-210],[-323,-237],[-313,-271],[-297,-286],[-682,-493],[-257,-216],[-14,-119],[69,-220],[153,-247],[745,-504],[517,-250],[1307,-134],[884,89],[412,79],[101,-38],[315,107],[401,105],[1220,287],[295,55],[736,72],[413,60],[157,52],[175,195],[134,65],[1471,150],[1081,-59],[1289,-511],[567,-478],[975,-760],[57,-43],[213,-107],[188,-66],[317,-78],[1197,-231],[510,-71],[923,-42],[990,37],[393,35],[738,39],[174,83],[57,8],[399,-20],[153,27],[245,124],[112,171],[195,137],[229,102],[263,83],[211,27],[233,51],[121,8],[672,11],[297,-33],[360,-99],[402,-79],[207,-81],[405,-111],[931,-574],[790,-645],[419,-317],[667,-620],[264,-360],[280,-427],[79,-166],[278,-378],[163,-189],[151,-140],[520,-382],[573,-336],[191,-91],[481,-135],[411,-78],[302,-38],[622,-11],[426,78],[387,100],[851,164],[836,225],[946,410],[2540,1472],[155,70],[687,254],[253,-528],[284,-252],[339,-458],[432,-400],[201,-229],[524,-651],[107,-194],[0,-160],[-155,-171],[-93,-206],[-17,-308],[92,-320],[308,-685],[46,-251],[-32,-126],[-77,-114],[-57,-148],[-165,-222],[-112,-279],[-48,-282],[240,-337],[509,-422],[154,-195],[92,-206],[77,-377],[61,-148],[200,-309],[278,-308],[138,-229],[122,-673],[0,-160],[-62,-183],[30,-160],[77,-91],[139,-103],[186,-103],[185,-69],[92,-69],[324,-503],[262,-320],[216,-171],[31,-46],[-1,-125],[-102,-228],[89,-206],[25,-160],[172,-115],[603,-264],[200,-148],[77,-172],[678,-971],[324,-206],[478,-241],[124,-91],[123,-138],[92,-205],[324,-252],[572,-161],[401,-285],[541,-207],[864,-629],[77,-80],[139,-228],[-1,-58],[47,-34],[30,-80],[331,-438],[394,-397],[151,-200],[111,-200],[-2,-514],[46,-251],[29,-559],[76,-202],[140,-244],[337,-971],[92,-172],[92,-354],[416,-605],[149,-145],[-941,-5271],[-273,-1622],[-5742,-31696]],[[24789,64236],[83,-355],[13529,1105],[996,-7454],[58,7],[4,-22],[124,11],[13706,1297],[1386,-7606],[12629,1024],[4641,-23685]],[[2538,45107],[-1157,5287],[3776,598],[3994,500],[4428,588],[-2331,10889],[13541,1267]],[[-60005,-61720],[1156,18922],[154,2750],[314,4897],[135,680],[456,9129],[722,11665],[63,1237]],[[2538,45107],[328,-190],[251,-189],[638,-407],[261,-221],[365,-430],[1479,-1924],[644,-874],[863,-1233],[1150,-1465],[1434,-1958],[194,-217],[201,-195],[1043,-821],[2000,-1554],[949,-712],[-49,-64],[-16,-67],[-6,-1043],[18,-339],[93,-686],[8,-423],[-80,-396],[-245,-564],[-121,-400],[-34,-192],[-42,-599],[-81,-1913],[-54,-578],[-82,-1841],[-56,-2868],[0,-1075],[-49,-1025],[14,-261],[114,-787],[70,-682],[13,-339],[-27,-288],[-48,-175],[-82,-174],[-145,-198],[-227,-261],[-1333,-1406],[-258,-251],[-259,-213],[-283,-139],[251,-352],[60,-159],[545,-2365],[358,-1916],[100,-1051],[32,-573],[290,-1318],[127,-456],[114,-685],[70,-238],[34,-61],[112,-112],[75,-17],[88,0],[297,11],[418,43],[1619,70],[1257,89],[-62,-1595],[6,-526],[-29,-427],[10,-2097],[-147,-2132],[-130,-1356],[-75,-565],[-34,-580],[-142,-1548],[-82,-683],[-53,-238],[-234,-762],[-475,-1683],[-145,-583],[-68,-170],[-91,-153],[-131,-127],[-164,-127],[-196,-128],[-1944,-1124],[-712,-391],[-159,-119],[-84,-103],[-40,-147],[4,-186],[254,-1680],[-62,-493],[-112,-599],[-134,-356],[-502,-946],[-847,-1550],[-131,-225],[-210,-295],[-279,-249],[-285,-200],[-1554,-990],[-978,-729],[-921,-837],[-100,-117],[-99,-154],[-1314,34],[315,-294],[353,-436],[58,-286],[-32,-462],[-168,-185],[-500,43],[-2255,37],[-547,-3],[-121,-8],[-414,-78],[-1818,-135],[-657,-106],[-180,-17],[-606,7],[-653,36],[-71,-272],[3,-828],[-125,-239],[-78,-228],[-1,-171],[107,-240],[15,-138],[-63,-194],[-32,-228],[-141,-319],[-16,-149],[30,-80],[46,-57],[154,-103],[495,-115],[246,-115],[681,-2],[201,-35],[170,-58],[369,-310],[185,-102],[308,-230],[178,-86],[129,-95],[387,-95],[123,-80],[170,-35],[62,-46],[15,-91],[61,-92],[91,-400],[137,-331],[76,-365],[107,-207],[45,-194],[170,-149],[30,-68],[-1,-137],[-46,-103],[-297,-490],[-1,-331],[121,-435],[-140,-182],[-94,-194],[-156,-193],[-110,-343],[-1,-228],[31,-103],[184,-274],[-1,-126],[-125,-308],[-78,-102],[-202,-160],[-249,-387],[-125,-148],[-44,-185],[28,-78],[-16,-68],[-233,-330],[-62,-58],[-109,-182],[-326,-262],[-109,-159],[-94,