{"type":"Topology","transform":{"scale":[1.0E-6,1.0E-6],"translate":[-72.31407504713735,42.11339012121693]},"objects":{"MA":{"geometries":[{"arcs":[[5,6,7,8,-4,9]],"id":1223,"type":"Polygon","properties":{"bound":{"minx":-72.32391398236034,"miny":42.03130897521456,"maxx":-72.2707338489046,"maxy":42.145179322746095}}},{"arcs":[[-1,10,11,12,13,-5,-3,14]],"id":1224,"type":"Polygon","properties":{"bound":{"minx":-72.38725001806925,"miny":42.03149128421363,"maxx":-72.3069232828558,"maxy":42.16202753259022}}},{"arcs":[[15,16,-2,17,18]],"id":1225,"type":"Polygon","properties":{"bound":{"minx":-72.27064757021806,"miny":42.02941663276647,"maxx":-72.13498084477918,"maxy":42.09335089309571}}}],"type":"GeometryCollection"}},"arcs":[[[-7181,-81402],[-935,3472],[-213,2236],[-280,1778],[-904,3825],[-536,4538],[184,1946],[432,1091],[318,475],[1065,1203],[191,591],[29,859],[-389,1551],[-11,370],[358,1591],[8,1167],[103,559],[314,1506],[269,673],[377,521],[1482,1388],[953,1658],[361,462],[2429,2261],[1076,1217],[1661,2506],[920,2171],[137,565],[37,2261],[462,5252],[1261,4299],[96,666],[-262,1773],[-2469,8184],[-3021,2971],[-2758,2523],[-172,333],[5,494],[186,699],[660,1491],[627,2163],[1481,2338],[489,1970],[1990,4519],[1173,2050],[1104,1256],[1128,1617],[1490,1867],[1158,1744],[451,1020],[254,1979],[-123,761],[-1701,4406],[-2330,7816],[-372,599],[-2316,1930],[-448,881]],[[43980,-20868],[-580,-60842]],[[298,30640],[-165,150],[161,1144],[-18,823],[-1213,1497],[-320,96],[-224,240],[-480,-16],[-1184,-384],[-992,-1376],[-224,-80],[-256,64],[-960,416],[-640,144],[-640,1312],[-768,976],[-368,240],[-432,160],[-224,-16],[-454,-287],[-442,-81],[-816,352],[-624,1136],[-448,448],[-608,176],[-1364,84],[-1570,261],[-584,228],[-455,388],[-262,398],[-1216,2719],[-740,1113],[-1112,873],[-10,529],[-81,112],[-1761,1059],[-800,177],[-1762,145],[-656,146],[-1265,-127],[-576,-223],[-480,-96],[-448,208],[-353,1171],[-321,513],[-128,160],[-560,256],[-496,-31],[-528,-208],[-241,-383],[-656,-446],[-160,176],[14,416],[-288,449],[-512,352],[-416,161],[-609,-96],[-1280,-781],[-481,208]],[[39735,30462],[-451,144],[-563,34],[-2288,-589],[-1578,243],[-644,-79],[-806,-350],[-341,-432],[-630,-1355],[-560,-106],[-2727,-213],[-481,16],[-478,116],[-379,409],[-396,29],[-339,178],[-342,13],[-986,-170],[-630,206],[-602,92],[-730,-11],[-663,104],[-730,329],[-1094,1180],[-337,183],[-705,72],[-792,-273],[-490,-299],[-506,-125],[-301,62],[-251,152],[-475,638],[-404,378],[-657,201],[-689,105],[-850,-52],[-994,-250],[-2093,-276],[-1663,365],[-1795,-51],[-1311,400],[-577,47],[-1071,-180],[-1825,-1112],[-572,-312],[-248,-53],[-669,61],[-936,282],[-788,427]],[[-34198,47685],[-216,-302],[-418,-326],[-443,99],[-357,281],[-688,164],[-1422,-242],[-2386,-2],[-1251,-296],[-5743,-2276],[-1336,-801],[-2609,-1991],[-872,-513],[-1434,-559],[-1868,-510],[-4337,-296],[-1671,-182],[-1514,-274],[-2609,-800],[-1223,-213],[-687,4],[-1801,370],[-1420,-10],[-1878,-187],[-2483,167]],[[39735,30462],[-36,-1157],[148,-1798],[4133,-48375]],[[43980,-20868],[-580,-60842]],[[43400,-81710],[-28963,111],[-21618,197]],[[-7181,-81402],[-935,3472],[-213,2236],[-280,1778],[-904,3825],[-536,4538],[184,1946],[432,1091],[318,475],[1065,1203],[191,591],[29,859],[-389,1551],[-11,370],[358,1591],[8,1167],[103,559],[314,1506],[269,673],[377,521],[1482,1388],[953,1658],[361,462],[2429,2261],[1076,1217],[1661,2506],[920,2171],[137,565],[37,2261],[462,5252],[1261,4299],[96,666],[-262,1773],[-2469,8184],[-3021,2971],[-2758,2523],[-172,333],[5,494],[186,699],[660,1491],[627,2163],[1481,2338],[489,1970],[1990,4519],[1173,2050],[1104,1256],[1128,1617],[1490,1867],[1158,1744],[451,1020],[254,1979],[-123,761],[-1701,4406],[-2330,7816],[-372,599],[-2316,1930],[-448,881]],[[39735,30462],[0,0]],[[-7181,-81402],[-12453,158],[-5216,-30],[-9482,290],[-18583,299]],[[-52915,-80685],[-7615,43106],[7,1924],[-1098,4248],[-985,5089],[-2801,16059]],[[-65407,-10259],[-1018,5404],[-170,1575],[-1674,7993],[-1342,7446],[-5068,25791]],[[-74679,37950],[-185,1040]],[[298,30640],[0,0]],[[179121,-22725],[-158,0],[-603,-60419]],[[178360,-83144],[-9083,375],[-3866,-91],[-21934,290],[-70694,554],[-7521,76],[-710,176],[-21152,54]],[[43980,-20868],[77470,-977],[57671,-880]],[[179121,-22725],[0,0]]]}