{"type":"Topology","transform":{"scale":[1.0E-6,1.0E-6],"translate":[-72.02077501057745,42.07064941947463]},"objects":{"MA":{"geometries":[{"arcs":[[8,9,10,11,12,13,14,15,16,17]],"id":663,"type":"Polygon","properties":{"bound":{"minx":-71.99464140351725,"miny":42.023876457867566,"maxx":-71.87899482978042,"maxy":42.09430247527083}}},{"arcs":[[-7,18,19,20,-5,21,-8,-6,22,23]],"id":869,"type":"Polygon","properties":{"bound":{"minx":-72.09978926399381,"miny":42.02641838699568,"maxx":-71.98843037674295,"maxy":42.097885220488706}}},{"arcs":[[24,25,-3,26,27]],"id":1225,"type":"Polygon","properties":{"bound":{"minx":-72.27064757021806,"miny":42.02941663276647,"maxx":-72.13498084477918,"maxy":42.09335089309571}}},{"arcs":[[-4,28,-2,-1,29,30]],"id":1462,"type":"Polygon","properties":{"bound":{"minx":-72.13569783835317,"miny":42.02852921526249,"maxx":-72.06681305606311,"maxy":42.115593745698554}}}],"type":"GeometryCollection"}},"arcs":[[[-114178,40852],[0,-20837]],[[-114178,20015],[-158,0],[-603,-60418]],[[-249319,21872],[-580,-60841]],[[-79035,-41926],[5446,6430],[3047,3433],[16817,19787],[3225,5615],[2285,3681],[2566,4416]],[[-35818,-1911],[-1181,533],[-281,61],[-213,-47],[-210,-246],[-468,-1253],[-1135,1590],[92,214],[-266,-262],[74,345],[-464,1669],[72,436]],[[20306,26604],[-1015,-1334],[-329,-752],[-500,-827],[-141,-424],[126,-816],[-700,-158],[-593,-322],[-320,-296],[-806,-1116],[-1263,-997],[-2026,-1245],[-2359,-1038],[-590,-146],[-2315,-254],[-2184,-82],[-766,-229],[-518,-258],[-533,-444],[-1121,-1258],[-876,-1230],[-1142,-763],[-116,-353],[-397,-334],[-280,-379],[-506,-1437]],[[27673,-43721],[-1595,4096],[5653,13561],[472,5403],[477,4018],[-37,363],[-797,1457],[-1470,1366],[-781,485],[-391,143],[-234,872],[-1526,6687],[597,7243]],[[-964,10112],[-240,-658],[133,-297],[-244,-323],[-74,-373],[-538,-1054],[-604,-883],[205,-685],[-42,-160],[-216,-180],[115,-235],[-580,-814],[-990,-1044],[-86,-740],[-797,59],[-334,131],[546,-654],[-456,-578],[-721,-1678],[-1904,341],[-416,185],[-323,-403],[-1967,-1611],[-574,-269],[-840,-192],[-1104,-76],[-494,-137],[-603,-395],[-1054,-1168],[-394,-192]],[[139266,5243],[2426,-7716]],[[141692,-2473],[105,-418],[-120,-808],[271,-792],[-291,-1074]],[[141657,-5565],[-170,-565],[-321,-624],[-405,-218],[-203,-210],[-394,-23],[-1390,-721],[-221,-257],[-77,-604]],[[138476,-8787],[-377,-127],[-368,-4308],[54,-2081],[-63,-355],[-351,-784],[-7111,1891],[-972,747],[-102,180],[-560,490],[-798,201],[-352,213],[-920,-175],[-885,-16],[-258,91],[-436,369],[-413,62],[-1338,-153],[-386,-145],[-760,-686],[-334,-840],[-493,-354],[-1729,-440],[-5933,-1965],[-1499,-114],[260,-626],[-150,-802],[51,-1561],[286,-428],[662,-612],[-1422,-538],[625,-335],[228,-384],[243,-1064],[154,-291],[280,-253],[169,-373],[-59,-526],[95,-286],[795,-1031],[721,-560],[309,-17],[508,159],[420,401],[947,4],[671,-243],[408,-319],[41,-87],[-179,-71],[445,-207],[-1253,-3338],[736,96],[508,-39],[787,-192],[743,-291],[846,-406],[420,-439],[375,-99],[780,-769],[412,-263],[1486,-182],[729,-313],[618,-505],[750,-828],[294,-121],[258,-22],[250,137],[604,762],[133,516],[-22,697],[737,1278],[390,219],[427,6],[898,-237],[235,-911],[441,-472],[470,-200]],[[131652,-33052],[-354,-1590],[24,-321],[597,-1734],[740,-1180],[441,-363],[-2,-467],[-299,-479],[19,-258],[441,-790],[413,-190],[101,-154],[94,-521],[-77,-502],[-362,-233],[113,-566],[834,-1193],[772,-1414],[540,-628],[210,-98],[366,4],[235,-196],[971,-415]],[[137469,-46340],[-4673,114],[-2801,-55],[-46145,1136],[-9626,322],[-5527,79],[-2206,143],[-13112,259],[-3955,222],[-7271,95],[-9058,260],[-5422,44]],[[27673,-43721],[-1595,4096],[5653,13561],[472,5403],[477,4018],[-37,363],[-797,1457],[-1470,1366],[-781,485],[-391,143],[-234,872],[-1526,6687],[597,7243]],[[28041,1973],[83499,18638]],[[111540,20611],[14122,2987],[3974,-21516],[9630,3161]],[[139266,5243],[0,0]],[[27673,-43721],[-5232,64],[-7646,-76],[-7278,140],[-10485,-54],[-18735,367],[-21017,-22],[-9930,215],[-8340,469],[-8639,240],[-9406,452]],[[-79035,-41926],[5446,6430],[3047,3433],[16817,19787],[3225,5615],[2285,3681],[2566,4416]],[[-45649,1436],[663,60],[1642,571],[537,60],[744,-186],[361,-242],[810,-296],[626,-346],[243,-33],[225,105]],[[-35818,-1911],[768,-421],[1445,-1003],[409,-81],[664,48],[563,-121],[966,-770],[973,-378],[1338,118],[663,389],[1938,-756],[169,-668],[39,-912],[933,186],[2588,-733],[417,14],[2605,602],[447,-20],[1858,-396],[20,301],[303,582],[991,1012],[141,433],[20,514]],[[20306,26604],[2237,589],[205,-571],[1948,-9994],[2200,242],[-994,-2160],[1514,329],[696,-2544],[-3924,-1022],[842,-4673],[3244,737],[-200,-3297],[-33,-2267]],[[28041,1973],[0,0]],[[-114178,20015],[-158,0],[-603,-60418]],[[-114939,-40403],[-9083,375],[-3866,-91],[-21934,290],[-70694,554],[-7521,76],[-710,176],[-21152,54]],[[-249319,21872],[77470,-977],[57671,-880]],[[-114178,20015],[0,0]],[[-79035,-41926],[-18756,900],[-7560,187],[-9588,436]],[[-114178,40852],[423,205],[2800,345],[250,-1345],[213,-395],[1134,-346],[228,-269],[44,-220],[162,-27],[273,-203],[228,10],[214,275],[236,0],[155,120],[265,-153],[97,17],[43,103],[-191,456],[133,-50],[323,-878],[427,-203],[641,-50],[339,-351],[950,328],[654,361],[405,88],[310,-22],[678,-252],[317,-697],[332,-296],[627,-280],[302,-10],[339,87],[471,248],[663,455],[486,560],[287,181],[965,319],[796,-159],[353,137],[192,165],[110,905],[574,846],[419,455],[-22,203],[-192,285],[-74,538],[184,702],[250,412],[199,615],[368,356],[206,88],[486,17],[405,170],[1032,-76],[582,-115],[259,-192],[346,-472],[1961,-454],[2601,-888],[413,-88],[884,132],[1297,-208],[1614,-406],[177,-120],[126,-576],[1584,-1004],[420,-175],[288,60],[353,313],[1504,-93],[1097,258],[487,11],[1063,-726],[851,90],[1862,-98],[212,136],[-65,442],[4496,996],[980,105],[655,-263],[2243,-612],[866,-402],[1645,-1185],[-1911,-5037],[-1175,-4213],[409,-202],[-947,-3139],[2649,515],[914,-32],[1267,-423],[545,-87],[221,-511],[74,-1788],[-191,-675],[1098,-362],[478,-60],[435,-313],[-7,-357],[-258,-691],[37,-357],[265,-362],[1245,-1212],[162,-576],[-176,-609],[-788,-1114],[-125,-400],[-509,-763],[-117,-401],[-258,-301],[-582,-1268],[-316,-329],[-170,-483],[-589,-784],[-66,-1076],[37,-225],[111,-99],[0,-274],[-295,-872],[-515,-434],[-317,-488],[-125,-620],[8,-812],[346,-466],[1392,-412],[118,-208],[1399,-1256],[626,-714],[317,-214],[376,-142],[655,-60],[361,-154],[1974,-1459],[1060,-340],[1701,-856],[1341,-472],[648,-88],[2187,341],[1200,82]],[[-45649,1436],[0,0]]]}