{"type":"Topology","transform":{"scale":[1.0E-6,1.0E-6],"translate":[-72.05284091212012,42.66897229080336]},"objects":{"MA":{"geometries":[{"arcs":[[9,10,11,-5,12,13,14]],"id":707,"type":"Polygon","properties":{"bound":{"minx":-72.08079009092766,"miny":42.601665578537734,"maxx":-71.98160076727292,"maxy":42.716665281288904},"Geoid10":"25027701100"}},{"arcs":[[-1,-4,15,-3,-9,-8,16,17]],"id":721,"type":"Polygon","properties":{"bound":{"minx":-72.28175334595507,"miny":42.622786381112626,"maxx":-72.05700433529452,"maxy":42.72285779710447},"Geoid10":"25027702200"}},{"arcs":[[-7,18,-6,19,-2,20,21]],"id":811,"type":"Polygon","properties":{"bound":{"minx":-71.98584206697318,"miny":42.594716397223785,"maxx":-71.85678010150946,"maxy":42.71375226090246},"Geoid10":"25027700100"}}],"type":"GeometryCollection"}},"arcs":[[[-21657,-44724],[-284,718],[-3992,8307],[-1310,2773],[-273,674],[-191,576],[-160,590],[-119,573],[-86,624],[-69,974],[-212,5721],[-3,625],[22,289],[97,667],[92,392],[186,630],[1402,4348],[1289,4107],[123,746],[24,252],[14,592],[-17,364],[-54,461],[-1053,5319],[-286,1630],[-5,440],[24,242],[98,447],[138,370],[93,189],[107,184],[351,507],[282,317],[389,364],[824,662],[302,194],[449,252],[786,356],[1345,570],[474,233],[366,204],[479,308],[1554,1062],[546,362],[603,368],[786,538],[1325,996],[236,130],[217,-84],[218,-25],[21,318],[-317,490],[-59,37],[71,197],[141,219],[189,167],[366,256],[37,50],[51,127],[51,361],[185,677],[71,194],[106,175],[159,202],[441,373],[332,374],[630,979],[145,140],[168,76],[274,87],[172,33],[226,17],[121,-9],[146,-36],[371,-173],[327,-80],[215,-34],[391,-36],[169,-1],[437,34],[1206,233],[180,47],[154,53],[661,311],[223,79],[419,103],[235,42],[392,37],[1582,109],[-12,773],[33,1681],[-1693,-42],[-818,-35],[75,1143],[45,297],[87,143],[538,369],[-971,822],[-1863,1515],[1269,552],[754,297],[138,30],[148,9],[1082,-24],[-1034,1721],[-1067,1852],[-218,443],[-86,228],[-391,1431],[-557,1673],[-96,522],[-176,1770],[-86,426],[-541,1978],[-202,548],[-755,1579],[-136,328],[-97,361],[-139,679],[-4,345],[-82,437],[85,126],[267,263],[-555,666],[-1185,1285],[-889,1033],[-1754,1915],[-546,555],[-670,570],[-282,210],[-961,656],[-339,200],[-529,285],[-947,456],[-388,177],[-5720,2361]],[[71265,44327],[-1059,-21431],[-165,-2757],[-184,-3553],[40,-550],[-240,-3160],[-231,-4043],[-104,-3422],[-669,-12155],[-76,-1948],[-226,-4118],[-52,-607],[-517,-9012],[-347,-7163],[-433,-6332],[-134,-3063]],[[-171998,-29991],[323,17],[394,45],[5014,662],[1411,207],[1209,144],[4139,598],[1494,180],[10098,1288],[10956,1449],[5209,738],[2267,245],[14911,1969],[2142,-10101],[907,-3457],[86,-397],[5851,670],[6,-35],[76,8],[1697,-9611],[2076,214]],[[-86279,-45049],[22489,2684],[261,-28],[3222,-88],[11626,-382],[25773,-874],[1251,-987]],[[-21657,-44724],[20127,-15865],[18,-93],[393,-235],[7886,-6220]],[[124818,-66963],[13881,5301],[1208,489],[-11,-231],[-86,-186],[1003,300],[635,126],[86,-103],[645,-1005],[14523,4634],[737,251],[-622,1159],[3128,1034],[756,-1312],[9088,2876],[-578,1008],[3028,989],[-1433,2572],[23422,9134]],[[194430,-35132],[696,12419],[395,6029],[413,8634],[387,6765],[-1301,7299],[-1800,1300],[-4200,3200],[-1400,3200],[-600,1500],[-4000,-500],[-3192,2225],[-1508,1080],[-842,730],[-21727,16104],[-1376,6265],[-251,1327]],[[-230140,52576],[10986,-46890]],[[-219154,5686],[83,-355],[13529,1105],[996,-7453],[58,7],[4,-22],[124,11],[13706,1296],[1386,-7605],[12629,1024],[4641,-23685]],[[71265,44327],[-1059,-21431],[-165,-2757],[-184,-3553],[40,-550],[-240,-3160],[-231,-4043],[-104,-3422],[-669,-12155],[-76,-1948],[-226,-4118],[-52,-607],[-517,-9012],[-347,-7163],[-433,-6332],[-134,-3063]],[[66868,-38987],[-2012,-776],[-806,-366],[-19591,-8464]],[[44459,-48593],[-2676,-1142],[-8689,-3661],[-13291,-5836],[-2913,-1443],[-696,-461],[-2446,-1559],[-189,-105],[-5985,-3796],[-155,-129],[-652,-412]],[[-21657,-44724],[-284,718],[-3992,8307],[-1310,2773],[-273,674],[-191,576],[-160,590],[-119,573],[-86,624],[-69,974],[-212,5721],[-3,625],[22,289],[97,667],[92,392],[186,630],[1402,4348],[1289,4107],[123,746],[24,252],[14,592],[-17,364],[-54,461],[-1053,5319],[-286,1630],[-5,440],[24,242],[98,447],[138,370],[93,189],[107,184],[351,507],[282,317],[389,364],[824,662],[302,194],[449,252],[786,356],[1345,570],[474,233],[366,204],[479,308],[1554,1062],[546,362],[603,368],[786,538],[1325,996],[236,130],[217,-84],[218,-25],[21,318],[-317,490],[-59,37],[71,197],[141,219],[189,167],[366,256],[37,50],[51,127],[51,361],[185,677],[71,194],[106,175],[159,202],[441,373],[332,374],[630,979],[145,140],[168,76],[274,87],[172,33],[226,17],[121,-9],[146,-36],[371,-173],[327,-80],[215,-34],[391,-36],[169,-1],[437,34],[1206,233],[180,47],[154,53],[661,311],[223,79],[419,103],[235,42],[392,37],[1582,109],[-12,773],[33,1681],[-1693,-42],[-818,-35],[75,1143],[45,297],[87,143],[538,369],[-971,822],[-1863,1515],[1269,552],[754,297],[138,30],[148,9],[1082,-24],[-1034,1721],[-1067,1852],[-218,443],[-86,228],[-391,1431],[-557,1673],[-96,522],[-176,1770],[-86,426],[-541,1978],[-202,548],[-755,1579],[-136,328],[-97,361],[-139,679],[-4,345],[-82,437],[85,126],[267,263],[-555,666],[-1185,1285],[-889,1033],[-1754,1915],[-546,555],[-670,570],[-282,210],[-961,656],[-339,200],[-529,285],[-947,456],[-388,177],[-5720,2361]],[[-25109,47251],[25440,-765],[2514,-40],[5845,-214],[3360,-84],[25047,-767],[825,-64],[4715,-154],[3109,-84],[4558,-39],[1692,67],[1321,-93],[458,-49],[7060,-298],[10430,-340]],[[71265,44327],[0,0]],[[-86279,-45049],[-1031,-137],[-1510,-94],[-479,-45],[-3158,54],[-92,11],[-648,-13],[-8147,153],[-388,-38]],[[-230140,52576],[12908,-356],[7575,-162],[12970,-404],[1552,84],[18062,-452],[7051,-224],[1302,-68],[44711,-1076],[2224,-65],[50100,-1189],[13455,-465],[25186,-753],[1419,6],[6516,-201]],[[-25109,47251],[0,0]],[[194430,-35132],[-202,-4795]],[[124818,-66963],[-3663,-1459],[-14107,-5672],[-4777,6830],[268,113],[1494,701],[-2919,5036],[426,156],[487,209],[493,177],[-1798,2597],[-4328,-425],[-4575,4015],[-983,910],[-4237,3751],[-89,40],[-1194,1097],[-8311,7367],[-5850,209],[-4412,106],[125,2218]],[[71265,44327],[6785,-154],[2026,-27],[22904,-443],[1929,-23],[11855,-217],[13148,-365],[12787,-331],[11425,-322]],[[154124,42445],[0,0]]]}