{"type":"Topology","transform":{"scale":[1.0E-6,1.0E-6],"translate":[-71.23304446977566,41.7394081314219]},"objects":{"MA":{"geometries":[{"arcs":[[1,2,3,4,5,6],[7,8,9,10],[11],[12]],"id":191,"type":"Polygon","properties":{"bound":{"minx":-71.31656546729619,"miny":41.733281204494546,"maxx":-71.20139124868815,"maxy":41.780058245021436}}},{"arcs":[[-1,13],[14,15],[16]],"id":325,"type":"Polygon","properties":{"bound":{"minx":-71.2454988719436,"miny":41.708414944399294,"maxx":-71.19204074547962,"maxy":41.73607908828085}}}],"type":"GeometryCollection"}},"arcs":[[[40965,-11266],[-7490,2600],[-5002,793],[606,2264],[3824,-584],[244,901],[-1695,918],[-1444,914]],[[13134,35731],[-1124,-5750],[245,-2951],[-206,-4246],[9055,1400],[840,-374],[210,-880],[-67,-609],[1263,-1888],[312,-1462],[97,-1552],[485,-1422],[367,-1810],[474,-1616],[-605,-1521],[-244,0],[-176,113],[119,-305],[2549,-383],[1454,61],[554,155],[397,206],[187,-15],[323,-289],[50,-237],[520,-89],[-34,-2246],[840,-534],[-130,-583],[237,-126]],[[31126,6778],[8,-621],[-496,-406],[481,-297],[366,-691],[-68,-483],[-366,-133],[-634,50],[-153,-70],[-488,-622],[92,-277],[488,-81],[176,-663],[328,-34],[283,-139],[-16,-270],[276,-747],[22,-315],[-282,-424],[122,-547],[-626,-209],[-76,-164],[168,-312],[-15,-212],[-183,-179],[-450,-211],[-31,-235],[-236,-423],[534,-1035],[-671,-405],[-527,107],[-893,641],[-947,265],[-1107,-165],[-511,49],[-183,122],[-23,279],[275,212],[30,118],[-504,360],[-435,-279],[-313,120],[-488,40],[-397,119],[-863,-12],[-115,110],[168,647],[-382,529],[-259,-348],[-748,238],[-412,271],[229,-400],[298,-242],[351,-129],[-23,-459],[-229,-243],[-305,-569],[92,-525],[-176,-400],[-366,-435],[-656,-359],[-206,-193],[-435,-49],[-588,-187],[-709,-676],[-1328,-566],[46,-94],[489,-139],[-49,-126]],[[17480,-5745],[-1490,284],[-1097,53],[-19179,-874],[-962,46],[-7104,817]],[[-12352,-5419],[-4095,4584],[-11490,13544],[-19177,8076],[232,58],[278,197],[-86,186],[223,106],[93,261],[119,29],[101,-142],[224,106],[44,400],[-264,125],[-13,175],[207,-2],[225,133],[192,-20],[-234,-298],[189,-180],[276,170],[-85,218],[272,-18],[202,84],[25,174],[-209,301],[127,37],[204,-126],[38,68],[-223,277],[-348,44],[-35,94],[311,62],[33,140],[163,56],[17,86],[-213,157],[422,20],[249,268],[96,2],[107,-137],[18,135],[-197,112],[16,68],[185,43],[132,364],[-73,26],[-324,-350],[-66,57],[87,333],[-410,-141],[-95,119],[159,209],[319,-9],[315,192],[191,-23],[-24,475],[-286,-78],[-272,98],[-286,-190],[-718,216],[-286,-146],[-403,118],[-66,121],[-95,11],[-176,-147],[-726,-46],[-132,-111],[-191,-463],[-821,-530],[-807,-763],[-110,-597],[-381,-264],[-360,-79],[81,-512],[-205,-65],[-214,91],[155,230],[-80,412],[249,127],[264,10],[462,329],[-169,199],[-212,50],[0,76],[704,406],[-81,341],[-381,226],[125,295],[521,497],[66,272],[-477,-32],[-88,-110],[88,-206],[-103,-33],[-212,162],[-8,104],[404,296],[227,329],[448,274],[0,135],[-140,124],[-469,161],[-198,613],[118,219],[682,446],[418,756],[-15,243],[-278,260],[-58,440],[242,131],[103,434],[-147,439],[359,367],[-644,631],[-396,645],[-696,261],[-37,206],[381,247],[1416,248],[410,139],[345,291],[103,403],[-543,426],[-381,-49],[-682,72],[-322,111],[-7,108],[337,299],[740,78],[360,115],[36,159],[-216,59]],[[-47653,35641],[58034,5062]],[[10381,40703],[-594,-3365],[3444,-1130],[-97,-477]],[[-51978,35400],[1435,-7],[1323,118]],[[-49220,35511],[-240,-564],[80,-449],[374,-172],[1136,-207],[264,-103],[73,-125],[-1664,-42],[-521,-177],[-410,-454],[65,-656],[198,-550],[652,-1081],[51,-823],[-308,-556],[-242,45],[-396,325],[-454,18],[-411,168],[-359,-71],[-294,-276],[-14,-211],[615,-740],[81,-318],[-423,-1173],[-308,-372],[-163,-532],[-947,-1206],[-133,-480],[-325,-454],[270,-778],[5,-94],[-118,-74],[-20148,8528],[-2600,814],[-421,181],[-1066,733],[-6078,2567]],[[-83399,36152],[23988,-681]],[[-59411,35471],[7433,-71]],[[-47560,23115],[-308,-299],[22,-274],[-191,-49],[-197,194],[-374,38],[212,238],[345,-61],[469,365],[228,0],[0,-81],[-206,-71]],[[-48679,21496],[-294,78],[54,127],[76,14],[164,-219]],[[40965,-11266],[-156,-107],[-2344,793],[-7,-167],[397,-15],[137,-114],[69,-256],[504,-661],[-168,-480],[-221,-131],[-275,-667],[-168,-688],[168,-352],[-923,-518],[-1061,-1254],[46,-314],[321,-458],[7,-211],[-243,-338],[-298,-218],[-69,-172],[76,-656],[-259,-253],[-137,-727],[-229,-518],[-30,-406],[305,-111],[-53,-195],[-489,31],[-404,-201],[-23,-275],[-145,-102],[-290,-582],[-297,-46],[-443,-1072],[-205,-247],[-1061,-736],[-99,-132],[53,-157],[-267,-95],[-267,-384],[-122,-20],[-53,-285],[-221,-261],[-115,-321],[16,-514],[-382,-210],[-290,-361],[-129,-628],[160,-249],[-450,-306],[16,-464],[-77,-159],[-114,-124],[-862,-228],[-443,-477],[-61,-325],[-984,-384],[-877,-161],[-69,-136],[-397,1],[-213,-287],[-2212,-624],[-695,-99],[-702,275],[-763,611],[38,122],[466,-76],[69,87],[-329,525],[-290,237],[-1671,428],[-1412,242],[-1633,649],[-885,636],[-382,393],[-137,245],[0,284],[121,236],[481,622],[641,-95],[595,-376],[-7,-86],[-420,-364],[-389,-7],[-190,-324],[381,-28],[374,-160],[427,54],[358,331],[260,86],[473,720],[153,44],[-115,146],[145,215],[-1,211],[-91,152],[-320,47],[-199,150],[-702,225],[-15,-343],[-160,-70],[-420,-522],[-175,28],[-138,151],[-305,-51],[602,1187],[580,187],[397,-92],[183,-145],[405,-19],[297,-170],[611,-6],[190,58],[870,665],[900,1355],[99,326],[450,121],[312,285],[306,-52],[862,205],[206,193],[610,233],[351,268],[740,721],[420,909],[98,952],[222,508],[-413,537],[84,452],[-542,75],[-160,-381],[153,-731],[-450,-1153],[-23,-329],[405,-505],[-107,-61],[-527,301],[-862,938],[-1779,1389],[-1183,369],[-389,276],[-1076,533],[-1764,556],[-297,260],[-344,56],[-763,292],[-2984,717],[-1489,227],[-267,243],[-557,57],[-656,379],[-733,103],[-565,182],[-290,166],[7,126],[832,-2],[305,101],[100,141],[-31,1116],[373,413],[275,68],[122,-83],[38,-193],[-68,-474],[191,-451],[-30,-559],[290,-310],[633,-307],[810,-214],[91,24],[259,487],[92,15],[519,-255],[588,-120],[1167,244],[1481,483],[152,-92],[123,-826],[374,-276],[441,-102],[215,-295],[-15,-199],[1496,331],[236,265],[298,141],[38,127],[389,165],[534,411],[946,122],[496,401],[-427,-89],[-534,165],[-496,18],[-436,311],[-885,96],[-198,752],[-726,27],[-297,93],[-504,544],[15,203],[-466,311],[-275,310],[-46,337],[405,111],[259,262],[120,309],[-143,794],[-520,881],[90,1091],[291,47],[741,-206],[503,541],[862,458],[222,270],[351,97],[938,459],[450,81],[557,609],[413,206],[358,-96],[558,-476],[1038,-250],[671,-564],[382,-172],[779,-125],[633,192],[267,208],[764,370],[771,-43],[954,-198],[61,415],[-520,346],[-7,99],[161,116]],[[17480,-5745],[-150,-242],[-191,5],[-458,216],[-159,6],[-62,-168],[-504,-122],[-61,-217],[169,-470],[320,-475],[-114,-102],[-1137,-427],[-481,-334],[-945,-486],[-474,-27],[-420,248],[-672,-53],[-312,-204],[-404,-526],[-741,197],[-206,1],[-351,-151],[-236,198],[-405,37],[-641,10],[-427,-211],[-69,350],[229,383],[-62,80],[-351,-219],[-320,57],[-191,-413],[-427,68],[-260,-410],[-343,-183],[-183,-210],[245,-360],[229,-672],[-389,-957],[39,-279],[1923,-746],[-152,-79],[-2000,357],[-587,-291],[435,-234],[741,-171],[640,229],[161,-1],[38,-103],[-69,-92],[-320,-114],[-183,-224],[-83,-1308],[99,-516],[-251,-365],[-69,-289],[54,-242],[298,-332],[-84,-227],[145,-731],[115,-205],[-8,-261],[161,-232],[-130,-331],[221,-216],[-76,-231],[130,-228],[1,-337],[-115,-201],[99,-308],[-29,-555],[191,-293],[-46,-416],[92,-178],[274,-58],[8,-315],[-274,-131],[-282,-370],[290,-459],[-114,-209],[-30,-725],[83,-170],[-411,-409],[-8,-243],[-183,-197],[23,-162],[-206,-319],[199,-537],[-274,-311],[-229,-486],[54,-382],[237,-144],[-102,-158],[-19314,21644]],[[-12352,-5419],[7104,-817],[962,-46],[19179,874],[1097,-53],[1490,-284]],[[18318,-11931],[1160,-310],[176,-222],[-8,-217],[-168,-178],[-610,-431],[-252,-32],[-267,72],[-603,429],[-221,-27],[412,378],[205,522],[176,16]]]}