{"type":"Topology","transform":{"scale":[1.0E-6,1.0E-6],"translate":[-70.56837582702165,41.439761018922475]},"objects":{"MA":{"geometries":[{"arcs":[[1,-1,2,3,4],[5],[6,7,8],[9,10],[11],[12]],"id":1128,"type":"Polygon","properties":{"bound":{"minx":-70.62173427988718,"miny":41.413721479552535,"maxx":-70.5471095651934,"maxy":41.47104221781113},"Geoid10":"25007200200"}}],"type":"GeometryCollection"}},"arcs":[[[-32003,-9997],[55,-136],[-1383,-1457],[-885,-163],[-592,-215],[-31,-1234],[-3623,3702],[-191,239],[-3786,3891],[-2911,2941],[-1744,2076],[-3468,3373],[-501,545],[-1865,1836],[2190,-11339],[279,-1622],[507,-1819],[0,-396],[908,-4795],[222,-932],[2080,-10589]],[[-3968,-25158],[-165,-44],[-57,34],[-1121,-822],[-19733,-33],[-757,-35],[-1082,33],[-797,-39],[-6313,-22],[-6371,38],[-6378,-43]],[[-32003,-9997],[317,-172],[182,-33],[102,11],[88,49],[36,127],[-66,329],[30,159],[109,154],[211,104],[22,66],[-36,214],[-117,143],[-657,477],[-95,138],[29,120],[408,555],[314,620],[211,110],[73,116],[80,274],[-15,253],[183,269],[109,98],[423,703],[379,154],[117,88],[189,258],[58,176],[66,71],[585,327],[851,689],[482,434],[561,730],[211,385],[44,285],[-59,511],[110,181],[1232,571],[540,312],[1517,1263],[299,357],[138,544],[-59,208],[-153,297],[204,66],[708,-49],[153,27],[124,-11],[226,66],[314,143],[802,505],[183,225],[58,132],[36,236],[-58,511],[29,181],[58,99],[95,93],[1430,747],[780,1340],[248,302],[1167,1109],[175,252],[65,258],[-22,121],[37,44],[-30,214],[-109,275],[-329,532],[-80,220],[-7,164],[138,209],[365,154],[511,88],[335,121],[329,153],[627,396],[160,241],[139,105],[460,510],[299,247],[277,302],[175,379],[306,911],[167,1258],[0,554],[51,269],[-58,286],[21,417],[-87,461],[-197,208],[-1256,901],[-347,211],[-346,178],[-613,170],[-197,11],[-249,71],[-810,6],[-299,-66],[-583,-335],[-139,-148],[-358,-39],[-496,296],[-272,76]],[[-18644,19131],[-265,228],[-111,-9],[-251,63],[-384,196]],[[-19655,19609],[-126,588],[29,66],[226,77],[365,-44],[635,-154],[292,-33],[533,-115],[613,-22],[416,77],[898,336],[554,351],[963,774],[795,813],[190,241],[65,204],[132,225],[58,38],[153,17],[387,175],[788,593],[328,412],[307,319],[766,659],[1109,1048],[861,659],[657,346],[175,154],[0,181],[627,351],[95,99],[37,110],[445,143],[197,225],[-44,137],[36,39],[212,49],[255,115],[117,77],[-14,132],[73,49],[452,132],[168,242],[263,-17],[102,33],[263,171],[57,86],[278,23],[219,83],[-22,126],[292,82],[241,17],[110,49],[189,127],[59,109],[299,88],[124,88],[-29,0],[168,181],[408,363],[548,285],[277,77],[533,-5],[627,-88],[510,-121],[329,22],[175,-22],[533,-181],[234,39],[291,-33],[168,-94],[468,-175],[1000,-308],[386,-219],[445,-313],[1599,-1592],[701,-922],[1051,-1521],[1065,-2317],[-65,-148],[985,-1795],[117,-187],[124,-120],[292,-165],[372,-121],[-1438,-488],[-124,16],[-44,71],[-65,357],[-256,357],[110,231],[-161,324],[-335,247],[-117,22],[-329,142],[-51,66],[-168,50],[-649,-1159],[51,-137],[-29,-318],[-394,-462],[-95,-236],[-139,-521],[-437,-994],[-37,-197],[102,-253],[584,-346],[263,-110],[14,-38],[365,-82],[1686,104],[321,110],[66,55],[73,214],[29,767],[219,622],[102,148],[219,93],[95,291],[270,170],[51,121],[-22,105],[562,192],[-29,-319],[43,-165],[161,-285],[1131,-1521],[963,242],[-14,60],[95,50],[408,0],[22,-55],[66,22],[197,247],[-95,11],[270,241],[66,-44],[-168,-192],[58,-27],[-204,-390],[-569,-170],[-117,154],[-956,-269],[285,-731],[87,-417],[569,-938],[-14,-66],[146,-302],[693,-681],[-270,-77],[-51,-66],[700,-1449],[343,-395],[-197,-39],[182,-867],[256,-313],[328,-225],[-336,-50],[423,-1948],[30,-275],[-37,-274],[-87,-286],[-219,-362],[-161,-121],[-197,-231],[-379,-537],[-30,-127],[15,-197],[146,-291],[350,-434],[7,-88],[-313,-214],[-117,-198],[124,-1010],[226,-894],[467,-1466],[80,-895],[58,-143],[153,-851],[0,-527],[-1415,374],[80,285],[212,373],[-37,291],[117,275],[-7,77],[-73,44],[-66,120],[0,143],[153,121],[321,132],[103,93],[-51,379],[-227,77],[-102,82],[73,247],[-240,538],[-227,906],[15,120],[-124,253],[110,176],[-66,521],[14,148],[44,182],[234,433],[-139,192],[-255,248],[-117,-105],[-15,-55],[197,-263],[1,-77],[-88,-154],[-219,-214],[-248,-785],[-22,-285],[29,-214],[190,-363],[14,-137],[102,-258],[336,-132],[124,-186],[66,-215],[-146,-137],[-22,-66],[22,-472],[-205,-186],[-182,-110],[-87,-126],[138,-209],[183,-418],[21,-131],[-58,-187],[-44,-104],[-175,-143],[-66,-406],[-262,-220],[-547,-324],[-37,-126],[51,-460],[204,-181],[263,-16],[117,49],[51,27],[22,280],[197,148],[197,225],[189,-17],[796,-241],[-467,-93],[-327,-115],[-439,-242],[-175,-181],[-387,-170],[-66,-66],[-36,-121],[14,-252],[-240,-401],[36,-197],[-95,-687],[73,-510],[-109,-535],[-66,-860],[-161,-883],[-14,-253],[-59,-154],[15,-1092],[-1868,-181],[81,444],[-212,434],[-365,494],[-379,401],[-678,494],[-248,110],[-394,99],[-474,16],[-803,-154],[-197,-76],[-649,-346],[-234,-77],[-270,0],[-1152,-110],[-182,71],[-146,165],[-146,302],[-110,38],[-116,170],[-139,-27],[-117,-99],[-36,-110],[65,-175],[227,-225],[22,-132],[-73,-176],[-241,-324],[-44,-411],[-277,-291],[-372,-237],[-212,-192],[-116,-181],[-137,-43],[13,-56],[-44,-66],[51,-76],[-66,-77],[0,-50],[-80,-54],[-146,-237],[-189,-87],[-533,-445],[-394,-505],[-269,-423],[-95,-49],[-146,-341],[-44,-241],[102,-203],[146,-99],[533,-181],[72,-61],[-7,-33],[-87,-38],[-584,110],[-51,-33],[15,-44],[131,-137],[-7,-39],[-504,-55],[-218,-104],[-37,-231],[44,-181],[-58,-44],[-73,-346],[66,-170],[240,-137],[409,-362],[408,-187],[598,-110],[81,-44],[124,11],[80,-60],[124,-269],[190,-93],[255,60],[102,66],[7,38],[102,11],[168,-16],[153,-77],[175,0],[270,50],[44,-33],[328,5],[88,-38],[14,-33],[-211,-192],[-241,-335],[-14,-154],[-270,-274],[58,-116],[-65,-115],[116,-148],[-51,-116],[117,-153],[0,-192],[153,-149],[58,-170],[-58,-71],[-44,-225],[-51,-412],[37,-198],[-37,-203],[175,-390],[-7,-65],[-80,-94],[-387,-247],[-642,-296],[-211,-126],[-693,-780],[-73,-203],[-22,-209],[-153,-165],[-313,-170],[-562,-110],[-262,-98],[-278,-22],[-248,109],[-239,55],[-423,-82],[-452,-319],[-248,-54],[-183,-99],[-218,-192],[-22,-99],[-167,-83],[-256,-60],[-226,-126],[-307,-44],[-109,-44],[-175,-148],[-131,-275],[-292,-148],[-36,-66],[14,-214],[-80,-137],[168,-154],[65,-22],[132,-181],[131,-28],[124,-77],[233,-296],[59,-176],[146,-109],[372,-187],[0,-77],[-59,-159],[-182,-93],[-29,-72],[0,-66],[160,-175],[-21,-154],[-139,-137],[-459,-181],[-358,-105],[-102,-82],[-116,-253],[-8,-132],[-313,-554],[-153,-181],[-88,-297],[19,-85]],[[-10170,19452],[-87,-66],[-175,39],[-205,-72],[-138,-5],[-161,-49],[-190,10],[-51,-104],[15,-126],[-460,-170],[-73,-50],[15,-66],[168,-104],[131,-5],[88,-61],[284,-98],[292,0],[307,71],[168,71],[430,275],[409,126],[36,39],[-204,203],[-22,164],[-51,33],[-190,6],[-336,-61]],[[19283,-23364],[-437,-220]],[[18846,-23584],[-431,65],[-102,94],[-226,779],[-444,945],[-394,549],[-160,164],[-212,83],[-576,856],[-481,472],[-219,884],[-131,291],[-226,346],[-438,478],[-576,340],[-88,93],[-328,1252],[-138,362],[22,928],[-110,351],[-233,451],[-350,477],[-467,489],[-379,280],[-606,357],[-219,175],[-102,138],[-94,269],[22,109],[-44,846],[58,181],[146,186],[88,264],[87,653],[-7,637],[-95,489],[-109,247],[-351,488],[-43,192],[51,171],[1641,164],[-58,-208],[0,-154],[226,-1164],[138,-1186],[365,-1811],[620,-1620],[313,-582],[701,-993],[379,-791],[1050,-1905],[437,-532],[343,-494],[394,-473],[2093,-2761],[758,-813],[124,-175],[-15,-77],[-124,-105],[-248,-115],[-250,-210]],[[19828,-23158],[-545,-206]],[[14696,-25709],[-53,940]],[[14643,-24769],[206,202],[234,49],[357,171],[-15,55],[248,175],[-87,66],[22,93],[167,286],[117,110],[306,120],[124,6],[88,-44],[102,-198],[36,-356],[-145,-269],[-343,-302],[-175,-291],[-241,-17],[-36,-82],[-117,-22],[-80,-115],[-212,16],[-153,-38],[-102,-176],[-66,-38],[-116,-269],[-66,-72]],[[4733,-11479],[-14,-149],[175,55],[292,236],[87,28],[212,16],[197,-66],[22,-60],[-103,-225],[-51,-362],[-218,-209],[-88,-489],[-66,-27],[-233,22],[-131,-66],[-117,0],[-80,253],[-154,104],[-131,148],[-29,99],[124,187],[-314,312],[-7,385],[51,5],[51,66],[-95,82],[219,143],[190,11],