{"type":"Topology","transform":{"scale":[1.0E-6,1.0E-6],"translate":[-70.58057246754808,41.90320166523685]},"objects":{"MA":{"geometries":[{"arcs":[[7,8,9,10,11]],"id":304,"type":"Polygon","properties":{"bound":{"minx":-70.60175994238284,"miny":41.84544108897633,"maxx":-70.53470086318438,"maxy":41.9238155707776},"Geoid10":"25023530801"}},{"arcs":[[12,13,-7,-3,14,-6,11]],"id":322,"type":"Polygon","properties":{"bound":{"minx":-70.62069253419634,"miny":41.80403476978073,"maxx":-70.53382938064077,"maxy":41.866483832730104},"Geoid10":"25023530902"}},{"arcs":[[-2,-4,15,16,17]],"id":327,"type":"Polygon","properties":{"bound":{"minx":-70.57118297776877,"miny":41.839071633713125,"maxx":-70.52442224247419,"maxy":41.9335496918044},"Geoid10":"25023530802"}},{"arcs":[[-1,-5,18,19,20],[21,22],[23]],"id":359,"type":"Polygon","properties":{"bound":{"minx":-70.65550718831274,"miny":41.87409652155838,"maxx":-70.55931311119782,"maxy":42.01319196454847},"Geoid10":"25023530700"}}],"type":"GeometryCollection"}},"arcs":[[[10629,20906],[333,787],[324,1117],[131,249],[959,1270],[387,334],[2045,1122],[988,726],[98,109],[115,277],[77,817],[69,249],[224,358],[364,368],[252,192],[307,180],[1234,569],[935,483],[616,537]],[[38673,-58247],[227,-276],[580,-849],[508,-568],[215,-365],[-64,-311],[-397,-800],[-287,-765],[-118,-182],[448,-218],[129,-135],[140,-251],[240,-610],[109,-111],[333,-116],[675,-157],[876,-322],[1065,-128],[1328,1646]],[[-36168,-68540],[8303,-1859],[2530,-534],[1885,-782],[1757,-18],[7794,-1677],[4698,-1236],[413,-2880],[1076,360],[243,201],[314,140],[356,383],[172,545],[84,500],[185,580],[90,486],[-1,186],[140,593],[112,207],[251,194],[174,217],[310,144],[453,84],[230,-4],[577,54],[1302,-22],[740,120],[107,40],[169,125],[239,320],[191,158],[122,198],[58,223],[-76,223],[53,172],[-426,742],[-290,276],[-106,301],[-103,147],[-16,198],[55,182],[188,345],[552,367],[306,73],[615,61],[350,-14],[587,-91],[475,-36],[675,200],[18,-195],[87,-211],[408,-538],[337,-267],[981,-599],[530,-411],[182,-102],[417,-162],[556,-116],[265,3],[750,92],[902,-187],[535,-250],[474,-395],[263,-142],[179,-59],[449,-87],[584,-56],[2519,12],[349,-107],[785,-331],[375,-47],[407,53],[357,138],[500,268],[157,42],[195,3],[429,-144],[662,-286],[352,-191],[270,-195],[287,-138],[504,-145],[905,-179],[412,-127],[202,-108],[243,-220],[793,-1067],[212,-236],[165,-129],[1154,-607],[979,-1003],[233,-309],[467,-1000],[206,-307],[325,-193],[815,-229],[434,-233],[565,-679],[1594,-1591],[295,-347],[101,-210],[109,-419],[174,-1332],[80,-134],[131,-37],[-111,-666],[53,-491],[114,-465],[267,-506],[813,-1126],[858,-1904],[459,-853],[289,-861],[190,-1513],[183,-658],[199,-477],[715,-1159],[418,-858],[1858,-4437]],[[10629,20906],[876,-573],[2001,-1603],[356,-347],[307,-397],[418,-676],[281,-671],[276,-522],[215,-300],[366,-293],[1113,-613],[298,-97],[388,-61],[2863,-226],[631,-80],[593,-109],[771,-192],[646,-235],[558,-313],[1157,-937],[1977,-1431],[805,-876],[1383,-1417],[289,-398],[277,-584],[232,-1082],[235,-1463],[-70,-1853],[-38,-361],[-114,-332],[-1560,-3443],[-66,-390],[50,-270],[93,-203],[183,-241],[226,-194],[1637,-1031],[275,-234],[166,-226],[108,-235],[126,-1052],[89,-282],[302,-470],[978,-778],[393,-237],[656,-311],[608,-331],[1888,-1347],[593,-660],[821,-1356],[398,-557],[482,-457],[444,-284],[723,-392],[425,-321],[1841,-2560],[312,-316],[222,-161],[1057,-473],[236,-189],[322,-369],[322,-462],[282,-537],[135,-571],[70,-872],[-42,-374],[-354,-1563],[-50,-412],[40,-746],[107,-897],[28,-764],[-44,-571],[-148,-993],[-567,-2003],[4,-304],[41,-403],[117,-334],[113,-237],[918,-1489],[202,-518],[131,-582],[29,-429],[-50,-608],[-220,-782],[-639,-1208],[-152,-381],[-579,-1914],[-280,-543],[-1106,-1844],[-130,-332],[-140,-748],[-377,-2642],[-87,-1065],[269,-732],[929,-1937],[232,-674],[1242,-5324],[74,-545],[-3,-299],[-89,-441],[-159,-429],[-243,-420],[-385,-464],[-683,-588],[-1474,-1113],[-2358,-1647]],[[-20789,-29518],[2759,2283],[296,396],[269,658],[251,469],[482,649],[5149,4913],[561,466],[458,306],[4080,2363],[524,387],[566,555],[1059,1443],[266,297],[509,418],[693,463],[252,206],[178,163],[281,343],[206,365],[135,389],[675,3214],[176,519],[176,336],[403,451],[483,395],[752,511],[299,266],[365,435],[2798,4638],[274,583],[250,698],[218,982],[420,3673],[125,381],[489,1016],[1236,2277],[156,441],[229,1141],[-30,595],[-131,368],[-389,741],[-74,378],[-1,226],[204,1266],[349,1448],[198,2166],[95,459],[155,383],[335,469],[2209,2436]],[[38673,-58247],[-1608,1023],[-806,578],[-184,175],[-142,273],[-133,769],[-123,289],[-128,193],[-932,1187],[-724,479],[-799,1026],[-349,317],[-334,220],[-575,303],[-158,64],[-640,150],[-1119,529],[-652,507],[-581,675],[-159,142],[-778,545],[-1492,838],[-752,602],[-263,141],[-1214,464],[-638,365],[-940,367],[-1678,933],[-640,312],[-349,245],[-450,558],[-355,281],[-214,108],[-534,157],[-376,182],[-426,373],[-104,317],[-120,946],[8,391],[123,706],[-7,160],[-42,138],[-345,587],[-58,267],[47,337],[218,387],[53,276],[-132,166],[-139,64],[-169,33],[-1314,-49],[-853,7],[-1681,240],[-1002,261],[-1541,775],[-816,167],[-520,203],[-415,90],[-2210,-36],[-904,-106],[-354,-108],[-221,-137],[-789,-798],[-289,-248],[-300,-193],[-264,-95],[-277,-60],[-1103,-19],[-256,-116],[-216,-148],[-220,-209],[-354,-501],[-96,-256],[-196,-210],[-240,-131],[-727,-148],[-832,-333],[-371,-243],[-464,-427],[-477,-230],[-337,-237],[-400,-391],[-144,-188],[-303,-492],[-510,-1040],[-243,-256],[-390,-270]],[[34709,-99768],[8362,7242]],[[38673,-58247],[-1608,1023],[-806,578],[-184,175],[-142,273],[-133,769],[-123,289],[-128,193],[-932,1187],[-724,479],[-799,1026],[-349,317],[-334,220],[-575,303],[-158,64],[-640,150],[-1119,529],[-652,507],[-581,675],[-159,142],[-778,545],[-1492,838],[-752,602],[-263,141],[-1214,464],[-638,365],[-940,367],[-1678,933],[-640,312],[-349,245],[-450,558],[-355,281],[-214,108],[-534,157],[-376,182],[-426,373],[-104,317],[-120,946],[8,391],[123,706],[-7,160],[-42,138],[-345,587],[-58,267],[47,337],[218,387],[53,276],[-132,166],[-139,64],[-169,33],[-1314,-49],[-853,7],[-1681,240],[-1002,261],[-1541,775],[-816,167],[-520,203],[-415,90],[-2210,-36],[-904,-106],[-354,-108],[-221,-137],[-789,-798],[-289,-248],[-300,-193],[-264,-95],[-277,-60],[-1103,-19],[-256,-116],[-216,-148],[-220,-209],[-354,-501],[-96,-256],[-196,-210],[-240,-131],[-727,-148],[-832,-333],[-371,-243],[-464,-427],[-477,-230],[-337,-237],[-400,-391],[-144,-188],[-303,-492],[-510,-1040],[-243,-256],[-390,-270]],[[-4868,-44034],[-15921,14516]],[[-20789,-29518],[2759,2283],[296,396],[269,658],[251,469],[482,649],[5149,4913],[561,466],[458,306],[4080,2363],[524,387],[566,555],[1059,1443],[266,297],[509,418],[693,463],[252,206],[178,163],[281,343],[206,365],[135,389],[675,3214],[176,519],[176,336],[403,451],[483,395],[752,511],[299,266],[365,435],[2798,4638],[274,583],[250,698],[218,982],[420,3673],[125,381],[489,1016],[1236,2277],[156,441],[229,1141],[-30,595],[-131,368],[-389,741],[-74,378],[-1,226],[204,1266],[349,1448],[198,2166],[95,459],[155,383],[335,469],[2209,2436]],[[10629,20906],[876,-573],[2001,-1603],[356,-347],[307,-397],[418,-676],[281,-671],[276,-522],[215,-300],[366,-293],[1113,-613],[298,-97],[388,-61],[2863,-226],[631,-80],[593,-109],[771,-192],[646,-235],[558,-313],[1157,-937],[1977,-1431],[805,-876],[1383,-1417],[289,-398],[277,-584],[232,-1082],[235,-1463],[-70,-1853],[-38,-361],[-114,-332],[-1560,-3443],[-66,-390],[50,-270],[93,-203],[183,-241],[226,-194],[1637,-1031],[275,-234],[166,-226],[108,-235],[126,-1052],[89,-282],[302,-470],[978,-778],[393,-237],[656,-311],[608,-331],[1888,-1347],[593,-660],[821,-1356],[398,-557],[482,-457],[444,-284],[723,-392],[425,-321],[1841,-2560],[312,-316],[222,-161],[1057,-473],[236,-189],[322,-369],[322,-462],[282,-537],[135,-571],[70,-872],[-42,-374],[-354,-1563],[-50,-412],[40,-746],[107,-897],[28,-764],[-44,-571],[-148,-993],[-567,-2003],[4,-304],[41,-403],[117,-334],[113,-237],[918,-1489],[202,-518],[131,-582],[29,-429],[-50,-608],[-220,-782],[-639,-1208],[-152,-381],[-579,