{"type":"Topology","transform":{"scale":[1.0E-6,1.0E-6],"translate":[-72.31458935000138,42.117545666676286]},"objects":{"MA":{"geometries":[{"arcs":[[5,6,7,8,-4,9]],"id":1223,"type":"Polygon","properties":{"bound":{"minx":-72.32391398236034,"miny":42.03130897521454,"maxx":-72.2707338489046,"maxy":42.14517932274609},"Geoid10":"25013813701"}},{"arcs":[[-1,10,11,12,13,-5,-3,14]],"id":1224,"type":"Polygon","properties":{"bound":{"minx":-72.38725001806925,"miny":42.031491284213615,"maxx":-72.3069232828558,"maxy":42.16202753259021},"Geoid10":"25013813702"}},{"arcs":[[15,16,-2,17,18]],"id":1225,"type":"Polygon","properties":{"bound":{"minx":-72.27064757021806,"miny":42.029416632766456,"maxx":-72.13498084477918,"maxy":42.0933508930957},"Geoid10":"25013813801"}}],"type":"GeometryCollection"}},"arcs":[[[-6667,-85557],[-935,3472],[-213,2236],[-280,1778],[-296,1355],[-478,1723],[-130,747],[-446,3441],[-90,1097],[38,1036],[146,910],[169,546],[263,545],[318,475],[1065,1203],[191,591],[49,285],[-20,574],[-389,1551],[-11,370],[358,1591],[8,1167],[103,559],[314,1506],[269,673],[377,521],[1052,923],[430,465],[174,248],[779,1410],[361,462],[1473,1427],[956,834],[678,720],[397,497],[1220,1777],[442,729],[187,360],[733,1811],[137,565],[37,2261],[135,1669],[256,2224],[71,1359],[216,833],[1045,3466],[96,666],[-103,1018],[-159,755],[-2083,7005],[-386,1179],[-356,406],[-2665,2565],[-2100,1964],[-658,559],[-125,159],[-47,174],[5,494],[186,699],[506,1038],[154,453],[627,2163],[301,575],[1003,1429],[177,334],[308,1421],[181,549],[1990,4520],[422,818],[751,1231],[788,932],[316,324],[1128,1617],[1490,1867],[1158,1744],[201,361],[250,659],[254,1979],[-3,297],[-120,464],[-537,1388],[-699,1653],[-465,1365],[-2330,7816],[-372,599],[-401,353],[-1557,1237],[-358,340],[-203,276],[-245,605]],[[44494,-25023],[-580,-60842]],[[812,26485],[-136,90],[-29,60],[30,534],[131,610],[34,625],[-52,198],[-447,514],[-766,983],[-320,96],[-224,240],[-160,32],[-320,-48],[-288,-96],[-384,-80],[-512,-208],[-736,-928],[-96,-224],[-160,-224],[-224,-80],[-256,64],[-224,80],[-192,128],[-544,208],[-320,80],[-224,16],[-96,48],[-64,224],[-192,400],[-384,688],[-288,352],[-128,224],[-128,112],[-224,288],[-368,240],[-432,160],[-224,-16],[-160,-48],[-294,-239],[-442,-81],[-816,352],[-160,192],[-464,944],[-192,240],[-256,208],[-336,128],[-272,48],[-624,64],[-740,20],[-1570,261],[-341,100],[-243,128],[-275,195],[-180,193],[-262,398],[-378,708],[-647,1450],[-191,561],[-497,793],[-243,320],[-832,717],[-280,156],[-52,155],[42,374],[-81,112],[-288,224],[-208,81],[-944,514],[-193,176],[-128,64],[-272,48],[-208,81],[-320,48],[-512,16],[-480,81],[-770,48],[-352,113],[-304,33],[-288,-16],[-464,-95],[-113,48],[-400,-64],[-576,-223],[-336,-96],[-144,0],[-400,160],[-48,48],[-353,1171],[-128,256],[-96,80],[-97,177],[-128,160],[-560,256],[-272,17],[-224,-48],[-528,-208],[-241,-383],[-512,-399],[-144,-47],[-112,80],[-48,96],[14,416],[-288,449],[-512,352],[-192,97],[-224,64],[-208,0],[-401,-96],[-480,-287],[-448,-334],[-352,-160],[-289,80],[-192,128]],[[40249,26307],[-193,97],[-258,47],[-306,49],[-257,-15],[-532,-112],[-1450,-445],[-306,-32],[-1578,243],[-258,0],[-386,-79],[-532,-191],[-274,-159],[-341,-432],[-260,-675],[-370,-680],[-560,-106],[-2443,-211],[-284,-2],[-481,16],[-478,116],[-204,167],[-63,173],[-112,69],[-396,29],[-339,178],[-342,13],[-651,-155],[-335,-15],[-630,206],[-602,92],[-490,22],[-240,-33],[-405,33],[-258,71],[-730,329],[-1094,1180],[-337,183],[-388,61],[-317,11],[-369,-98],[-423,-175],[-490,-299],[-506,-125],[-301,62],[-251,152],[-475,638],[-404,378],[-227,102],[-430,99],[-689,105],[-456,-4],[-394,-48],[-721,-202],[-273,-48],[-600,-68],[-618,-119],[-444,-6],[-431,-83],[-344,36],[-655,187],[-664,142],[-421,16],[-790,-43],[-310,23],[-274,-47],[-164,82],[-311,62],[-164,73],[-672,183],[-293,56],[-284,-9],[-339,-83],[-732,-97],[-879,-511],[-946,-601],[-308,-137],[-264,-175],[-248,-53],[-669,61],[-936,282],[-318,201],[-470,226]],[[-33684,43530],[-216,-302],[-314,-294],[-104,-32],[-443,99],[-216,199],[-141,82],[-603,120],[-85,44],[-673,-153],[-749,-89],[-510,-24],[-1026,60],[-850,-38],[-601,-102],[-650,-194],[-5026,-1957],[-717,-319],[-1336,-801],[-984,-721],[-681,-559],[-944,-711],[-872,-513],[-727,-316],[-707,-243],[-1046,-326],[-822,-184],[-4337,-296],[-1671,-182],[-1514,-274],[-735,-204],[-1874,-596],[-592,-135],[-631,-78],[-687,4],[-333,51],[-1072,271],[-396,48],[-1420,-10],[-1878,-187],[-393,7],[-2090,160]],[[40249,26307],[-36,-1157],[148,-1798],[4133,-48375]],[[44494,-25023],[-580,-60842]],[[43914,-85865],[-902,36],[-28061,75],[-17509,116],[-4109,81]],[[-6667,-85557],[-935,3472],[-213,2236],[-280,1778],[-296,1355],[-478,1723],[-130,747],[-446,3441],[-90,1097],[38,1036],[146,910],[169,546],[263,545],[318,475],[1065,1203],[191,591],[49,285],[-20,574],[-389,1551],[-11,370],[358,1591],[8,1167],[103,559],[314,1506],[269,673],[377,521],[1052,923],[430,465],[174,248],[779,1410],[361,462],[1473,1427],[956,834],[678,720],[397,497],[1220,1777],[442,729],[187,360],[733,1811],[137,565],[37,2261],[135,1669],[256,2224],[71,1359],[216,833],[1045,3466],[96,666],[-103,1018],[-159,755],[-2083,7005],[-386,1179],[-356,406],[-2665,2565],[-2100,1964],[-658,559],[-125,159],[-47,174],[5,494],[186,699],[506,1038],[154,453],[627,2163],[301,575],[1003,1429],[177,334],[308,1421],[181,549],[1990,4520],[422,818],[751,1231],[788,932],[316,324],[1128,1617],[1490,1867],[1158,1744],[201,361],[250,659],[254,1979],[-3,297],[-120,464],[-537,1388],[-699,1653],[-465,1365],[-2330,7816],[-372,599],[-401,353],[-1557,1237],[-358,340],[-203,276],[-245,605]],[[40249,26307],[0,0]],[[-6667,-85557],[-12453,158],[-5216,-30],[-9482,290],[-18583,299]],[[-52401,-84840],[-7615,43106],[7,1924],[-1098,4248],[-425,2409],[-560,2680],[-2801,16059]],[[-64893,-14414],[-1018,5404],[-170,1575],[-1674,7993],[-1342,7446],[-3762,19127],[-113,353],[-1193,6311]],[[-74165,33795],[-185,1040]],[[812,26485],[0,0]],[[179635,-26880],[-158,0],[-603,-60419]],[[178874,-87299],[-7389,340],[-1694,35],[-3866,-91],[-14293,152],[-5439,76],[-2202,62],[-41980,294],[-28714,260],[-7521,76],[-710,176],[-21152,54]],[[44494,-25023],[77470,-977],[48726,-753],[5333,-74],[3464,-14],[148,-39]],[[179635,-26880],[0,0]]]}