{"type":"Topology","transform":{"scale":[1.0E-6,1.0E-6],"translate":[-72.01992230403421,42.07004027613081]},"objects":{"MA":{"geometries":[{"arcs":[[8,9,10,11,12,13,14,15,16,17]],"id":663,"type":"Polygon","properties":{"bound":{"minx":-71.99464140351725,"miny":42.02387645786754,"maxx":-71.87899482978042,"maxy":42.09430247527081},"Geoid10":"25027755200"}},{"arcs":[[-7,18,19,20,-5,21,-8,-6,22,23]],"id":869,"type":"Polygon","properties":{"bound":{"minx":-72.09978926399381,"miny":42.026418386995665,"maxx":-71.98843037674295,"maxy":42.09788522048869},"Geoid10":"25027757500"}},{"arcs":[[24,25,-3,26,27]],"id":1225,"type":"Polygon","properties":{"bound":{"minx":-72.27064757021806,"miny":42.029416632766456,"maxx":-72.13498084477918,"maxy":42.0933508930957},"Geoid10":"25013813801"}},{"arcs":[[-4,28,-2,-1,29,30]],"id":1462,"type":"Polygon","properties":{"bound":{"minx":-72.13569783835317,"miny":42.02852921526247,"maxx":-72.06681305606311,"maxy":42.11559374569854},"Geoid10":"25027758101"}}],"type":"GeometryCollection"}},"arcs":[[[-115031,41461],[26,-13227],[-26,-7610]],[[-115031,20624],[-158,0],[-603,-60418]],[[-250172,22481],[-580,-60841]],[[-79888,-41317],[5446,6430],[3047,3433],[2700,3238],[4614,5416],[565,589],[1917,2322],[7021,8222],[3010,5165],[215,450],[2285,3681],[945,1675],[1621,2741]],[[-36671,-1302],[-1181,533],[-281,61],[-213,-47],[-101,-66],[-109,-180],[-468,-1253],[-422,632],[-713,958],[92,214],[-266,-262],[77,244],[-3,101],[-224,947],[-240,722],[-8,137],[80,299]],[[19453,27213],[-230,-381],[-279,-292],[-506,-661],[-329,-752],[-500,-827],[-141,-424],[13,-255],[113,-561],[-700,-158],[-593,-322],[-320,-296],[-610,-906],[-196,-210],[-1263,-997],[-455,-312],[-1571,-933],[-1227,-563],[-1132,-475],[-590,-146],[-2315,-254],[-1730,-32],[-454,-50],[-766,-229],[-518,-258],[-281,-207],[-252,-237],[-1121,-1258],[-620,-933],[-256,-297],[-370,-296],[-771,-467],[-116,-353],[-398,-334],[-280,-379],[-259,-603],[-247,-834]],[[26820,-43112],[-1595,4096],[3452,8359],[2201,5202],[472,5403],[85,338],[341,3450],[51,230],[-37,363],[-253,390],[-544,1067],[-892,881],[-578,485],[-781,485],[-391,143],[-234,872],[20,45],[-1546,6642],[231,3394],[366,3849]],[[-1817,10721],[-218,-510],[-22,-148],[133,-297],[-244,-323],[-74,-373],[-309,-549],[-229,-505],[-604,-883],[205,-685],[-42,-160],[-216,-180],[125,-144],[-10,-91],[-86,-164],[-494,-650],[-990,-1044],[-71,-360],[-15,-380],[-797,59],[-334,131],[546,-654],[-327,-365],[-129,-213],[-721,-1679],[-1904,342],[-416,185],[-323,-403],[-685,-548],[-368,-252],[-567,-553],[-347,-258],[-574,-269],[-840,-192],[-456,-10],[-648,-66],[-494,-137],[-603,-395],[-325,-384],[-309,-241],[-420,-543],[-155,-126],[-239,-66]],[[138413,5852],[2426,-7716]],[[140839,-1864],[105,-418],[-86,-374],[-34,-434],[271,-792],[-13,-140],[-278,-934]],[[140804,-4956],[-170,-565],[-321,-624],[-224,-153],[-181,-65],[-203,-210],[-394,-23],[-708,-397],[-456,-194],[-226,-130],[-221,-257],[-74,-281],[-3,-323]],[[137623,-8178],[-76,-36],[-294,-43],[-7,-48],[-308,-3312],[-60,-996],[54,-2081],[-63,-355],[-351,-784],[-6610,1731],[-501,160],[-423,385],[-549,362],[-18,83],[-84,97],[-560,490],[-533,179],[-131,29],[-134,-7],[-352,213],[-297,-24],[-623,-151],[-333,-30],[-552,14],[-258,91],[-275,262],[-161,107],[-173,56],[-240,6],[-1338,-153],[-234,-58],[-152,-87],[-381,-298],[-379,-388],[-226,-658],[-108,-182],[-233,-209],[-260,-145],[-1729,-440],[-3484,-1116],[-2449,-849],[-469,-79],[-1030,-35],[197,-356],[63,-270],[-150,-802],[-6,-1148],[57,-413],[79,-167],[207,-261],[662,-612],[-542,-231],[-880,-307],[625,-335],[228,-384],[162,-450],[15,-384],[66,-230],[154,-291],[280,-253],[169,-373],[-59,-526],[95,-286],[478,-686],[317,-345],[169,-160],[552,-400],[169,-28],[140,11],[405,148],[103,11],[81,104],[125,72],[30,88],[184,137],[184,33],[397,-34],[366,5],[374,-107],[297,-136],[408,-319],[41,-87],[-179,-71],[445,-207],[-1253,-3338],[736,96],[508,-39],[787,-192],[743,-291],[846,-406],[287,-357],[133,-82],[375,-99],[780,-769],[412,-263],[353,-88],[456,22],[677,-116],[390,-126],[339,-187],[220,-148],[398,-357],[750,-828],[294,-121],[258,-22],[250,137],[162,197],[30,99],[162,198],[125,87],[125,181],[66,143],[67,373],[-66,433],[44,264],[273,565],[464,713],[140,126],[250,93],[427,6],[817,-182],[81,-55],[132,-296],[103,-615],[243,-301],[198,-171],[446,-221],[24,21]],[[130799,-32443],[-96,-678],[-258,-912],[24,-321],[388,-1258],[209,-476],[740,-1180],[92,-114],[292,-170],[57,-79],[25,-316],[-27,-151],[-135,-294],[-164,-185],[19,-258],[239,-501],[202,-289],[80,-70],[333,-120],[101,-154],[94,-521],[-22,-373],[-55,-129],[-116,-120],[-227,-76],[-19,-37],[113,-566],[625,-967],[209,-226],[772,-1414],[540,-628],[210,-98],[366,4],[235,-196],[971,-415]],[[136616,-45731],[-498,43],[-603,-52],[-3572,123],[-2801,-55],[-30163,772],[-15982,364],[-969,49],[-2023,31],[-6634,242],[-5527,79],[-2206,143],[-3665,48],[-9447,211],[-3955,222],[-7271,95],[-9058,260],[-5422,44]],[[26820,-43112],[-1595,4096],[3452,8359],[2201,5202],[472,5403],[85,338],[341,3450],[51,230],[-37,363],[-253,390],[-544,1067],[-892,881],[-578,485],[-781,485],[-391,143],[-234,872],[20,45],[-1546,6642],[231,3394],[366,3849]],[[27188,2582],[19733,4367],[36198,8127],[27568,6144]],[[110687,21220],[14122,2987],[3974,-21516],[9630,3161]],[[138413,5852],[0,0]],[[26820,-43112],[-5232,64],[-1184,-32],[-6462,-44],[-4134,45],[-230,38],[-2914,57],[-10485,-54],[-9020,157],[-9715,210],[-10359,28],[-6912,-56],[-3746,6],[-9930,215],[-8340,469],[-3005,61],[-1063,52],[-4571,127],[-9406,452]],[[-79888,-41317],[5446,6430],[3047,3433],[2700,3238],[4614,5416],[565,589],[1917,2322],[7021,8222],[3010,5165],[215,450],[2285,3681],[945,1675],[1621,2741]],[[-46502,2045],[663,60],[1642,571],[176,38],[361,22],[295,-44],[449,-142],[361,-242],[471,-197],[339,-99],[626,-346],[243,-33],[225,105]],[[-36671,-1302],[768,-421],[949,-705],[496,-298],[179,-57],[230,-24],[664,48],[563,-121],[966,-770],[973,-378],[328,-9],[654,61],[356,66],[388,197],[275,192],[1938,-756],[169,-668],[39,-912],[933,186],[1882,-509],[706,-224],[417,14],[2326,576],[279,26],[447,-20],[1858,-396],[20,301],[152,344],[151,238],[855,821],[136,191],[141,433],[20,514]],[[19453,27213],[2237,589],[205,-571],[1948,-9994],[2200,242],[-994,-2160],[1514,329],[696,-2544],[-3924,-1022],[842,-4673],[3244,737],[-200,-3297],[-33,-2267]],[[27188,2582],[0,0]],[[-115031,20624],[-158,0],[-603,-60418]],[[-115792,-39794],[-7389,340],[-1694,35],[-3866,-91],[-14293,152],[-5439,76],[-2202,62],[-41980,294],[-28714,260],[-7521,76],[-710,176],[-21152,54]],[[-250172,22481],[77470,-977],[48726,-753],[5333,-74],[3464,-14],[148,-39]],[[-115031,20624],[0,0]],[[-79888,-41317],[-2255,73],[-4323,274],[-12178,553],[-5442,153],[-511,-16],[-1607,50],[-4988,251],[-4600,185]],[[-115031,41461],[423,205],[2800,345],[59,-61],[36,-538],[155,-746],[29,-104],[184,-291],[169,-93],[899,-215],[66,-38],[148,-126],[80,-143],[44,-220],[162,-27],[273,-203],[228,10],[59,33],[155,242],[52,33],[184,-33],[155,120],[96,-5],[169,-148],[52,-11],[45,28],[43,103],[-162,242],[-29,214],[96,-6],[37,-44],[323,-878],[110,-82],[317,-121],[545,-22],[96,-28],[339,-351],[950,328],[494,296],[160,65],[405,88],[310,-22],[612,-192],[66,-60],[317,-697],[81,-110],[251,-186],[332,-186],[295,-94],[302,-10],[339,87],[471,248],[663,455],[486,560],[287,181],[965,319],[132,0],[384,-126],[280,-33],[191,50],[162,87],[192,165],[73,220],[0,543],[37,142],[574,846],[331,323],[88,132],[-22,203],[-192,285],[-59,220],[-15,318],[29,220],[155,482],[250,412],[199,615],[117,159],[251,197],[206,88],[486,17],[236,148],[169,22],[1032,-76],[582,-115],[259,-192],[213,-379],[133,-93],[1452,-312],[509,-142],[1525,-472],[1076,-416],[413,-88],[523,115],[361,17],[398,-104],[899,-104],[1614,-406],[177,-120],[44,-401],[82,-175],[309,-209],[981,-565],[294,-230],[420,-175],[288,60],[257,263],[96,50],[243,5],[848,-93],[413,-5],[353,60],[744,198],[487,11],[1063,-726],[333,58],[518,32],[1862,-98],[166,58],[46,78],[8,291],[-73,151],[4496,996],[980,105],[93,-73],[562,-190],[1228,-357],[504,-105],[511,-150],[866,-402],